Workbook

Sheet Export
B1: Export ATO Decay Curves
B3: =ATODecayCurves!B8 -> ;min | C3: =ATODecayCurves!C8 -> auto | D3: =ATODecayCurves!D8 -> w_transit | E3: =ATODecayCurves!E8 -> d_transit | F3: =ATODecayCurves!F8 -> bike | G3: =ATODecayCurves!G8 -> walk
B4: =ATODecayCurves!B9 -> 0 | C4: =ATODecayCurves!C9 -> 1 | D4: =ATODecayCurves!D9 -> 1 | E4: =ATODecayCurves!E9 -> 0 | F4: =ATODecayCurves!F9 -> 1 | G4: =ATODecayCurves!G9 -> 1
B5: =ATODecayCurves!B10 -> 1 | C5: =ATODecayCurves!C10 -> 1 | D5: =ATODecayCurves!D10 -> 1 | E5: =ATODecayCurves!E10 -> 0 | F5: =ATODecayCurves!F10 -> 1 | G5: =ATODecayCurves!G10 -> 1
B6: =ATODecayCurves!B11 -> 2 | C6: =ATODecayCurves!C11 -> 1 | D6: =ATODecayCurves!D11 -> 1 | E6: =ATODecayCurves!E11 -> 0 | F6: =ATODecayCurves!F11 -> 1 | G6: =ATODecayCurves!G11 -> 1
B7: =ATODecayCurves!B12 -> 3 | C7: =ATODecayCurves!C12 -> 1 | D7: =ATODecayCurves!D12 -> 1 | E7: =ATODecayCurves!E12 -> 0 | F7: =ATODecayCurves!F12 -> 1 | G7: =ATODecayCurves!G12 -> 1
B8: =ATODecayCurves!B13 -> 4 | C8: =ATODecayCurves!C13 -> 1 | D8: =ATODecayCurves!D13 -> 1 | E8: =ATODecayCurves!E13 -> 0 | F8: =ATODecayCurves!F13 -> 1 | G8: =ATODecayCurves!G13 -> 1
B9: =ATODecayCurves!B14 -> 5 | C9: =ATODecayCurves!C14 -> 1 | D9: =ATODecayCurves!D14 -> 1 | E9: =ATODecayCurves!E14 -> 0 | F9: =ATODecayCurves!F14 -> 1 | G9: =ATODecayCurves!G14 -> 1
B10: =ATODecayCurves!B15 -> 6 | C10: =ATODecayCurves!C15 -> 1 | D10: =ATODecayCurves!D15 -> 1 | E10: =ATODecayCurves!E15 -> 0 | F10: =ATODecayCurves!F15 -> 1 | G10: =ATODecayCurves!G15 -> 1
B11: =ATODecayCurves!B16 -> 7 | C11: =ATODecayCurves!C16 -> 1 | D11: =ATODecayCurves!D16 -> 1 | E11: =ATODecayCurves!E16 -> 0 | F11: =ATODecayCurves!F16 -> 1 | G11: =ATODecayCurves!G16 -> 1
B12: =ATODecayCurves!B17 -> 8 | C12: =ATODecayCurves!C17 -> 1 | D12: =ATODecayCurves!D17 -> 1 | E12: =ATODecayCurves!E17 -> 0 | F12: =ATODecayCurves!F17 -> 1 | G12: =ATODecayCurves!G17 -> 1
B13: =ATODecayCurves!B18 -> 9 | C13: =ATODecayCurves!C18 -> 1 | D13: =ATODecayCurves!D18 -> 1 | E13: =ATODecayCurves!E18 -> 0 | F13: =ATODecayCurves!F18 -> 1 | G13: =ATODecayCurves!G18 -> 1
B14: =ATODecayCurves!B19 -> 10 | C14: =ATODecayCurves!C19 -> 1 | D14: =ATODecayCurves!D19 -> 1 | E14: =ATODecayCurves!E19 -> 0 | F14: =ATODecayCurves!F19 -> 1 | G14: =ATODecayCurves!G19 -> 1
... B105: =ATODecayCurves!B110 -> 100 | C105: =ATODecayCurves!C110 -> 0 | D105: =ATODecayCurves!D110 -> 0 | E105: =ATODecayCurves!E110 -> 0 | F105: =ATODecayCurves!F110 -> 0 | G105: =ATODecayCurves!G110 -> 0

Sheet ATODecayCurves
B1: Calculate ATO Decay Curves
B3: parameters:
C4: auto | D4: w_transit | E4: d_transit | F4: bike | G4: walk
B5: min | C5: 10 | D5: 10 | E5: 20 | F5: 10 | G5: 10
B6: max | C6: 40 | D6: 60 | E6: =D6 -> 60 | F6: 30 | G6: 20
B8: ;min | C8: auto | D8: w_transit | E8: d_transit | F8: bike | G8: walk
B9: 0 | C9: =ROUND(IF($B9<=C$5, 1, IF($B9>=C$6, 0, (0-1)/(C$6-C$5)*($B9-$B8)+C8)), 4) -> 1 | D9: =ROUND(IF($B9<=D$5, 1, IF($B9>=D$6, 0, (0-1)/(D$6-D$5)*($B9-$B8)+D8)), 4) -> 1 | E9: =ROUND(IF($B9<E$5, 0, IF($B9>=E$6, 0, D9/2)), 4) -> 0 | F9: =ROUND(IF($B9<=F$5, 1, IF($B9>=F$6, 0, (0-1)/(F$6-F$5)*($B9-$B8)+F8)), 4) -> 1 | G9: =ROUND(IF($B9<=G$5, 1, IF($B9>=G$6, 0, (0-1)/(G$6-G$5)*($B9-$B8)+G8)), 4) -> 1
B10: 1 | C10: =ROUND(IF($B10<=C$5, 1, IF($B10>=C$6, 0, (0-1)/(C$6-C$5)*($B10-$B9)+C9)), 4) -> 1 | D10: =ROUND(IF($B10<=D$5, 1, IF($B10>=D$6, 0, (0-1)/(D$6-D$5)*($B10-$B9)+D9)), 4) -> 1 | E10: =ROUND(IF($B10<E$5, 0, IF($B10>=E$6, 0, D10/2)), 4) -> 0 | F10: =ROUND(IF($B10<=F$5, 1, IF($B10>=F$6, 0, (0-1)/(F$6-F$5)*($B10-$B9)+F9)), 4) -> 1 | G10: =ROUND(IF($B10<=G$5, 1, IF($B10>=G$6, 0, (0-1)/(G$6-G$5)*($B10-$B9)+G9)), 4) -> 1
B11: 2 | C11: =ROUND(IF($B11<=C$5, 1, IF($B11>=C$6, 0, (0-1)/(C$6-C$5)*($B11-$B10)+C10)), 4) -> 1 | D11: =ROUND(IF($B11<=D$5, 1, IF($B11>=D$6, 0, (0-1)/(D$6-D$5)*($B11-$B10)+D10)), 4) -> 1 | E11: =ROUND(IF($B11<E$5, 0, IF($B11>=E$6, 0, D11/2)), 4) -> 0 | F11: =ROUND(IF($B11<=F$5, 1, IF($B11>=F$6, 0, (0-1)/(F$6-F$5)*($B11-$B10)+F10)), 4) -> 1 | G11: =ROUND(IF($B11<=G$5, 1, IF($B11>=G$6, 0, (0-1)/(G$6-G$5)*($B11-$B10)+G10)), 4) -> 1
B12: 3 | C12: =ROUND(IF($B12<=C$5, 1, IF($B12>=C$6, 0, (0-1)/(C$6-C$5)*($B12-$B11)+C11)), 4) -> 1 | D12: =ROUND(IF($B12<=D$5, 1, IF($B12>=D$6, 0, (0-1)/(D$6-D$5)*($B12-$B11)+D11)), 4) -> 1 | E12: =ROUND(IF($B12<E$5, 0, IF($B12>=E$6, 0, D12/2)), 4) -> 0 | F12: =ROUND(IF($B12<=F$5, 1, IF($B12>=F$6, 0, (0-1)/(F$6-F$5)*($B12-$B11)+F11)), 4) -> 1 | G12: =ROUND(IF($B12<=G$5, 1, IF($B12>=G$6, 0, (0-1)/(G$6-G$5)*($B12-$B11)+G11)), 4) -> 1
B13: 4 | C13: =ROUND(IF($B13<=C$5, 1, IF($B13>=C$6, 0, (0-1)/(C$6-C$5)*($B13-$B12)+C12)), 4) -> 1 | D13: =ROUND(IF($B13<=D$5, 1, IF($B13>=D$6, 0, (0-1)/(D$6-D$5)*($B13-$B12)+D12)), 4) -> 1 | E13: =ROUND(IF($B13<E$5, 0, IF($B13>=E$6, 0, D13/2)), 4) -> 0 | F13: =ROUND(IF($B13<=F$5, 1, IF($B13>=F$6, 0, (0-1)/(F$6-F$5)*($B13-$B12)+F12)), 4) -> 1 | G13: =ROUND(IF($B13<=G$5, 1, IF($B13>=G$6, 0, (0-1)/(G$6-G$5)*($B13-$B12)+G12)), 4) -> 1
B14: 5 | C14: =ROUND(IF($B14<=C$5, 1, IF($B14>=C$6, 0, (0-1)/(C$6-C$5)*($B14-$B13)+C13)), 4) -> 1 | D14: =ROUND(IF($B14<=D$5, 1, IF($B14>=D$6, 0, (0-1)/(D$6-D$5)*($B14-$B13)+D13)), 4) -> 1 | E14: =ROUND(IF($B14<E$5, 0, IF($B14>=E$6, 0, D14/2)), 4) -> 0 | F14: =ROUND(IF($B14<=F$5, 1, IF($B14>=F$6, 0, (0-1)/(F$6-F$5)*($B14-$B13)+F13)), 4) -> 1 | G14: =ROUND(IF($B14<=G$5, 1, IF($B14>=G$6, 0, (0-1)/(G$6-G$5)*($B14-$B13)+G13)), 4) -> 1
B15: 6 | C15: =ROUND(IF($B15<=C$5, 1, IF($B15>=C$6, 0, (0-1)/(C$6-C$5)*($B15-$B14)+C14)), 4) -> 1 | D15: =ROUND(IF($B15<=D$5, 1, IF($B15>=D$6, 0, (0-1)/(D$6-D$5)*($B15-$B14)+D14)), 4) -> 1 | E15: =ROUND(IF($B15<E$5, 0, IF($B15>=E$6, 0, D15/2)), 4) -> 0 | F15: =ROUND(IF($B15<=F$5, 1, IF($B15>=F$6, 0, (0-1)/(F$6-F$5)*($B15-$B14)+F14)), 4) -> 1 | G15: =ROUND(IF($B15<=G$5, 1, IF($B15>=G$6, 0, (0-1)/(G$6-G$5)*($B15-$B14)+G14)), 4) -> 1
B16: 7 | C16: =ROUND(IF($B16<=C$5, 1, IF($B16>=C$6, 0, (0-1)/(C$6-C$5)*($B16-$B15)+C15)), 4) -> 1 | D16: =ROUND(IF($B16<=D$5, 1, IF($B16>=D$6, 0, (0-1)/(D$6-D$5)*($B16-$B15)+D15)), 4) -> 1 | E16: =ROUND(IF($B16<E$5, 0, IF($B16>=E$6, 0, D16/2)), 4) -> 0 | F16: =ROUND(IF($B16<=F$5, 1, IF($B16>=F$6, 0, (0-1)/(F$6-F$5)*($B16-$B15)+F15)), 4) -> 1 | G16: =ROUND(IF($B16<=G$5, 1, IF($B16>=G$6, 0, (0-1)/(G$6-G$5)*($B16-$B15)+G15)), 4) -> 1
B17: 8 | C17: =ROUND(IF($B17<=C$5, 1, IF($B17>=C$6, 0, (0-1)/(C$6-C$5)*($B17-$B16)+C16)), 4) -> 1 | D17: =ROUND(IF($B17<=D$5, 1, IF($B17>=D$6, 0, (0-1)/(D$6-D$5)*($B17-$B16)+D16)), 4) -> 1 | E17: =ROUND(IF($B17<E$5, 0, IF($B17>=E$6, 0, D17/2)), 4) -> 0 | F17: =ROUND(IF($B17<=F$5, 1, IF($B17>=F$6, 0, (0-1)/(F$6-F$5)*($B17-$B16)+F16)), 4) -> 1 | G17: =ROUND(IF($B17<=G$5, 1, IF($B17>=G$6, 0, (0-1)/(G$6-G$5)*($B17-$B16)+G16)), 4) -> 1
B18: 9 | C18: =ROUND(IF($B18<=C$5, 1, IF($B18>=C$6, 0, (0-1)/(C$6-C$5)*($B18-$B17)+C17)), 4) -> 1 | D18: =ROUND(IF($B18<=D$5, 1, IF($B18>=D$6, 0, (0-1)/(D$6-D$5)*($B18-$B17)+D17)), 4) -> 1 | E18: =ROUND(IF($B18<E$5, 0, IF($B18>=E$6, 0, D18/2)), 4) -> 0 | F18: =ROUND(IF($B18<=F$5, 1, IF($B18>=F$6, 0, (0-1)/(F$6-F$5)*($B18-$B17)+F17)), 4) -> 1 | G18: =ROUND(IF($B18<=G$5, 1, IF($B18>=G$6, 0, (0-1)/(G$6-G$5)*($B18-$B17)+G17)), 4) -> 1
B19: 10 | C19: =ROUND(IF($B19<=C$5, 1, IF($B19>=C$6, 0, (0-1)/(C$6-C$5)*($B19-$B18)+C18)), 4) -> 1 | D19: =ROUND(IF($B19<=D$5, 1, IF($B19>=D$6, 0, (0-1)/(D$6-D$5)*($B19-$B18)+D18)), 4) -> 1 | E19: =ROUND(IF($B19<E$5, 0, IF($B19>=E$6, 0, D19/2)), 4) -> 0 | F19: =ROUND(IF($B19<=F$5, 1, IF($B19>=F$6, 0, (0-1)/(F$6-F$5)*($B19-$B18)+F18)), 4) -> 1 | G19: =ROUND(IF($B19<=G$5, 1, IF($B19>=G$6, 0, (0-1)/(G$6-G$5)*($B19-$B18)+G18)), 4) -> 1
B20: 11 | C20: =ROUND(IF($B20<=C$5, 1, IF($B20>=C$6, 0, (0-1)/(C$6-C$5)*($B20-$B19)+C19)), 4) -> 0.9667 | D20: =ROUND(IF($B20<=D$5, 1, IF($B20>=D$6, 0, (0-1)/(D$6-D$5)*($B20-$B19)+D19)), 4) -> 0.98 | E20: =ROUND(IF($B20<E$5, 0, IF($B20>=E$6, 0, D20/2)), 4) -> 0 | F20: =ROUND(IF($B20<=F$5, 1, IF($B20>=F$6, 0, (0-1)/(F$6-F$5)*($B20-$B19)+F19)), 4) -> 0.95 | G20: =ROUND(IF($B20<=G$5, 1, IF($B20>=G$6, 0, (0-1)/(G$6-G$5)*($B20-$B19)+G19)), 4) -> 0.9
... B110: 100 | C110: =ROUND(IF($B110<=C$5, 1, IF($B110>=C$6, 0, (0-1)/(C$6-C$5)*($B110-$B109)+C109)), 4) -> 0 | D110: =ROUND(IF($B110<=D$5, 1, IF($B110>=D$6, 0, (0-1)/(D$6-D$5)*($B110-$B109)+D109)), 4) -> 0 | E110: =ROUND(IF($B110<E$5, 0, IF($B110>=E$6, 0, D110/2)), 4) -> 0 | F110: =ROUND(IF($B110<=F$5, 1, IF($B110>=F$6, 0, (0-1)/(F$6-F$5)*($B110-$B109)+F109)), 4) -> 0 | G110: =ROUND(IF($B110<=G$5, 1, IF($B110>=G$6, 0, (0-1)/(G$6-G$5)*($B110-$B109)+G109)), 4) -> 0
