Workbook

Sheet Export_ControlTot
A1: ;YEAR | B1: BYU | C1: ENSIGN | D1: SLCC_MAIN | E1: SLCC_JD | F1: SLCC_ML | G1: SLCC_SC | H1: UOFU_Main | I1: UVU_Main | J1: UVU_Lehi | K1: UVU_Payson | L1: UVU_Vineyard | M1: WSU_Main | N1: WSU_Davis | O1: WESTMIN
A2: 1990 | B2: =INDEX('Campus Enrol Disaggregation'!$P$5:$AC$65,MATCH(Export_ControlTot!$A2,'Campus Enrol Disaggregation'!$O$5:$O$65,0),MATCH(B$1,'Campus Enrol Disaggregation'!$P$4:$AC$4,0)) -> 30450 | C2: =INDEX('Campus Enrol Disaggregation'!$P$5:$AC$65,MATCH(Export_ControlTot!$A2,'Campus Enrol Disaggregation'!$O$5:$O$65,0),MATCH(C$1,'Campus Enrol Disaggregation'!$P$4:$AC$4,0)) -> 0 | D2: =INDEX('Campus Enrol Disaggregation'!$P$5:$AC$65,MATCH(Export_ControlTot!$A2,'Campus Enrol Disaggregation'!$O$5:$O$65,0),MATCH(D$1,'Campus Enrol Disaggregation'!$P$4:$AC$4,0)) -> 7050 | E2: =INDEX('Campus Enrol Disaggregation'!$P$5:$AC$65,MATCH(Export_ControlTot!$A2,'Campus Enrol Disaggregation'!$O$5:$O$65,0),MATCH(E$1,'Campus Enrol Disaggregation'!$P$4:$AC$4,0)) -> 2450 | F2: =INDEX('Campus Enrol Disaggregation'!$P$5:$AC$65,MATCH(Export_ControlTot!$A2,'Campus Enrol Disaggregation'!$O$5:$O$65,0),MATCH(F$1,'Campus Enrol Disaggregation'!$P$4:$AC$4,0)) -> 600 | G2: =INDEX('Campus Enrol Disaggregation'!$P$5:$AC$65,MATCH(Export_ControlTot!$A2,'Campus Enrol Disaggregation'!$O$5:$O$65,0),MATCH(G$1,'Campus Enrol Disaggregation'!$P$4:$AC$4,0)) -> 2200 | H2: =INDEX('Campus Enrol Disaggregation'!$P$5:$AC$65,MATCH(Export_ControlTot!$A2,'Campus Enrol Disaggregation'!$O$5:$O$65,0),MATCH(H$1,'Campus Enrol Disaggregation'!$P$4:$AC$4,0)) -> 23650 | I2: =INDEX('Campus Enrol Disaggregation'!$P$5:$AC$65,MATCH(Export_ControlTot!$A2,'Campus Enrol Disaggregation'!$O$5:$O$65,0),MATCH(I$1,'Campus Enrol Disaggregation'!$P$4:$AC$4,0)) -> 7900 | ... O2: =INDEX('Campus Enrol Disaggregation'!$P$5:$AC$65,MATCH(Export_ControlTot!$A2,'Campus Enrol Disaggregation'!$O$5:$O$65,0),MATCH(O$1,'Campus Enrol Disaggregation'!$P$4:$AC$4,0)) -> 0
A3: 1991 | B3: =INDEX('Campus Enrol Disaggregation'!$P$5:$AC$65,MATCH(Export_ControlTot!$A3,'Campus Enrol Disaggregation'!$O$5:$O$65,0),MATCH(B$1,'Campus Enrol Disaggregation'!$P$4:$AC$4,0)) -> 31100 | C3: =INDEX('Campus Enrol Disaggregation'!$P$5:$AC$65,MATCH(Export_ControlTot!$A3,'Campus Enrol Disaggregation'!$O$5:$O$65,0),MATCH(C$1,'Campus Enrol Disaggregation'!$P$4:$AC$4,0)) -> 0 | D3: =INDEX('Campus Enrol Disaggregation'!$P$5:$AC$65,MATCH(Export_ControlTot!$A3,'Campus Enrol Disaggregation'!$O$5:$O$65,0),MATCH(D$1,'Campus Enrol Disaggregation'!$P$4:$AC$4,0)) -> 8450 | E3: =INDEX('Campus Enrol Disaggregation'!$P$5:$AC$65,MATCH(Export_ControlTot!$A3,'Campus Enrol Disaggregation'!$O$5:$O$65,0),MATCH(E$1,'Campus Enrol Disaggregation'!$P$4:$AC$4,0)) -> 2950 | F3: =INDEX('Campus Enrol Disaggregation'!$P$5:$AC$65,MATCH(Export_ControlTot!$A3,'Campus Enrol Disaggregation'!$O$5:$O$65,0),MATCH(F$1,'Campus Enrol Disaggregation'!$P$4:$AC$4,0)) -> 750 | G3: =INDEX('Campus Enrol Disaggregation'!$P$5:$AC$65,MATCH(Export_ControlTot!$A3,'Campus Enrol Disaggregation'!$O$5:$O$65,0),MATCH(G$1,'Campus Enrol Disaggregation'!$P$4:$AC$4,0)) -> 2600 | H3: =INDEX('Campus Enrol Disaggregation'!$P$5:$AC$65,MATCH(Export_ControlTot!$A3,'Campus Enrol Disaggregation'!$O$5:$O$65,0),MATCH(H$1,'Campus Enrol Disaggregation'!$P$4:$AC$4,0)) -> 24900 | I3: =INDEX('Campus Enrol Disaggregation'!$P$5:$AC$65,MATCH(Export_ControlTot!$A3,'Campus Enrol Disaggregation'!$O$5:$O$65,0),MATCH(I$1,'Campus Enrol Disaggregation'!$P$4:$AC$4,0)) -> 8800 | ... O3: =INDEX('Campus Enrol Disaggregation'!$P$5:$AC$65,MATCH(Export_ControlTot!$A3,'Campus Enrol Disaggregation'!$O$5:$O$65,0),MATCH(O$1,'Campus Enrol Disaggregation'!$P$4:$AC$4,0)) -> 0
A4: 1992 | B4: =INDEX('Campus Enrol Disaggregation'!$P$5:$AC$65,MATCH(Export_ControlTot!$A4,'Campus Enrol Disaggregation'!$O$5:$O$65,0),MATCH(B$1,'Campus Enrol Disaggregation'!$P$4:$AC$4,0)) -> 31100 | C4: =INDEX('Campus Enrol Disaggregation'!$P$5:$AC$65,MATCH(Export_ControlTot!$A4,'Campus Enrol Disaggregation'!$O$5:$O$65,0),MATCH(C$1,'Campus Enrol Disaggregation'!$P$4:$AC$4,0)) -> 0 | D4: =INDEX('Campus Enrol Disaggregation'!$P$5:$AC$65,MATCH(Export_ControlTot!$A4,'Campus Enrol Disaggregation'!$O$5:$O$65,0),MATCH(D$1,'Campus Enrol Disaggregation'!$P$4:$AC$4,0)) -> 9400 | E4: =INDEX('Campus Enrol Disaggregation'!$P$5:$AC$65,MATCH(Export_ControlTot!$A4,'Campus Enrol Disaggregation'!$O$5:$O$65,0),MATCH(E$1,'Campus Enrol Disaggregation'!$P$4:$AC$4,0)) -> 3300 | F4: =INDEX('Campus Enrol Disaggregation'!$P$5:$AC$65,MATCH(Export_ControlTot!$A4,'Campus Enrol Disaggregation'!$O$5:$O$65,0),MATCH(F$1,'Campus Enrol Disaggregation'!$P$4:$AC$4,0)) -> 800 | G4: =INDEX('Campus Enrol Disaggregation'!$P$5:$AC$65,MATCH(Export_ControlTot!$A4,'Campus Enrol Disaggregation'!$O$5:$O$65,0),MATCH(G$1,'Campus Enrol Disaggregation'!$P$4:$AC$4,0)) -> 2900 | H4: =INDEX('Campus Enrol Disaggregation'!$P$5:$AC$65,MATCH(Export_ControlTot!$A4,'Campus Enrol Disaggregation'!$O$5:$O$65,0),MATCH(H$1,'Campus Enrol Disaggregation'!$P$4:$AC$4,0)) -> 25200 | I4: =INDEX('Campus Enrol Disaggregation'!$P$5:$AC$65,MATCH(Export_ControlTot!$A4,'Campus Enrol Disaggregation'!$O$5:$O$65,0),MATCH(I$1,'Campus Enrol Disaggregation'!$P$4:$AC$4,0)) -> 9600 | ... O4: =INDEX('Campus Enrol Disaggregation'!$P$5:$AC$65,MATCH(Export_ControlTot!$A4,'Campus Enrol Disaggregation'!$O$5:$O$65,0),MATCH(O$1,'Campus Enrol Disaggregation'!$P$4:$AC$4,0)) -> 0
A5: 1993 | B5: =INDEX('Campus Enrol Disaggregation'!$P$5:$AC$65,MATCH(Export_ControlTot!$A5,'Campus Enrol Disaggregation'!$O$5:$O$65,0),MATCH(B$1,'Campus Enrol Disaggregation'!$P$4:$AC$4,0)) -> 30550 | C5: =INDEX('Campus Enrol Disaggregation'!$P$5:$AC$65,MATCH(Export_ControlTot!$A5,'Campus Enrol Disaggregation'!$O$5:$O$65,0),MATCH(C$1,'Campus Enrol Disaggregation'!$P$4:$AC$4,0)) -> 0 | D5: =INDEX('Campus Enrol Disaggregation'!$P$5:$AC$65,MATCH(Export_ControlTot!$A5,'Campus Enrol Disaggregation'!$O$5:$O$65,0),MATCH(D$1,'Campus Enrol Disaggregation'!$P$4:$AC$4,0)) -> 9650 | E5: =INDEX('Campus Enrol Disaggregation'!$P$5:$AC$65,MATCH(Export_ControlTot!$A5,'Campus Enrol Disaggregation'!$O$5:$O$65,0),MATCH(E$1,'Campus Enrol Disaggregation'!$P$4:$AC$4,0)) -> 3400 | F5: =INDEX('Campus Enrol Disaggregation'!$P$5:$AC$65,MATCH(Export_ControlTot!$A5,'Campus Enrol Disaggregation'!$O$5:$O$65,0),MATCH(F$1,'Campus Enrol Disaggregation'!$P$4:$AC$4,0)) -> 850 | G5: =INDEX('Campus Enrol Disaggregation'!$P$5:$AC$65,MATCH(Export_ControlTot!$A5,'Campus Enrol Disaggregation'!$O$5:$O$65,0),MATCH(G$1,'Campus Enrol Disaggregation'!$P$4:$AC$4,0)) -> 3000 | H5: =INDEX('Campus Enrol Disaggregation'!$P$5:$AC$65,MATCH(Export_ControlTot!$A5,'Campus Enrol Disaggregation'!$O$5:$O$65,0),MATCH(H$1,'Campus Enrol Disaggregation'!$P$4:$AC$4,0)) -> 25300 | I5: =INDEX('Campus Enrol Disaggregation'!$P$5:$AC$65,MATCH(Export_ControlTot!$A5,'Campus Enrol Disaggregation'!$O$5:$O$65,0),MATCH(I$1,'Campus Enrol Disaggregation'!$P$4:$AC$4,0)) -> 10500 | ... O5: =INDEX('Campus Enrol Disaggregation'!$P$5:$AC$65,MATCH(Export_ControlTot!$A5,'Campus Enrol Disaggregation'!$O$5:$O$65,0),MATCH(O$1,'Campus Enrol Disaggregation'!$P$4:$AC$4,0)) -> 0
A6: 1994 | B6: =INDEX('Campus Enrol Disaggregation'!$P$5:$AC$65,MATCH(Export_ControlTot!$A6,'Campus Enrol Disaggregation'!$O$5:$O$65,0),MATCH(B$1,'Campus Enrol Disaggregation'!$P$4:$AC$4,0)) -> 30400 | C6: =INDEX('Campus Enrol Disaggregation'!$P$5:$AC$65,MATCH(Export_ControlTot!$A6,'Campus Enrol Disaggregation'!$O$5:$O$65,0),MATCH(C$1,'Campus Enrol Disaggregation'!$P$4:$AC$4,0)) -> 0 | D6: =INDEX('Campus Enrol Disaggregation'!$P$5:$AC$65,MATCH(Export_ControlTot!$A6,'Campus Enrol Disaggregation'!$O$5:$O$65,0),MATCH(D$1,'Campus Enrol Disaggregation'!$P$4:$AC$4,0)) -> 10250 | E6: =INDEX('Campus Enrol Disaggregation'!$P$5:$AC$65,MATCH(Export_ControlTot!$A6,'Campus Enrol Disaggregation'!$O$5:$O$65,0),MATCH(E$1,'Campus Enrol Disaggregation'!$P$4:$AC$4,0)) -> 3600 | F6: =INDEX('Campus Enrol Disaggregation'!$P$5:$AC$65,MATCH(Export_ControlTot!$A6,'Campus Enrol Disaggregation'!$O$5:$O$65,0),MATCH(F$1,'Campus Enrol Disaggregation'!$P$4:$AC$4,0)) -> 900 | G6: =INDEX('Campus Enrol Disaggregation'!$P$5:$AC$65,MATCH(Export_ControlTot!$A6,'Campus Enrol Disaggregation'!$O$5:$O$65,0),MATCH(G$1,'Campus Enrol Disaggregation'!$P$4:$AC$4,0)) -> 3200 | H6: =INDEX('Campus Enrol Disaggregation'!$P$5:$AC$65,MATCH(Export_ControlTot!$A6,'Campus Enrol Disaggregation'!$O$5:$O$65,0),MATCH(H$1,'Campus Enrol Disaggregation'!$P$4:$AC$4,0)) -> 24950 | I6: =INDEX('Campus Enrol Disaggregation'!$P$5:$AC$65,MATCH(Export_ControlTot!$A6,'Campus Enrol Disaggregation'!$O$5:$O$65,0),MATCH(I$1,'Campus Enrol Disaggregation'!$P$4:$AC$4,0)) -> 13300 | ... O6: =INDEX('Campus Enrol Disaggregation'!$P$5:$AC$65,MATCH(Export_ControlTot!$A6,'Campus Enrol Disaggregation'!$O$5:$O$65,0),MATCH(O$1,'Campus Enrol Disaggregation'!$P$4:$AC$4,0)) -> 0
A7: 1995 | B7: =INDEX('Campus Enrol Disaggregation'!$P$5:$AC$65,MATCH(Export_ControlTot!$A7,'Campus Enrol Disaggregation'!$O$5:$O$65,0),MATCH(B$1,'Campus Enrol Disaggregation'!$P$4:$AC$4,0)) -> 30450 | C7: =INDEX('Campus Enrol Disaggregation'!$P$5:$AC$65,MATCH(Export_ControlTot!$A7,'Campus Enrol Disaggregation'!$O$5:$O$65,0),MATCH(C$1,'Campus Enrol Disaggregation'!$P$4:$AC$4,0)) -> 0 | D7: =INDEX('Campus Enrol Disaggregation'!$P$5:$AC$65,MATCH(Export_ControlTot!$A7,'Campus Enrol Disaggregation'!$O$5:$O$65,0),MATCH(D$1,'Campus Enrol Disaggregation'!$P$4:$AC$4,0)) -> 11000 | E7: =INDEX('Campus Enrol Disaggregation'!$P$5:$AC$65,MATCH(Export_ControlTot!$A7,'Campus Enrol Disaggregation'!$O$5:$O$65,0),MATCH(E$1,'Campus Enrol Disaggregation'!$P$4:$AC$4,0)) -> 3850 | F7: =INDEX('Campus Enrol Disaggregation'!$P$5:$AC$65,MATCH(Export_ControlTot!$A7,'Campus Enrol Disaggregation'!$O$5:$O$65,0),MATCH(F$1,'Campus Enrol Disaggregation'!$P$4:$AC$4,0)) -> 950 | G7: =INDEX('Campus Enrol Disaggregation'!$P$5:$AC$65,MATCH(Export_ControlTot!$A7,'Campus Enrol Disaggregation'!$O$5:$O$65,0),MATCH(G$1,'Campus Enrol Disaggregation'!$P$4:$AC$4,0)) -> 3400 | H7: =INDEX('Campus Enrol Disaggregation'!$P$5:$AC$65,MATCH(Export_ControlTot!$A7,'Campus Enrol Disaggregation'!$O$5:$O$65,0),MATCH(H$1,'Campus Enrol Disaggregation'!$P$4:$AC$4,0)) -> 26100 | I7: =INDEX('Campus Enrol Disaggregation'!$P$5:$AC$65,MATCH(Export_ControlTot!$A7,'Campus Enrol Disaggregation'!$O$5:$O$65,0),MATCH(I$1,'Campus Enrol Disaggregation'!$P$4:$AC$4,0)) -> 14050 | ... O7: =INDEX('Campus Enrol Disaggregation'!$P$5:$AC$65,MATCH(Export_ControlTot!$A7,'Campus Enrol Disaggregation'!$O$5:$O$65,0),MATCH(O$1,'Campus Enrol Disaggregation'!$P$4:$AC$4,0)) -> 0
A8: 1996 | B8: =INDEX('Campus Enrol Disaggregation'!$P$5:$AC$65,MATCH(Export_ControlTot!$A8,'Campus Enrol Disaggregation'!$O$5:$O$65,0),MATCH(B$1,'Campus Enrol Disaggregation'!$P$4:$AC$4,0)) -> 30550 | C8: =INDEX('Campus Enrol Disaggregation'!$P$5:$AC$65,MATCH(Export_ControlTot!$A8,'Campus Enrol Disaggregation'!$O$5:$O$65,0),MATCH(C$1,'Campus Enrol Disaggregation'!$P$4:$AC$4,0)) -> 0 | D8: =INDEX('Campus Enrol Disaggregation'!$P$5:$AC$65,MATCH(Export_ControlTot!$A8,'Campus Enrol Disaggregation'!$O$5:$O$65,0),MATCH(D$1,'Campus Enrol Disaggregation'!$P$4:$AC$4,0)) -> 11800 | E8: =INDEX('Campus Enrol Disaggregation'!$P$5:$AC$65,MATCH(Export_ControlTot!$A8,'Campus Enrol Disaggregation'!$O$5:$O$65,0),MATCH(E$1,'Campus Enrol Disaggregation'!$P$4:$AC$4,0)) -> 4150 | F8: =INDEX('Campus Enrol Disaggregation'!$P$5:$AC$65,MATCH(Export_ControlTot!$A8,'Campus Enrol Disaggregation'!$O$5:$O$65,0),MATCH(F$1,'Campus Enrol Disaggregation'!$P$4:$AC$4,0)) -> 1050 | G8: =INDEX('Campus Enrol Disaggregation'!$P$5:$AC$65,MATCH(Export_ControlTot!$A8,'Campus Enrol Disaggregation'!$O$5:$O$65,0),MATCH(G$1,'Campus Enrol Disaggregation'!$P$4:$AC$4,0)) -> 3650 | H8: =INDEX('Campus Enrol Disaggregation'!$P$5:$AC$65,MATCH(Export_ControlTot!$A8,'Campus Enrol Disaggregation'!$O$5:$O$65,0),MATCH(H$1,'Campus Enrol Disaggregation'!$P$4:$AC$4,0)) -> 25400 | I8: =INDEX('Campus Enrol Disaggregation'!$P$5:$AC$65,MATCH(Export_ControlTot!$A8,'Campus Enrol Disaggregation'!$O$5:$O$65,0),MATCH(I$1,'Campus Enrol Disaggregation'!$P$4:$AC$4,0)) -> 14750 | ... O8: =INDEX('Campus Enrol Disaggregation'!$P$5:$AC$65,MATCH(Export_ControlTot!$A8,'Campus Enrol Disaggregation'!$O$5:$O$65,0),MATCH(O$1,'Campus Enrol Disaggregation'!$P$4:$AC$4,0)) -> 0
A9: 1997 | B9: =INDEX('Campus Enrol Disaggregation'!$P$5:$AC$65,MATCH(Export_ControlTot!$A9,'Campus Enrol Disaggregation'!$O$5:$O$65,0),MATCH(B$1,'Campus Enrol Disaggregation'!$P$4:$AC$4,0)) -> 31250 | C9: =INDEX('Campus Enrol Disaggregation'!$P$5:$AC$65,MATCH(Export_ControlTot!$A9,'Campus Enrol Disaggregation'!$O$5:$O$65,0),MATCH(C$1,'Campus Enrol Disaggregation'!$P$4:$AC$4,0)) -> 0 | D9: =INDEX('Campus Enrol Disaggregation'!$P$5:$AC$65,MATCH(Export_ControlTot!$A9,'Campus Enrol Disaggregation'!$O$5:$O$65,0),MATCH(D$1,'Campus Enrol Disaggregation'!$P$4:$AC$4,0)) -> 12850 | E9: =INDEX('Campus Enrol Disaggregation'!$P$5:$AC$65,MATCH(Export_ControlTot!$A9,'Campus Enrol Disaggregation'!$O$5:$O$65,0),MATCH(E$1,'Campus Enrol Disaggregation'!$P$4:$AC$4,0)) -> 4500 | F9: =INDEX('Campus Enrol Disaggregation'!$P$5:$AC$65,MATCH(Export_ControlTot!$A9,'Campus Enrol Disaggregation'!$O$5:$O$65,0),MATCH(F$1,'Campus Enrol Disaggregation'!$P$4:$AC$4,0)) -> 1100 | G9: =INDEX('Campus Enrol Disaggregation'!$P$5:$AC$65,MATCH(Export_ControlTot!$A9,'Campus Enrol Disaggregation'!$O$5:$O$65,0),MATCH(G$1,'Campus Enrol Disaggregation'!$P$4:$AC$4,0)) -> 4000 | H9: =INDEX('Campus Enrol Disaggregation'!$P$5:$AC$65,MATCH(Export_ControlTot!$A9,'Campus Enrol Disaggregation'!$O$5:$O$65,0),MATCH(H$1,'Campus Enrol Disaggregation'!$P$4:$AC$4,0)) -> 25200 | I9: =INDEX('Campus Enrol Disaggregation'!$P$5:$AC$65,MATCH(Export_ControlTot!$A9,'Campus Enrol Disaggregation'!$O$5:$O$65,0),MATCH(I$1,'Campus Enrol Disaggregation'!$P$4:$AC$4,0)) -> 16000 | ... O9: =INDEX('Campus Enrol Disaggregation'!$P$5:$AC$65,MATCH(Export_ControlTot!$A9,'Campus Enrol Disaggregation'!$O$5:$O$65,0),MATCH(O$1,'Campus Enrol Disaggregation'!$P$4:$AC$4,0)) -> 0
A10: 1998 | B10: =INDEX('Campus Enrol Disaggregation'!$P$5:$AC$65,MATCH(Export_ControlTot!$A10,'Campus Enrol Disaggregation'!$O$5:$O$65,0),MATCH(B$1,'Campus Enrol Disaggregation'!$P$4:$AC$4,0)) -> 32200 | C10: =INDEX('Campus Enrol Disaggregation'!$P$5:$AC$65,MATCH(Export_ControlTot!$A10,'Campus Enrol Disaggregation'!$O$5:$O$65,0),MATCH(C$1,'Campus Enrol Disaggregation'!$P$4:$AC$4,0)) -> 0 | D10: =INDEX('Campus Enrol Disaggregation'!$P$5:$AC$65,MATCH(Export_ControlTot!$A10,'Campus Enrol Disaggregation'!$O$5:$O$65,0),MATCH(D$1,'Campus Enrol Disaggregation'!$P$4:$AC$4,0)) -> 10450 | E10: =INDEX('Campus Enrol Disaggregation'!$P$5:$AC$65,MATCH(Export_ControlTot!$A10,'Campus Enrol Disaggregation'!$O$5:$O$65,0),MATCH(E$1,'Campus Enrol Disaggregation'!$P$4:$AC$4,0)) -> 3650 | F10: =INDEX('Campus Enrol Disaggregation'!$P$5:$AC$65,MATCH(Export_ControlTot!$A10,'Campus Enrol Disaggregation'!$O$5:$O$65,0),MATCH(F$1,'Campus Enrol Disaggregation'!$P$4:$AC$4,0)) -> 900 | G10: =INDEX('Campus Enrol Disaggregation'!$P$5:$AC$65,MATCH(Export_ControlTot!$A10,'Campus Enrol Disaggregation'!$O$5:$O$65,0),MATCH(G$1,'Campus Enrol Disaggregation'!$P$4:$AC$4,0)) -> 3250 | H10: =INDEX('Campus Enrol Disaggregation'!$P$5:$AC$65,MATCH(Export_ControlTot!$A10,'Campus Enrol Disaggregation'!$O$5:$O$65,0),MATCH(H$1,'Campus Enrol Disaggregation'!$P$4:$AC$4,0)) -> 24350 | I10: =INDEX('Campus Enrol Disaggregation'!$P$5:$AC$65,MATCH(Export_ControlTot!$A10,'Campus Enrol Disaggregation'!$O$5:$O$65,0),MATCH(I$1,'Campus Enrol Disaggregation'!$P$4:$AC$4,0)) -> 18150 | ... O10: =INDEX('Campus Enrol Disaggregation'!$P$5:$AC$65,MATCH(Export_ControlTot!$A10,'Campus Enrol Disaggregation'!$O$5:$O$65,0),MATCH(O$1,'Campus Enrol Disaggregation'!$P$4:$AC$4,0)) -> 0
A11: 1999 | B11: =INDEX('Campus Enrol Disaggregation'!$P$5:$AC$65,MATCH(Export_ControlTot!$A11,'Campus Enrol Disaggregation'!$O$5:$O$65,0),MATCH(B$1,'Campus Enrol Disaggregation'!$P$4:$AC$4,0)) -> 32750 | C11: =INDEX('Campus Enrol Disaggregation'!$P$5:$AC$65,MATCH(Export_ControlTot!$A11,'Campus Enrol Disaggregation'!$O$5:$O$65,0),MATCH(C$1,'Campus Enrol Disaggregation'!$P$4:$AC$4,0)) -> 0 | D11: =INDEX('Campus Enrol Disaggregation'!$P$5:$AC$65,MATCH(Export_ControlTot!$A11,'Campus Enrol Disaggregation'!$O$5:$O$65,0),MATCH(D$1,'Campus Enrol Disaggregation'!$P$4:$AC$4,0)) -> 11250 | E11: =INDEX('Campus Enrol Disaggregation'!$P$5:$AC$65,MATCH(Export_ControlTot!$A11,'Campus Enrol Disaggregation'!$O$5:$O$65,0),MATCH(E$1,'Campus Enrol Disaggregation'!$P$4:$AC$4,0)) -> 3950 | F11: =INDEX('Campus Enrol Disaggregation'!$P$5:$AC$65,MATCH(Export_ControlTot!$A11,'Campus Enrol Disaggregation'!$O$5:$O$65,0),MATCH(F$1,'Campus Enrol Disaggregation'!$P$4:$AC$4,0)) -> 1000 | G11: =INDEX('Campus Enrol Disaggregation'!$P$5:$AC$65,MATCH(Export_ControlTot!$A11,'Campus Enrol Disaggregation'!$O$5:$O$65,0),MATCH(G$1,'Campus Enrol Disaggregation'!$P$4:$AC$4,0)) -> 3500 | H11: =INDEX('Campus Enrol Disaggregation'!$P$5:$AC$65,MATCH(Export_ControlTot!$A11,'Campus Enrol Disaggregation'!$O$5:$O$65,0),MATCH(H$1,'Campus Enrol Disaggregation'!$P$4:$AC$4,0)) -> 25100 | I11: =INDEX('Campus Enrol Disaggregation'!$P$5:$AC$65,MATCH(Export_ControlTot!$A11,'Campus Enrol Disaggregation'!$O$5:$O$65,0),MATCH(I$1,'Campus Enrol Disaggregation'!$P$4:$AC$4,0)) -> 20050 | ... O11: =INDEX('Campus Enrol Disaggregation'!$P$5:$AC$65,MATCH(Export_ControlTot!$A11,'Campus Enrol Disaggregation'!$O$5:$O$65,0),MATCH(O$1,'Campus Enrol Disaggregation'!$P$4:$AC$4,0)) -> 0
A12: 2000 | B12: =INDEX('Campus Enrol Disaggregation'!$P$5:$AC$65,MATCH(Export_ControlTot!$A12,'Campus Enrol Disaggregation'!$O$5:$O$65,0),MATCH(B$1,'Campus Enrol Disaggregation'!$P$4:$AC$4,0)) -> 32550 | C12: =INDEX('Campus Enrol Disaggregation'!$P$5:$AC$65,MATCH(Export_ControlTot!$A12,'Campus Enrol Disaggregation'!$O$5:$O$65,0),MATCH(C$1,'Campus Enrol Disaggregation'!$P$4:$AC$4,0)) -> 0 | D12: =INDEX('Campus Enrol Disaggregation'!$P$5:$AC$65,MATCH(Export_ControlTot!$A12,'Campus Enrol Disaggregation'!$O$5:$O$65,0),MATCH(D$1,'Campus Enrol Disaggregation'!$P$4:$AC$4,0)) -> 11650 | E12: =INDEX('Campus Enrol Disaggregation'!$P$5:$AC$65,MATCH(Export_ControlTot!$A12,'Campus Enrol Disaggregation'!$O$5:$O$65,0),MATCH(E$1,'Campus Enrol Disaggregation'!$P$4:$AC$4,0)) -> 4100 | F12: =INDEX('Campus Enrol Disaggregation'!$P$5:$AC$65,MATCH(Export_ControlTot!$A12,'Campus Enrol Disaggregation'!$O$5:$O$65,0),MATCH(F$1,'Campus Enrol Disaggregation'!$P$4:$AC$4,0)) -> 1000 | G12: =INDEX('Campus Enrol Disaggregation'!$P$5:$AC$65,MATCH(Export_ControlTot!$A12,'Campus Enrol Disaggregation'!$O$5:$O$65,0),MATCH(G$1,'Campus Enrol Disaggregation'!$P$4:$AC$4,0)) -> 3600 | H12: =INDEX('Campus Enrol Disaggregation'!$P$5:$AC$65,MATCH(Export_ControlTot!$A12,'Campus Enrol Disaggregation'!$O$5:$O$65,0),MATCH(H$1,'Campus Enrol Disaggregation'!$P$4:$AC$4,0)) -> 25450 | I12: =INDEX('Campus Enrol Disaggregation'!$P$5:$AC$65,MATCH(Export_ControlTot!$A12,'Campus Enrol Disaggregation'!$O$5:$O$65,0),MATCH(I$1,'Campus Enrol Disaggregation'!$P$4:$AC$4,0)) -> 20950 | ... O12: =INDEX('Campus Enrol Disaggregation'!$P$5:$AC$65,MATCH(Export_ControlTot!$A12,'Campus Enrol Disaggregation'!$O$5:$O$65,0),MATCH(O$1,'Campus Enrol Disaggregation'!$P$4:$AC$4,0)) -> 0
A13: 2001 | B13: =INDEX('Campus Enrol Disaggregation'!$P$5:$AC$65,MATCH(Export_ControlTot!$A13,'Campus Enrol Disaggregation'!$O$5:$O$65,0),MATCH(B$1,'Campus Enrol Disaggregation'!$P$4:$AC$4,0)) -> 32750 | C13: =INDEX('Campus Enrol Disaggregation'!$P$5:$AC$65,MATCH(Export_ControlTot!$A13,'Campus Enrol Disaggregation'!$O$5:$O$65,0),MATCH(C$1,'Campus Enrol Disaggregation'!$P$4:$AC$4,0)) -> 0 | D13: =INDEX('Campus Enrol Disaggregation'!$P$5:$AC$65,MATCH(Export_ControlTot!$A13,'Campus Enrol Disaggregation'!$O$5:$O$65,0),MATCH(D$1,'Campus Enrol Disaggregation'!$P$4:$AC$4,0)) -> 12800 | E13: =INDEX('Campus Enrol Disaggregation'!$P$5:$AC$65,MATCH(Export_ControlTot!$A13,'Campus Enrol Disaggregation'!$O$5:$O$65,0),MATCH(E$1,'Campus Enrol Disaggregation'!$P$4:$AC$4,0)) -> 4450 | F13: =INDEX('Campus Enrol Disaggregation'!$P$5:$AC$65,MATCH(Export_ControlTot!$A13,'Campus Enrol Disaggregation'!$O$5:$O$65,0),MATCH(F$1,'Campus Enrol Disaggregation'!$P$4:$AC$4,0)) -> 1100 | G13: =INDEX('Campus Enrol Disaggregation'!$P$5:$AC$65,MATCH(Export_ControlTot!$A13,'Campus Enrol Disaggregation'!$O$5:$O$65,0),MATCH(G$1,'Campus Enrol Disaggregation'!$P$4:$AC$4,0)) -> 3950 | H13: =INDEX('Campus Enrol Disaggregation'!$P$5:$AC$65,MATCH(Export_ControlTot!$A13,'Campus Enrol Disaggregation'!$O$5:$O$65,0),MATCH(H$1,'Campus Enrol Disaggregation'!$P$4:$AC$4,0)) -> 26950 | I13: =INDEX('Campus Enrol Disaggregation'!$P$5:$AC$65,MATCH(Export_ControlTot!$A13,'Campus Enrol Disaggregation'!$O$5:$O$65,0),MATCH(I$1,'Campus Enrol Disaggregation'!$P$4:$AC$4,0)) -> 22600 | ... O13: =INDEX('Campus Enrol Disaggregation'!$P$5:$AC$65,MATCH(Export_ControlTot!$A13,'Campus Enrol Disaggregation'!$O$5:$O$65,0),MATCH(O$1,'Campus Enrol Disaggregation'!$P$4:$AC$4,0)) -> 0
... A62: 2050 | B62: =INDEX('Campus Enrol Disaggregation'!$P$5:$AC$65,MATCH(Export_ControlTot!$A62,'Campus Enrol Disaggregation'!$O$5:$O$65,0),MATCH(B$1,'Campus Enrol Disaggregation'!$P$4:$AC$4,0)) -> 39300 | C62: =INDEX('Campus Enrol Disaggregation'!$P$5:$AC$65,MATCH(Export_ControlTot!$A62,'Campus Enrol Disaggregation'!$O$5:$O$65,0),MATCH(C$1,'Campus Enrol Disaggregation'!$P$4:$AC$4,0)) -> 2000 | D62: =INDEX('Campus Enrol Disaggregation'!$P$5:$AC$65,MATCH(Export_ControlTot!$A62,'Campus Enrol Disaggregation'!$O$5:$O$65,0),MATCH(D$1,'Campus Enrol Disaggregation'!$P$4:$AC$4,0)) -> 21100 | E62: =INDEX('Campus Enrol Disaggregation'!$P$5:$AC$65,MATCH(Export_ControlTot!$A62,'Campus Enrol Disaggregation'!$O$5:$O$65,0),MATCH(E$1,'Campus Enrol Disaggregation'!$P$4:$AC$4,0)) -> 7400 | F62: =INDEX('Campus Enrol Disaggregation'!$P$5:$AC$65,MATCH(Export_ControlTot!$A62,'Campus Enrol Disaggregation'!$O$5:$O$65,0),MATCH(F$1,'Campus Enrol Disaggregation'!$P$4:$AC$4,0)) -> 1850 | G62: =INDEX('Campus Enrol Disaggregation'!$P$5:$AC$65,MATCH(Export_ControlTot!$A62,'Campus Enrol Disaggregation'!$O$5:$O$65,0),MATCH(G$1,'Campus Enrol Disaggregation'!$P$4:$AC$4,0)) -> 6550 | H62: =INDEX('Campus Enrol Disaggregation'!$P$5:$AC$65,MATCH(Export_ControlTot!$A62,'Campus Enrol Disaggregation'!$O$5:$O$65,0),MATCH(H$1,'Campus Enrol Disaggregation'!$P$4:$AC$4,0)) -> 41850 | I62: =INDEX('Campus Enrol Disaggregation'!$P$5:$AC$65,MATCH(Export_ControlTot!$A62,'Campus Enrol Disaggregation'!$O$5:$O$65,0),MATCH(I$1,'Campus Enrol Disaggregation'!$P$4:$AC$4,0)) -> 68000 | ... O62: =INDEX('Campus Enrol Disaggregation'!$P$5:$AC$65,MATCH(Export_ControlTot!$A62,'Campus Enrol Disaggregation'!$O$5:$O$65,0),MATCH(O$1,'Campus Enrol Disaggregation'!$P$4:$AC$4,0)) -> 3000

Sheet Export_Factors
A1: ;INDEX | B1: ENSIGN | C1: WESTMIN | D1: UOFU_Main | E1: UofU_Med | F1: WSU_Main | G1: WSU_Davis | H1: WSU_West | I1: SLCC_MAIN | J1: SLCC_SC | K1: SLCC_JD | L1: SLCC_Mead | M1: SLCC_ML | N1: SLCC_LB | O1: SLCC_HL | P1: SLCC_Airp | Q1: SLCC_West | R1: SLCC_HM | S1: BYU | T1: UVU_Main | U1: UVU_Geneva | V1: UVU_Lehi | W1: UVU_Vineyard | X1: UVU_Payson | Y1: Var_Name
A2: 1 | B2: =VLOOKUP(B1,'calc%concurrent'!$A$2:$B$15,2,FALSE) -> 0.1005 | C2: =VLOOKUP(C1,'calc%concurrent'!$A$2:$B$15,2,FALSE) -> 0.0115625 | D2: =VLOOKUP(D1,'calc%concurrent'!$A$2:$B$15,2,FALSE) -> 0.026040514 | E2: =D2 -> 0.026040514 | F2: =VLOOKUP(F1,'calc%concurrent'!$A$2:$B$15,2,FALSE) -> 0.21501654 | G2: =VLOOKUP(G1,'calc%concurrent'!$A$2:$B$15,2,FALSE) -> 0.30851477 | H2: =G2 -> 0.30851477 | I2: =VLOOKUP(I1,'calc%concurrent'!$A$2:$B$15,2,FALSE) -> 0.34092451 | J2: =VLOOKUP(J1,'calc%concurrent'!$A$2:$B$15,2,FALSE) -> 0.34092451 | K2: =VLOOKUP(K1,'calc%concurrent'!$A$2:$B$15,2,FALSE) -> 0.34092451 | L2: =K2 -> 0.34092451 | M2: =VLOOKUP(M1,'calc%concurrent'!$A$2:$B$15,2,FALSE) -> 0.34092451 | N2: =M2 -> 0.34092451 | O2: =N2 -> 0.34092451 | P2: =O2 -> 0.34092451 | Q2: =P2 -> 0.34092451 | R2: =Q2 -> 0.34092451 | S2: =VLOOKUP(S$1,'calc%concurrent'!$A$2:$B$15,2,FALSE) -> 0.026040514 | T2: =VLOOKUP(T1,'calc%concurrent'!$A$2:$B$15,2,FALSE) -> 0.26992029 | U2: =T2 -> 0.26992029 | V2: =VLOOKUP(V1,'calc%concurrent'!$A$2:$B$15,2,FALSE) -> 0.26992029 | W2: =VLOOKUP(W1,'calc%concurrent'!$A$2:$B$15,2,FALSE) -> 0.26992029 | X2: =VLOOKUP(X1,'calc%concurrent'!$A$2:$B$15,2,FALSE) -> 0.26992029 | Y2: Pct_Remove
A3: 2 | B3: =VLOOKUP(B$1,'FTE Rate Calcs'!$A$2:$B$15,2,FALSE) -> 1.1790281 | C3: =VLOOKUP(C$1,'FTE Rate Calcs'!$A$2:$B$15,2,FALSE) -> 1.0984237 | D3: =VLOOKUP(D$1,'FTE Rate Calcs'!$A$2:$B$15,2,FALSE) -> 1.0252202 | E3: =D3 -> 1.0252202 | F3: =VLOOKUP(F$1,'FTE Rate Calcs'!$A$2:$B$15,2,FALSE) -> 1.0375684 | G3: =VLOOKUP(G$1,'FTE Rate Calcs'!$A$2:$B$15,2,FALSE) -> 1.0375684 | H3: =G3 -> 1.0375684 | I3: =VLOOKUP(I$1,'FTE Rate Calcs'!$A$2:$B$15,2,FALSE) -> 1.2081372 | J3: =VLOOKUP(J$1,'FTE Rate Calcs'!$A$2:$B$15,2,FALSE) -> 1.2081372 | K3: =VLOOKUP(K$1,'FTE Rate Calcs'!$A$2:$B$15,2,FALSE) -> 1.2081372 | L3: =K3 -> 1.2081372 | M3: =VLOOKUP(M$1,'FTE Rate Calcs'!$A$2:$B$15,2,FALSE) -> 1.2081372 | N3: =M3 -> 1.2081372 | O3: =N3 -> 1.2081372 | P3: =O3 -> 1.2081372 | Q3: =P3 -> 1.2081372 | R3: =Q3 -> 1.2081372 | S3: =VLOOKUP(S$1,'FTE Rate Calcs'!$A$2:$B$15,2,FALSE) -> 1.0252202 | T3: =VLOOKUP(T$1,'FTE Rate Calcs'!$A$2:$B$15,2,FALSE) -> 1.0967772 | U3: =T3 -> 1.0967772 | V3: =VLOOKUP(V$1,'FTE Rate Calcs'!$A$2:$B$15,2,FALSE) -> 1.0967772 | W3: =VLOOKUP(W$1,'FTE Rate Calcs'!$A$2:$B$15,2,FALSE) -> 1.0967772 | X3: =VLOOKUP(X$1,'FTE Rate Calcs'!$A$2:$B$15,2,FALSE) -> 1.0967772 | Y3: FTERate
A4: 3 | B4: =VLOOKUP(B$1,'HBC Rates'!$A$2:$B$15,2,FALSE) -> 0.9301 | C4: =VLOOKUP(C$1,'HBC Rates'!$A$2:$B$15,2,FALSE) -> 0.9301 | D4: =VLOOKUP(D$1,'HBC Rates'!$A$2:$B$15,2,FALSE) -> 0.9301 | E4: =D4 -> 0.9301 | F4: =VLOOKUP(F$1,'HBC Rates'!$A$2:$B$15,2,FALSE) -> 0.83 | G4: =VLOOKUP(G$1,'HBC Rates'!$A$2:$B$15,2,FALSE) -> 0.677 | H4: =G4 -> 0.677 | I4: =VLOOKUP(I$1,'HBC Rates'!$A$2:$B$15,2,FALSE) -> 0.6219 | J4: =VLOOKUP(J$1,'HBC Rates'!$A$2:$B$15,2,FALSE) -> 0.6422 | K4: =VLOOKUP(K$1,'HBC Rates'!$A$2:$B$15,2,FALSE) -> 0.5687 | L4: =K4 -> 0.5687 | M4: =VLOOKUP(M$1,'HBC Rates'!$A$2:$B$15,2,FALSE) -> 0.6158 | N4: =M4 -> 0.6158 | O4: =N4 -> 0.6158 | P4: =O4 -> 0.6158 | Q4: =P4 -> 0.6158 | R4: =Q4 -> 0.6158 | S4: =VLOOKUP(S$1,'HBC Rates'!$A$2:$B$15,2,FALSE) -> 0.9301 | T4: =VLOOKUP(T$1,'HBC Rates'!$A$2:$B$15,2,FALSE) -> 0.9452 | U4: =T4 -> 0.9452 | V4: =VLOOKUP(V$1,'HBC Rates'!$A$2:$B$15,2,FALSE) -> 0.9452 | W4: =VLOOKUP(W$1,'HBC Rates'!$A$2:$B$15,2,FALSE) -> 0.9452 | X4: =VLOOKUP(X$1,'HBC Rates'!$A$2:$B$15,2,FALSE) -> 0.9452 | Y4: HBCRates
A6: Note:
A7: Removal means concurrent, online degree etc.
A8: FTERate = FTE / Total Headcount, Total Headcount includes online and concurrent enrollment

Sheet Campus Enrol Disaggregation
O1: Enrollment Projections by Campus
O2: School: | P2: =IFERROR((FIND("_",P4)),P4) -> BYU | Q2: =IFERROR((FIND("_",Q4)),Q4) -> ENSIGN | R2: =IF(FIND("_",R4),LEFT(R4,FIND("_",R4)-1),R4) -> SLCC | S2: =IF(FIND("_",S4),LEFT(S4,FIND("_",S4)-1),S4) -> SLCC | T2: =IF(FIND("_",T4),LEFT(T4,FIND("_",T4)-1),T4) -> SLCC | U2: =IF(FIND("_",U4),LEFT(U4,FIND("_",U4)-1),U4) -> SLCC | V2: =IF(FIND("_",V4),LEFT(V4,FIND("_",V4)-1),V4) -> UOFU | AA2: =IF(FIND("_",AA4),LEFT(AA4,FIND("_",AA4)-1),AA4) -> WSU | AB2: =IF(FIND("_",AB4),LEFT(AB4,FIND("_",AB4)-1),AB4) -> WSU | AC2: =IFERROR((FIND("_",AC4)),AC4) -> WESTMIN
O3: % of School: | P3: 1 | Q3: 1 | R3: ='USHE 2020 Campus Totals'!D3 -> 0.52792553 | S3: ='USHE 2020 Campus Totals'!D6 -> 0.18466312 | T3: ='USHE 2020 Campus Totals'!D7 -> 0.046010638 | U3: ='USHE 2020 Campus Totals'!D10 -> 0.16374113 | V3: ='USHE 2020 Campus Totals'!D19 -> 0.97352413 | AA3: ='USHE 2020 Campus Totals'!D23 -> 0.75195472 | AB3: ='USHE 2020 Campus Totals'!D26 -> 0.19768935 | AC3: 1
O4: Year | P4: BYU | Q4: ENSIGN | R4: SLCC_MAIN | S4: SLCC_JD | T4: SLCC_ML | U4: SLCC_SC | V4: UOFU_Main | W4: UVU_Main | X4: UVU_Lehi | Y4: UVU_Payson | Z4: UVU_Vineyard | AA4: WSU_Main | AB4: WSU_Davis | AC4: WESTMIN | AD4: Total
O5: 1990 | P5: =MROUND(P$3*INDEX('College Enrollment Projections'!$AJ$2:$AP$62,MATCH('Campus Enrol Disaggregation'!$O5,'College Enrollment Projections'!$AI$2:$AI$62,0),MATCH('Campus Enrol Disaggregation'!P$2,'College Enrollment Projections'!$AJ$1:$AP$1,0)),50) -> 30450 | Q5: =MROUND(Q$3*INDEX('College Enrollment Projections'!$AJ$2:$AP$62,MATCH('Campus Enrol Disaggregation'!$O5,'College Enrollment Projections'!$AI$2:$AI$62,0),MATCH('Campus Enrol Disaggregation'!Q$2,'College Enrollment Projections'!$AJ$1:$AP$1,0)),50) -> 0 | R5: =MROUND(R$3*INDEX('College Enrollment Projections'!$AJ$2:$AP$62,MATCH('Campus Enrol Disaggregation'!$O5,'College Enrollment Projections'!$AI$2:$AI$62,0),MATCH('Campus Enrol Disaggregation'!R$2,'College Enrollment Projections'!$AJ$1:$AP$1,0)),50) -> 7050 | S5: =MROUND(S$3*INDEX('College Enrollment Projections'!$AJ$2:$AP$62,MATCH('Campus Enrol Disaggregation'!$O5,'College Enrollment Projections'!$AI$2:$AI$62,0),MATCH('Campus Enrol Disaggregation'!S$2,'College Enrollment Projections'!$AJ$1:$AP$1,0)),50) -> 2450 | T5: =MROUND(T$3*INDEX('College Enrollment Projections'!$AJ$2:$AP$62,MATCH('Campus Enrol Disaggregation'!$O5,'College Enrollment Projections'!$AI$2:$AI$62,0),MATCH('Campus Enrol Disaggregation'!T$2,'College Enrollment Projections'!$AJ$1:$AP$1,0)),50) -> 600 | U5: =MROUND(U$3*INDEX('College Enrollment Projections'!$AJ$2:$AP$62,MATCH('Campus Enrol Disaggregation'!$O5,'College Enrollment Projections'!$AI$2:$AI$62,0),MATCH('Campus Enrol Disaggregation'!U$2,'College Enrollment Projections'!$AJ$1:$AP$1,0)),50) -> 2200 | V5: =MROUND(V$3*INDEX('College Enrollment Projections'!$AJ$2:$AP$62,MATCH('Campus Enrol Disaggregation'!$O5,'College Enrollment Projections'!$AI$2:$AI$62,0),MATCH('Campus Enrol Disaggregation'!V$2,'College Enrollment Projections'!$AJ$1:$AP$1,0)),50) -> 23650 | W5: =MROUND(INDEX('MAG College Enrollment Forecast'!$B$4:$H$64,MATCH($O5,'MAG College Enrollment Forecast'!$A$4:$A$64,0),MATCH(W$4,'MAG College Enrollment Forecast'!$B$1:$H$1,0)),50) -> 7900 | X5: =MROUND(INDEX('MAG College Enrollment Forecast'!$B$4:$H$64,MATCH($O5,'MAG College Enrollment Forecast'!$A$4:$A$64,0),MATCH(X$4,'MAG College Enrollment Forecast'!$B$1:$H$1,0)),50) -> 0 | Y5: =MROUND(INDEX('MAG College Enrollment Forecast'!$B$4:$H$64,MATCH($O5,'MAG College Enrollment Forecast'!$A$4:$A$64,0),MATCH(Y$4,'MAG College Enrollment Forecast'!$B$1:$H$1,0)),50) -> 0 | Z5: =MROUND(INDEX('MAG College Enrollment Forecast'!$B$4:$H$64,MATCH($O5,'MAG College Enrollment Forecast'!$A$4:$A$64,0),MATCH(Z$4,'MAG College Enrollment Forecast'!$B$1:$H$1,0)),50) -> 0 | AA5: =MROUND(AA$3*INDEX('College Enrollment Projections'!$AJ$2:$AP$62,MATCH('Campus Enrol Disaggregation'!$O5,'College Enrollment Projections'!$AI$2:$AI$62,0),MATCH('Campus Enrol Disaggregation'!AA$2,'College Enrollment Projections'!$AJ$1:$AP$1,0)),50) -> 10100 | AB5: =MROUND(AB$3*INDEX('College Enrollment Projections'!$AJ$2:$AP$62,MATCH('Campus Enrol Disaggregation'!$O5,'College Enrollment Projections'!$AI$2:$AI$62,0),MATCH('Campus Enrol Disaggregation'!AB$2,'College Enrollment Projections'!$AJ$1:$AP$1,0)),50) -> 2650 | AC5: =MROUND(AC$3*INDEX('College Enrollment Projections'!$AJ$2:$AP$62,MATCH('Campus Enrol Disaggregation'!$O5,'College Enrollment Projections'!$AI$2:$AI$62,0),MATCH('Campus Enrol Disaggregation'!AC$2,'College Enrollment Projections'!$AJ$1:$AP$1,0)),50) -> 0 | AD5: =SUM(P5:AC5) -> 87050
O6: 1991 | P6: =MROUND(P$3*INDEX('College Enrollment Projections'!$AJ$2:$AP$62,MATCH('Campus Enrol Disaggregation'!$O6,'College Enrollment Projections'!$AI$2:$AI$62,0),MATCH('Campus Enrol Disaggregation'!P$2,'College Enrollment Projections'!$AJ$1:$AP$1,0)),50) -> 31100 | Q6: =MROUND(Q$3*INDEX('College Enrollment Projections'!$AJ$2:$AP$62,MATCH('Campus Enrol Disaggregation'!$O6,'College Enrollment Projections'!$AI$2:$AI$62,0),MATCH('Campus Enrol Disaggregation'!Q$2,'College Enrollment Projections'!$AJ$1:$AP$1,0)),50) -> 0 | R6: =MROUND(R$3*INDEX('College Enrollment Projections'!$AJ$2:$AP$62,MATCH('Campus Enrol Disaggregation'!$O6,'College Enrollment Projections'!$AI$2:$AI$62,0),MATCH('Campus Enrol Disaggregation'!R$2,'College Enrollment Projections'!$AJ$1:$AP$1,0)),50) -> 8450 | S6: =MROUND(S$3*INDEX('College Enrollment Projections'!$AJ$2:$AP$62,MATCH('Campus Enrol Disaggregation'!$O6,'College Enrollment Projections'!$AI$2:$AI$62,0),MATCH('Campus Enrol Disaggregation'!S$2,'College Enrollment Projections'!$AJ$1:$AP$1,0)),50) -> 2950 | T6: =MROUND(T$3*INDEX('College Enrollment Projections'!$AJ$2:$AP$62,MATCH('Campus Enrol Disaggregation'!$O6,'College Enrollment Projections'!$AI$2:$AI$62,0),MATCH('Campus Enrol Disaggregation'!T$2,'College Enrollment Projections'!$AJ$1:$AP$1,0)),50) -> 750 | U6: =MROUND(U$3*INDEX('College Enrollment Projections'!$AJ$2:$AP$62,MATCH('Campus Enrol Disaggregation'!$O6,'College Enrollment Projections'!$AI$2:$AI$62,0),MATCH('Campus Enrol Disaggregation'!U$2,'College Enrollment Projections'!$AJ$1:$AP$1,0)),50) -> 2600 | V6: =MROUND(V$3*INDEX('College Enrollment Projections'!$AJ$2:$AP$62,MATCH('Campus Enrol Disaggregation'!$O6,'College Enrollment Projections'!$AI$2:$AI$62,0),MATCH('Campus Enrol Disaggregation'!V$2,'College Enrollment Projections'!$AJ$1:$AP$1,0)),50) -> 24900 | W6: =MROUND(INDEX('MAG College Enrollment Forecast'!$B$4:$H$64,MATCH($O6,'MAG College Enrollment Forecast'!$A$4:$A$64,0),MATCH(W$4,'MAG College Enrollment Forecast'!$B$1:$H$1,0)),50) -> 8800 | X6: =MROUND(INDEX('MAG College Enrollment Forecast'!$B$4:$H$64,MATCH($O6,'MAG College Enrollment Forecast'!$A$4:$A$64,0),MATCH(X$4,'MAG College Enrollment Forecast'!$B$1:$H$1,0)),50) -> 0 | Y6: =MROUND(INDEX('MAG College Enrollment Forecast'!$B$4:$H$64,MATCH($O6,'MAG College Enrollment Forecast'!$A$4:$A$64,0),MATCH(Y$4,'MAG College Enrollment Forecast'!$B$1:$H$1,0)),50) -> 0 | Z6: =MROUND(INDEX('MAG College Enrollment Forecast'!$B$4:$H$64,MATCH($O6,'MAG College Enrollment Forecast'!$A$4:$A$64,0),MATCH(Z$4,'MAG College Enrollment Forecast'!$B$1:$H$1,0)),50) -> 0 | AA6: =MROUND(AA$3*INDEX('College Enrollment Projections'!$AJ$2:$AP$62,MATCH('Campus Enrol Disaggregation'!$O6,'College Enrollment Projections'!$AI$2:$AI$62,0),MATCH('Campus Enrol Disaggregation'!AA$2,'College Enrollment Projections'!$AJ$1:$AP$1,0)),50) -> 10900 | AB6: =MROUND(AB$3*INDEX('College Enrollment Projections'!$AJ$2:$AP$62,MATCH('Campus Enrol Disaggregation'!$O6,'College Enrollment Projections'!$AI$2:$AI$62,0),MATCH('Campus Enrol Disaggregation'!AB$2,'College Enrollment Projections'!$AJ$1:$AP$1,0)),50) -> 2850 | AC6: =MROUND(AC$3*INDEX('College Enrollment Projections'!$AJ$2:$AP$62,MATCH('Campus Enrol Disaggregation'!$O6,'College Enrollment Projections'!$AI$2:$AI$62,0),MATCH('Campus Enrol Disaggregation'!AC$2,'College Enrollment Projections'!$AJ$1:$AP$1,0)),50) -> 0 | AD6: =SUM(P6:AC6) -> 93300
O7: 1992 | P7: =MROUND(P$3*INDEX('College Enrollment Projections'!$AJ$2:$AP$62,MATCH('Campus Enrol Disaggregation'!$O7,'College Enrollment Projections'!$AI$2:$AI$62,0),MATCH('Campus Enrol Disaggregation'!P$2,'College Enrollment Projections'!$AJ$1:$AP$1,0)),50) -> 31100 | Q7: =MROUND(Q$3*INDEX('College Enrollment Projections'!$AJ$2:$AP$62,MATCH('Campus Enrol Disaggregation'!$O7,'College Enrollment Projections'!$AI$2:$AI$62,0),MATCH('Campus Enrol Disaggregation'!Q$2,'College Enrollment Projections'!$AJ$1:$AP$1,0)),50) -> 0 | R7: =MROUND(R$3*INDEX('College Enrollment Projections'!$AJ$2:$AP$62,MATCH('Campus Enrol Disaggregation'!$O7,'College Enrollment Projections'!$AI$2:$AI$62,0),MATCH('Campus Enrol Disaggregation'!R$2,'College Enrollment Projections'!$AJ$1:$AP$1,0)),50) -> 9400 | S7: =MROUND(S$3*INDEX('College Enrollment Projections'!$AJ$2:$AP$62,MATCH('Campus Enrol Disaggregation'!$O7,'College Enrollment Projections'!$AI$2:$AI$62,0),MATCH('Campus Enrol Disaggregation'!S$2,'College Enrollment Projections'!$AJ$1:$AP$1,0)),50) -> 3300 | T7: =MROUND(T$3*INDEX('College Enrollment Projections'!$AJ$2:$AP$62,MATCH('Campus Enrol Disaggregation'!$O7,'College Enrollment Projections'!$AI$2:$AI$62,0),MATCH('Campus Enrol Disaggregation'!T$2,'College Enrollment Projections'!$AJ$1:$AP$1,0)),50) -> 800 | U7: =MROUND(U$3*INDEX('College Enrollment Projections'!$AJ$2:$AP$62,MATCH('Campus Enrol Disaggregation'!$O7,'College Enrollment Projections'!$AI$2:$AI$62,0),MATCH('Campus Enrol Disaggregation'!U$2,'College Enrollment Projections'!$AJ$1:$AP$1,0)),50) -> 2900 | V7: =MROUND(V$3*INDEX('College Enrollment Projections'!$AJ$2:$AP$62,MATCH('Campus Enrol Disaggregation'!$O7,'College Enrollment Projections'!$AI$2:$AI$62,0),MATCH('Campus Enrol Disaggregation'!V$2,'College Enrollment Projections'!$AJ$1:$AP$1,0)),50) -> 25200 | W7: =MROUND(INDEX('MAG College Enrollment Forecast'!$B$4:$H$64,MATCH($O7,'MAG College Enrollment Forecast'!$A$4:$A$64,0),MATCH(W$4,'MAG College Enrollment Forecast'!$B$1:$H$1,0)),50) -> 9600 | X7: =MROUND(INDEX('MAG College Enrollment Forecast'!$B$4:$H$64,MATCH($O7,'MAG College Enrollment Forecast'!$A$4:$A$64,0),MATCH(X$4,'MAG College Enrollment Forecast'!$B$1:$H$1,0)),50) -> 0 | Y7: =MROUND(INDEX('MAG College Enrollment Forecast'!$B$4:$H$64,MATCH($O7,'MAG College Enrollment Forecast'!$A$4:$A$64,0),MATCH(Y$4,'MAG College Enrollment Forecast'!$B$1:$H$1,0)),50) -> 0 | Z7: =MROUND(INDEX('MAG College Enrollment Forecast'!$B$4:$H$64,MATCH($O7,'MAG College Enrollment Forecast'!$A$4:$A$64,0),MATCH(Z$4,'MAG College Enrollment Forecast'!$B$1:$H$1,0)),50) -> 0 | AA7: =MROUND(AA$3*INDEX('College Enrollment Projections'!$AJ$2:$AP$62,MATCH('Campus Enrol Disaggregation'!$O7,'College Enrollment Projections'!$AI$2:$AI$62,0),MATCH('Campus Enrol Disaggregation'!AA$2,'College Enrollment Projections'!$AJ$1:$AP$1,0)),50) -> 11250 | AB7: =MROUND(AB$3*INDEX('College Enrollment Projections'!$AJ$2:$AP$62,MATCH('Campus Enrol Disaggregation'!$O7,'College Enrollment Projections'!$AI$2:$AI$62,0),MATCH('Campus Enrol Disaggregation'!AB$2,'College Enrollment Projections'!$AJ$1:$AP$1,0)),50) -> 2950 | AC7: =MROUND(AC$3*INDEX('College Enrollment Projections'!$AJ$2:$AP$62,MATCH('Campus Enrol Disaggregation'!$O7,'College Enrollment Projections'!$AI$2:$AI$62,0),MATCH('Campus Enrol Disaggregation'!AC$2,'College Enrollment Projections'!$AJ$1:$AP$1,0)),50) -> 0 | AD7: =SUM(P7:AC7) -> 96500
O8: 1993 | P8: =MROUND(P$3*INDEX('College Enrollment Projections'!$AJ$2:$AP$62,MATCH('Campus Enrol Disaggregation'!$O8,'College Enrollment Projections'!$AI$2:$AI$62,0),MATCH('Campus Enrol Disaggregation'!P$2,'College Enrollment Projections'!$AJ$1:$AP$1,0)),50) -> 30550 | Q8: =MROUND(Q$3*INDEX('College Enrollment Projections'!$AJ$2:$AP$62,MATCH('Campus Enrol Disaggregation'!$O8,'College Enrollment Projections'!$AI$2:$AI$62,0),MATCH('Campus Enrol Disaggregation'!Q$2,'College Enrollment Projections'!$AJ$1:$AP$1,0)),50) -> 0 | R8: =MROUND(R$3*INDEX('College Enrollment Projections'!$AJ$2:$AP$62,MATCH('Campus Enrol Disaggregation'!$O8,'College Enrollment Projections'!$AI$2:$AI$62,0),MATCH('Campus Enrol Disaggregation'!R$2,'College Enrollment Projections'!$AJ$1:$AP$1,0)),50) -> 9650 | S8: =MROUND(S$3*INDEX('College Enrollment Projections'!$AJ$2:$AP$62,MATCH('Campus Enrol Disaggregation'!$O8,'College Enrollment Projections'!$AI$2:$AI$62,0),MATCH('Campus Enrol Disaggregation'!S$2,'College Enrollment Projections'!$AJ$1:$AP$1,0)),50) -> 3400 | T8: =MROUND(T$3*INDEX('College Enrollment Projections'!$AJ$2:$AP$62,MATCH('Campus Enrol Disaggregation'!$O8,'College Enrollment Projections'!$AI$2:$AI$62,0),MATCH('Campus Enrol Disaggregation'!T$2,'College Enrollment Projections'!$AJ$1:$AP$1,0)),50) -> 850 | U8: =MROUND(U$3*INDEX('College Enrollment Projections'!$AJ$2:$AP$62,MATCH('Campus Enrol Disaggregation'!$O8,'College Enrollment Projections'!$AI$2:$AI$62,0),MATCH('Campus Enrol Disaggregation'!U$2,'College Enrollment Projections'!$AJ$1:$AP$1,0)),50) -> 3000 | V8: =MROUND(V$3*INDEX('College Enrollment Projections'!$AJ$2:$AP$62,MATCH('Campus Enrol Disaggregation'!$O8,'College Enrollment Projections'!$AI$2:$AI$62,0),MATCH('Campus Enrol Disaggregation'!V$2,'College Enrollment Projections'!$AJ$1:$AP$1,0)),50) -> 25300 | W8: =MROUND(INDEX('MAG College Enrollment Forecast'!$B$4:$H$64,MATCH($O8,'MAG College Enrollment Forecast'!$A$4:$A$64,0),MATCH(W$4,'MAG College Enrollment Forecast'!$B$1:$H$1,0)),50) -> 10500 | X8: =MROUND(INDEX('MAG College Enrollment Forecast'!$B$4:$H$64,MATCH($O8,'MAG College Enrollment Forecast'!$A$4:$A$64,0),MATCH(X$4,'MAG College Enrollment Forecast'!$B$1:$H$1,0)),50) -> 0 | Y8: =MROUND(INDEX('MAG College Enrollment Forecast'!$B$4:$H$64,MATCH($O8,'MAG College Enrollment Forecast'!$A$4:$A$64,0),MATCH(Y$4,'MAG College Enrollment Forecast'!$B$1:$H$1,0)),50) -> 0 | Z8: =MROUND(INDEX('MAG College Enrollment Forecast'!$B$4:$H$64,MATCH($O8,'MAG College Enrollment Forecast'!$A$4:$A$64,0),MATCH(Z$4,'MAG College Enrollment Forecast'!$B$1:$H$1,0)),50) -> 0 | AA8: =MROUND(AA$3*INDEX('College Enrollment Projections'!$AJ$2:$AP$62,MATCH('Campus Enrol Disaggregation'!$O8,'College Enrollment Projections'!$AI$2:$AI$62,0),MATCH('Campus Enrol Disaggregation'!AA$2,'College Enrollment Projections'!$AJ$1:$AP$1,0)),50) -> 10850 | AB8: =MROUND(AB$3*INDEX('College Enrollment Projections'!$AJ$2:$AP$62,MATCH('Campus Enrol Disaggregation'!$O8,'College Enrollment Projections'!$AI$2:$AI$62,0),MATCH('Campus Enrol Disaggregation'!AB$2,'College Enrollment Projections'!$AJ$1:$AP$1,0)),50) -> 2850 | AC8: =MROUND(AC$3*INDEX('College Enrollment Projections'!$AJ$2:$AP$62,MATCH('Campus Enrol Disaggregation'!$O8,'College Enrollment Projections'!$AI$2:$AI$62,0),MATCH('Campus Enrol Disaggregation'!AC$2,'College Enrollment Projections'!$AJ$1:$AP$1,0)),50) -> 0 | AD8: =SUM(P8:AC8) -> 96950
O9: 1994 | P9: =MROUND(P$3*INDEX('College Enrollment Projections'!$AJ$2:$AP$62,MATCH('Campus Enrol Disaggregation'!$O9,'College Enrollment Projections'!$AI$2:$AI$62,0),MATCH('Campus Enrol Disaggregation'!P$2,'College Enrollment Projections'!$AJ$1:$AP$1,0)),50) -> 30400 | Q9: =MROUND(Q$3*INDEX('College Enrollment Projections'!$AJ$2:$AP$62,MATCH('Campus Enrol Disaggregation'!$O9,'College Enrollment Projections'!$AI$2:$AI$62,0),MATCH('Campus Enrol Disaggregation'!Q$2,'College Enrollment Projections'!$AJ$1:$AP$1,0)),50) -> 0 | R9: =MROUND(R$3*INDEX('College Enrollment Projections'!$AJ$2:$AP$62,MATCH('Campus Enrol Disaggregation'!$O9,'College Enrollment Projections'!$AI$2:$AI$62,0),MATCH('Campus Enrol Disaggregation'!R$2,'College Enrollment Projections'!$AJ$1:$AP$1,0)),50) -> 10250 | S9: =MROUND(S$3*INDEX('College Enrollment Projections'!$AJ$2:$AP$62,MATCH('Campus Enrol Disaggregation'!$O9,'College Enrollment Projections'!$AI$2:$AI$62,0),MATCH('Campus Enrol Disaggregation'!S$2,'College Enrollment Projections'!$AJ$1:$AP$1,0)),50) -> 3600 | T9: =MROUND(T$3*INDEX('College Enrollment Projections'!$AJ$2:$AP$62,MATCH('Campus Enrol Disaggregation'!$O9,'College Enrollment Projections'!$AI$2:$AI$62,0),MATCH('Campus Enrol Disaggregation'!T$2,'College Enrollment Projections'!$AJ$1:$AP$1,0)),50) -> 900 | U9: =MROUND(U$3*INDEX('College Enrollment Projections'!$AJ$2:$AP$62,MATCH('Campus Enrol Disaggregation'!$O9,'College Enrollment Projections'!$AI$2:$AI$62,0),MATCH('Campus Enrol Disaggregation'!U$2,'College Enrollment Projections'!$AJ$1:$AP$1,0)),50) -> 3200 | V9: =MROUND(V$3*INDEX('College Enrollment Projections'!$AJ$2:$AP$62,MATCH('Campus Enrol Disaggregation'!$O9,'College Enrollment Projections'!$AI$2:$AI$62,0),MATCH('Campus Enrol Disaggregation'!V$2,'College Enrollment Projections'!$AJ$1:$AP$1,0)),50) -> 24950 | W9: =MROUND(INDEX('MAG College Enrollment Forecast'!$B$4:$H$64,MATCH($O9,'MAG College Enrollment Forecast'!$A$4:$A$64,0),MATCH(W$4,'MAG College Enrollment Forecast'!$B$1:$H$1,0)),50) -> 13300 | X9: =MROUND(INDEX('MAG College Enrollment Forecast'!$B$4:$H$64,MATCH($O9,'MAG College Enrollment Forecast'!$A$4:$A$64,0),MATCH(X$4,'MAG College Enrollment Forecast'!$B$1:$H$1,0)),50) -> 0 | Y9: =MROUND(INDEX('MAG College Enrollment Forecast'!$B$4:$H$64,MATCH($O9,'MAG College Enrollment Forecast'!$A$4:$A$64,0),MATCH(Y$4,'MAG College Enrollment Forecast'!$B$1:$H$1,0)),50) -> 0 | Z9: =MROUND(INDEX('MAG College Enrollment Forecast'!$B$4:$H$64,MATCH($O9,'MAG College Enrollment Forecast'!$A$4:$A$64,0),MATCH(Z$4,'MAG College Enrollment Forecast'!$B$1:$H$1,0)),50) -> 0 | AA9: =MROUND(AA$3*INDEX('College Enrollment Projections'!$AJ$2:$AP$62,MATCH('Campus Enrol Disaggregation'!$O9,'College Enrollment Projections'!$AI$2:$AI$62,0),MATCH('Campus Enrol Disaggregation'!AA$2,'College Enrollment Projections'!$AJ$1:$AP$1,0)),50) -> 10700 | AB9: =MROUND(AB$3*INDEX('College Enrollment Projections'!$AJ$2:$AP$62,MATCH('Campus Enrol Disaggregation'!$O9,'College Enrollment Projections'!$AI$2:$AI$62,0),MATCH('Campus Enrol Disaggregation'!AB$2,'College Enrollment Projections'!$AJ$1:$AP$1,0)),50) -> 2800 | AC9: =MROUND(AC$3*INDEX('College Enrollment Projections'!$AJ$2:$AP$62,MATCH('Campus Enrol Disaggregation'!$O9,'College Enrollment Projections'!$AI$2:$AI$62,0),MATCH('Campus Enrol Disaggregation'!AC$2,'College Enrollment Projections'!$AJ$1:$AP$1,0)),50) -> 0 | AD9: =SUM(P9:AC9) -> 100100
O10: 1995 | P10: =MROUND(P$3*INDEX('College Enrollment Projections'!$AJ$2:$AP$62,MATCH('Campus Enrol Disaggregation'!$O10,'College Enrollment Projections'!$AI$2:$AI$62,0),MATCH('Campus Enrol Disaggregation'!P$2,'College Enrollment Projections'!$AJ$1:$AP$1,0)),50) -> 30450 | Q10: =MROUND(Q$3*INDEX('College Enrollment Projections'!$AJ$2:$AP$62,MATCH('Campus Enrol Disaggregation'!$O10,'College Enrollment Projections'!$AI$2:$AI$62,0),MATCH('Campus Enrol Disaggregation'!Q$2,'College Enrollment Projections'!$AJ$1:$AP$1,0)),50) -> 0 | R10: =MROUND(R$3*INDEX('College Enrollment Projections'!$AJ$2:$AP$62,MATCH('Campus Enrol Disaggregation'!$O10,'College Enrollment Projections'!$AI$2:$AI$62,0),MATCH('Campus Enrol Disaggregation'!R$2,'College Enrollment Projections'!$AJ$1:$AP$1,0)),50) -> 11000 | S10: =MROUND(S$3*INDEX('College Enrollment Projections'!$AJ$2:$AP$62,MATCH('Campus Enrol Disaggregation'!$O10,'College Enrollment Projections'!$AI$2:$AI$62,0),MATCH('Campus Enrol Disaggregation'!S$2,'College Enrollment Projections'!$AJ$1:$AP$1,0)),50) -> 3850 | T10: =MROUND(T$3*INDEX('College Enrollment Projections'!$AJ$2:$AP$62,MATCH('Campus Enrol Disaggregation'!$O10,'College Enrollment Projections'!$AI$2:$AI$62,0),MATCH('Campus Enrol Disaggregation'!T$2,'College Enrollment Projections'!$AJ$1:$AP$1,0)),50) -> 950 | U10: =MROUND(U$3*INDEX('College Enrollment Projections'!$AJ$2:$AP$62,MATCH('Campus Enrol Disaggregation'!$O10,'College Enrollment Projections'!$AI$2:$AI$62,0),MATCH('Campus Enrol Disaggregation'!U$2,'College Enrollment Projections'!$AJ$1:$AP$1,0)),50) -> 3400 | V10: =MROUND(V$3*INDEX('College Enrollment Projections'!$AJ$2:$AP$62,MATCH('Campus Enrol Disaggregation'!$O10,'College Enrollment Projections'!$AI$2:$AI$62,0),MATCH('Campus Enrol Disaggregation'!V$2,'College Enrollment Projections'!$AJ$1:$AP$1,0)),50) -> 26100 | W10: =MROUND(INDEX('MAG College Enrollment Forecast'!$B$4:$H$64,MATCH($O10,'MAG College Enrollment Forecast'!$A$4:$A$64,0),MATCH(W$4,'MAG College Enrollment Forecast'!$B$1:$H$1,0)),50) -> 14050 | X10: =MROUND(INDEX('MAG College Enrollment Forecast'!$B$4:$H$64,MATCH($O10,'MAG College Enrollment Forecast'!$A$4:$A$64,0),MATCH(X$4,'MAG College Enrollment Forecast'!$B$1:$H$1,0)),50) -> 0 | Y10: =MROUND(INDEX('MAG College Enrollment Forecast'!$B$4:$H$64,MATCH($O10,'MAG College Enrollment Forecast'!$A$4:$A$64,0),MATCH(Y$4,'MAG College Enrollment Forecast'!$B$1:$H$1,0)),50) -> 0 | Z10: =MROUND(INDEX('MAG College Enrollment Forecast'!$B$4:$H$64,MATCH($O10,'MAG College Enrollment Forecast'!$A$4:$A$64,0),MATCH(Z$4,'MAG College Enrollment Forecast'!$B$1:$H$1,0)),50) -> 0 | AA10: =MROUND(AA$3*INDEX('College Enrollment Projections'!$AJ$2:$AP$62,MATCH('Campus Enrol Disaggregation'!$O10,'College Enrollment Projections'!$AI$2:$AI$62,0),MATCH('Campus Enrol Disaggregation'!AA$2,'College Enrollment Projections'!$AJ$1:$AP$1,0)),50) -> 10500 | AB10: =MROUND(AB$3*INDEX('College Enrollment Projections'!$AJ$2:$AP$62,MATCH('Campus Enrol Disaggregation'!$O10,'College Enrollment Projections'!$AI$2:$AI$62,0),MATCH('Campus Enrol Disaggregation'!AB$2,'College Enrollment Projections'!$AJ$1:$AP$1,0)),50) -> 2750 | AC10: =MROUND(AC$3*INDEX('College Enrollment Projections'!$AJ$2:$AP$62,MATCH('Campus Enrol Disaggregation'!$O10,'College Enrollment Projections'!$AI$2:$AI$62,0),MATCH('Campus Enrol Disaggregation'!AC$2,'College Enrollment Projections'!$AJ$1:$AP$1,0)),50) -> 0 | AD10: =SUM(P10:AC10) -> 103050
O11: 1996 | P11: =MROUND(P$3*INDEX('College Enrollment Projections'!$AJ$2:$AP$62,MATCH('Campus Enrol Disaggregation'!$O11,'College Enrollment Projections'!$AI$2:$AI$62,0),MATCH('Campus Enrol Disaggregation'!P$2,'College Enrollment Projections'!$AJ$1:$AP$1,0)),50) -> 30550 | Q11: =MROUND(Q$3*INDEX('College Enrollment Projections'!$AJ$2:$AP$62,MATCH('Campus Enrol Disaggregation'!$O11,'College Enrollment Projections'!$AI$2:$AI$62,0),MATCH('Campus Enrol Disaggregation'!Q$2,'College Enrollment Projections'!$AJ$1:$AP$1,0)),50) -> 0 | R11: =MROUND(R$3*INDEX('College Enrollment Projections'!$AJ$2:$AP$62,MATCH('Campus Enrol Disaggregation'!$O11,'College Enrollment Projections'!$AI$2:$AI$62,0),MATCH('Campus Enrol Disaggregation'!R$2,'College Enrollment Projections'!$AJ$1:$AP$1,0)),50) -> 11800 | S11: =MROUND(S$3*INDEX('College Enrollment Projections'!$AJ$2:$AP$62,MATCH('Campus Enrol Disaggregation'!$O11,'College Enrollment Projections'!$AI$2:$AI$62,0),MATCH('Campus Enrol Disaggregation'!S$2,'College Enrollment Projections'!$AJ$1:$AP$1,0)),50) -> 4150 | T11: =MROUND(T$3*INDEX('College Enrollment Projections'!$AJ$2:$AP$62,MATCH('Campus Enrol Disaggregation'!$O11,'College Enrollment Projections'!$AI$2:$AI$62,0),MATCH('Campus Enrol Disaggregation'!T$2,'College Enrollment Projections'!$AJ$1:$AP$1,0)),50) -> 1050 | U11: =MROUND(U$3*INDEX('College Enrollment Projections'!$AJ$2:$AP$62,MATCH('Campus Enrol Disaggregation'!$O11,'College Enrollment Projections'!$AI$2:$AI$62,0),MATCH('Campus Enrol Disaggregation'!U$2,'College Enrollment Projections'!$AJ$1:$AP$1,0)),50) -> 3650 | V11: =MROUND(V$3*INDEX('College Enrollment Projections'!$AJ$2:$AP$62,MATCH('Campus Enrol Disaggregation'!$O11,'College Enrollment Projections'!$AI$2:$AI$62,0),MATCH('Campus Enrol Disaggregation'!V$2,'College Enrollment Projections'!$AJ$1:$AP$1,0)),50) -> 25400 | W11: =MROUND(INDEX('MAG College Enrollment Forecast'!$B$4:$H$64,MATCH($O11,'MAG College Enrollment Forecast'!$A$4:$A$64,0),MATCH(W$4,'MAG College Enrollment Forecast'!$B$1:$H$1,0)),50) -> 14750 | X11: =MROUND(INDEX('MAG College Enrollment Forecast'!$B$4:$H$64,MATCH($O11,'MAG College Enrollment Forecast'!$A$4:$A$64,0),MATCH(X$4,'MAG College Enrollment Forecast'!$B$1:$H$1,0)),50) -> 0 | Y11: =MROUND(INDEX('MAG College Enrollment Forecast'!$B$4:$H$64,MATCH($O11,'MAG College Enrollment Forecast'!$A$4:$A$64,0),MATCH(Y$4,'MAG College Enrollment Forecast'!$B$1:$H$1,0)),50) -> 0 | Z11: =MROUND(INDEX('MAG College Enrollment Forecast'!$B$4:$H$64,MATCH($O11,'MAG College Enrollment Forecast'!$A$4:$A$64,0),MATCH(Z$4,'MAG College Enrollment Forecast'!$B$1:$H$1,0)),50) -> 0 | AA11: =MROUND(AA$3*INDEX('College Enrollment Projections'!$AJ$2:$AP$62,MATCH('Campus Enrol Disaggregation'!$O11,'College Enrollment Projections'!$AI$2:$AI$62,0),MATCH('Campus Enrol Disaggregation'!AA$2,'College Enrollment Projections'!$AJ$1:$AP$1,0)),50) -> 10450 | AB11: =MROUND(AB$3*INDEX('College Enrollment Projections'!$AJ$2:$AP$62,MATCH('Campus Enrol Disaggregation'!$O11,'College Enrollment Projections'!$AI$2:$AI$62,0),MATCH('Campus Enrol Disaggregation'!AB$2,'College Enrollment Projections'!$AJ$1:$AP$1,0)),50) -> 2750 | AC11: =MROUND(AC$3*INDEX('College Enrollment Projections'!$AJ$2:$AP$62,MATCH('Campus Enrol Disaggregation'!$O11,'College Enrollment Projections'!$AI$2:$AI$62,0),MATCH('Campus Enrol Disaggregation'!AC$2,'College Enrollment Projections'!$AJ$1:$AP$1,0)),50) -> 0 | AD11: =SUM(P11:AC11) -> 104550
O12: 1997 | P12: =MROUND(P$3*INDEX('College Enrollment Projections'!$AJ$2:$AP$62,MATCH('Campus Enrol Disaggregation'!$O12,'College Enrollment Projections'!$AI$2:$AI$62,0),MATCH('Campus Enrol Disaggregation'!P$2,'College Enrollment Projections'!$AJ$1:$AP$1,0)),50) -> 31250 | Q12: =MROUND(Q$3*INDEX('College Enrollment Projections'!$AJ$2:$AP$62,MATCH('Campus Enrol Disaggregation'!$O12,'College Enrollment Projections'!$AI$2:$AI$62,0),MATCH('Campus Enrol Disaggregation'!Q$2,'College Enrollment Projections'!$AJ$1:$AP$1,0)),50) -> 0 | R12: =MROUND(R$3*INDEX('College Enrollment Projections'!$AJ$2:$AP$62,MATCH('Campus Enrol Disaggregation'!$O12,'College Enrollment Projections'!$AI$2:$AI$62,0),MATCH('Campus Enrol Disaggregation'!R$2,'College Enrollment Projections'!$AJ$1:$AP$1,0)),50) -> 12850 | S12: =MROUND(S$3*INDEX('College Enrollment Projections'!$AJ$2:$AP$62,MATCH('Campus Enrol Disaggregation'!$O12,'College Enrollment Projections'!$AI$2:$AI$62,0),MATCH('Campus Enrol Disaggregation'!S$2,'College Enrollment Projections'!$AJ$1:$AP$1,0)),50) -> 4500 | T12: =MROUND(T$3*INDEX('College Enrollment Projections'!$AJ$2:$AP$62,MATCH('Campus Enrol Disaggregation'!$O12,'College Enrollment Projections'!$AI$2:$AI$62,0),MATCH('Campus Enrol Disaggregation'!T$2,'College Enrollment Projections'!$AJ$1:$AP$1,0)),50) -> 1100 | U12: =MROUND(U$3*INDEX('College Enrollment Projections'!$AJ$2:$AP$62,MATCH('Campus Enrol Disaggregation'!$O12,'College Enrollment Projections'!$AI$2:$AI$62,0),MATCH('Campus Enrol Disaggregation'!U$2,'College Enrollment Projections'!$AJ$1:$AP$1,0)),50) -> 4000 | V12: =MROUND(V$3*INDEX('College Enrollment Projections'!$AJ$2:$AP$62,MATCH('Campus Enrol Disaggregation'!$O12,'College Enrollment Projections'!$AI$2:$AI$62,0),MATCH('Campus Enrol Disaggregation'!V$2,'College Enrollment Projections'!$AJ$1:$AP$1,0)),50) -> 25200 | W12: =MROUND(INDEX('MAG College Enrollment Forecast'!$B$4:$H$64,MATCH($O12,'MAG College Enrollment Forecast'!$A$4:$A$64,0),MATCH(W$4,'MAG College Enrollment Forecast'!$B$1:$H$1,0)),50) -> 16000 | X12: =MROUND(INDEX('MAG College Enrollment Forecast'!$B$4:$H$64,MATCH($O12,'MAG College Enrollment Forecast'!$A$4:$A$64,0),MATCH(X$4,'MAG College Enrollment Forecast'!$B$1:$H$1,0)),50) -> 0 | Y12: =MROUND(INDEX('MAG College Enrollment Forecast'!$B$4:$H$64,MATCH($O12,'MAG College Enrollment Forecast'!$A$4:$A$64,0),MATCH(Y$4,'MAG College Enrollment Forecast'!$B$1:$H$1,0)),50) -> 0 | Z12: =MROUND(INDEX('MAG College Enrollment Forecast'!$B$4:$H$64,MATCH($O12,'MAG College Enrollment Forecast'!$A$4:$A$64,0),MATCH(Z$4,'MAG College Enrollment Forecast'!$B$1:$H$1,0)),50) -> 0 | AA12: =MROUND(AA$3*INDEX('College Enrollment Projections'!$AJ$2:$AP$62,MATCH('Campus Enrol Disaggregation'!$O12,'College Enrollment Projections'!$AI$2:$AI$62,0),MATCH('Campus Enrol Disaggregation'!AA$2,'College Enrollment Projections'!$AJ$1:$AP$1,0)),50) -> 11000 | AB12: =MROUND(AB$3*INDEX('College Enrollment Projections'!$AJ$2:$AP$62,MATCH('Campus Enrol Disaggregation'!$O12,'College Enrollment Projections'!$AI$2:$AI$62,0),MATCH('Campus Enrol Disaggregation'!AB$2,'College Enrollment Projections'!$AJ$1:$AP$1,0)),50) -> 2900 | AC12: =MROUND(AC$3*INDEX('College Enrollment Projections'!$AJ$2:$AP$62,MATCH('Campus Enrol Disaggregation'!$O12,'College Enrollment Projections'!$AI$2:$AI$62,0),MATCH('Campus Enrol Disaggregation'!AC$2,'College Enrollment Projections'!$AJ$1:$AP$1,0)),50) -> 0 | AD12: =SUM(P12:AC12) -> 108800
O13: 1998 | P13: =MROUND(P$3*INDEX('College Enrollment Projections'!$AJ$2:$AP$62,MATCH('Campus Enrol Disaggregation'!$O13,'College Enrollment Projections'!$AI$2:$AI$62,0),MATCH('Campus Enrol Disaggregation'!P$2,'College Enrollment Projections'!$AJ$1:$AP$1,0)),50) -> 32200 | Q13: =MROUND(Q$3*INDEX('College Enrollment Projections'!$AJ$2:$AP$62,MATCH('Campus Enrol Disaggregation'!$O13,'College Enrollment Projections'!$AI$2:$AI$62,0),MATCH('Campus Enrol Disaggregation'!Q$2,'College Enrollment Projections'!$AJ$1:$AP$1,0)),50) -> 0 | R13: =MROUND(R$3*INDEX('College Enrollment Projections'!$AJ$2:$AP$62,MATCH('Campus Enrol Disaggregation'!$O13,'College Enrollment Projections'!$AI$2:$AI$62,0),MATCH('Campus Enrol Disaggregation'!R$2,'College Enrollment Projections'!$AJ$1:$AP$1,0)),50) -> 10450 | S13: =MROUND(S$3*INDEX('College Enrollment Projections'!$AJ$2:$AP$62,MATCH('Campus Enrol Disaggregation'!$O13,'College Enrollment Projections'!$AI$2:$AI$62,0),MATCH('Campus Enrol Disaggregation'!S$2,'College Enrollment Projections'!$AJ$1:$AP$1,0)),50) -> 3650 | T13: =MROUND(T$3*INDEX('College Enrollment Projections'!$AJ$2:$AP$62,MATCH('Campus Enrol Disaggregation'!$O13,'College Enrollment Projections'!$AI$2:$AI$62,0),MATCH('Campus Enrol Disaggregation'!T$2,'College Enrollment Projections'!$AJ$1:$AP$1,0)),50) -> 900 | U13: =MROUND(U$3*INDEX('College Enrollment Projections'!$AJ$2:$AP$62,MATCH('Campus Enrol Disaggregation'!$O13,'College Enrollment Projections'!$AI$2:$AI$62,0),MATCH('Campus Enrol Disaggregation'!U$2,'College Enrollment Projections'!$AJ$1:$AP$1,0)),50) -> 3250 | V13: =MROUND(V$3*INDEX('College Enrollment Projections'!$AJ$2:$AP$62,MATCH('Campus Enrol Disaggregation'!$O13,'College Enrollment Projections'!$AI$2:$AI$62,0),MATCH('Campus Enrol Disaggregation'!V$2,'College Enrollment Projections'!$AJ$1:$AP$1,0)),50) -> 24350 | W13: =MROUND(INDEX('MAG College Enrollment Forecast'!$B$4:$H$64,MATCH($O13,'MAG College Enrollment Forecast'!$A$4:$A$64,0),MATCH(W$4,'MAG College Enrollment Forecast'!$B$1:$H$1,0)),50) -> 18150 | X13: =MROUND(INDEX('MAG College Enrollment Forecast'!$B$4:$H$64,MATCH($O13,'MAG College Enrollment Forecast'!$A$4:$A$64,0),MATCH(X$4,'MAG College Enrollment Forecast'!$B$1:$H$1,0)),50) -> 0 | Y13: =MROUND(INDEX('MAG College Enrollment Forecast'!$B$4:$H$64,MATCH($O13,'MAG College Enrollment Forecast'!$A$4:$A$64,0),MATCH(Y$4,'MAG College Enrollment Forecast'!$B$1:$H$1,0)),50) -> 0 | Z13: =MROUND(INDEX('MAG College Enrollment Forecast'!$B$4:$H$64,MATCH($O13,'MAG College Enrollment Forecast'!$A$4:$A$64,0),MATCH(Z$4,'MAG College Enrollment Forecast'!$B$1:$H$1,0)),50) -> 0 | AA13: =MROUND(AA$3*INDEX('College Enrollment Projections'!$AJ$2:$AP$62,MATCH('Campus Enrol Disaggregation'!$O13,'College Enrollment Projections'!$AI$2:$AI$62,0),MATCH('Campus Enrol Disaggregation'!AA$2,'College Enrollment Projections'!$AJ$1:$AP$1,0)),50) -> 10450 | AB13: =MROUND(AB$3*INDEX('College Enrollment Projections'!$AJ$2:$AP$62,MATCH('Campus Enrol Disaggregation'!$O13,'College Enrollment Projections'!$AI$2:$AI$62,0),MATCH('Campus Enrol Disaggregation'!AB$2,'College Enrollment Projections'!$AJ$1:$AP$1,0)),50) -> 2750 | AC13: =MROUND(AC$3*INDEX('College Enrollment Projections'!$AJ$2:$AP$62,MATCH('Campus Enrol Disaggregation'!$O13,'College Enrollment Projections'!$AI$2:$AI$62,0),MATCH('Campus Enrol Disaggregation'!AC$2,'College Enrollment Projections'!$AJ$1:$AP$1,0)),50) -> 0 | AD13: =SUM(P13:AC13) -> 106150
O14: 1999 | P14: =MROUND(P$3*INDEX('College Enrollment Projections'!$AJ$2:$AP$62,MATCH('Campus Enrol Disaggregation'!$O14,'College Enrollment Projections'!$AI$2:$AI$62,0),MATCH('Campus Enrol Disaggregation'!P$2,'College Enrollment Projections'!$AJ$1:$AP$1,0)),50) -> 32750 | Q14: =MROUND(Q$3*INDEX('College Enrollment Projections'!$AJ$2:$AP$62,MATCH('Campus Enrol Disaggregation'!$O14,'College Enrollment Projections'!$AI$2:$AI$62,0),MATCH('Campus Enrol Disaggregation'!Q$2,'College Enrollment Projections'!$AJ$1:$AP$1,0)),50) -> 0 | R14: =MROUND(R$3*INDEX('College Enrollment Projections'!$AJ$2:$AP$62,MATCH('Campus Enrol Disaggregation'!$O14,'College Enrollment Projections'!$AI$2:$AI$62,0),MATCH('Campus Enrol Disaggregation'!R$2,'College Enrollment Projections'!$AJ$1:$AP$1,0)),50) -> 11250 | S14: =MROUND(S$3*INDEX('College Enrollment Projections'!$AJ$2:$AP$62,MATCH('Campus Enrol Disaggregation'!$O14,'College Enrollment Projections'!$AI$2:$AI$62,0),MATCH('Campus Enrol Disaggregation'!S$2,'College Enrollment Projections'!$AJ$1:$AP$1,0)),50) -> 3950 | T14: =MROUND(T$3*INDEX('College Enrollment Projections'!$AJ$2:$AP$62,MATCH('Campus Enrol Disaggregation'!$O14,'College Enrollment Projections'!$AI$2:$AI$62,0),MATCH('Campus Enrol Disaggregation'!T$2,'College Enrollment Projections'!$AJ$1:$AP$1,0)),50) -> 1000 | U14: =MROUND(U$3*INDEX('College Enrollment Projections'!$AJ$2:$AP$62,MATCH('Campus Enrol Disaggregation'!$O14,'College Enrollment Projections'!$AI$2:$AI$62,0),MATCH('Campus Enrol Disaggregation'!U$2,'College Enrollment Projections'!$AJ$1:$AP$1,0)),50) -> 3500 | V14: =MROUND(V$3*INDEX('College Enrollment Projections'!$AJ$2:$AP$62,MATCH('Campus Enrol Disaggregation'!$O14,'College Enrollment Projections'!$AI$2:$AI$62,0),MATCH('Campus Enrol Disaggregation'!V$2,'College Enrollment Projections'!$AJ$1:$AP$1,0)),50) -> 25100 | W14: =MROUND(INDEX('MAG College Enrollment Forecast'!$B$4:$H$64,MATCH($O14,'MAG College Enrollment Forecast'!$A$4:$A$64,0),MATCH(W$4,'MAG College Enrollment Forecast'!$B$1:$H$1,0)),50) -> 20050 | X14: =MROUND(INDEX('MAG College Enrollment Forecast'!$B$4:$H$64,MATCH($O14,'MAG College Enrollment Forecast'!$A$4:$A$64,0),MATCH(X$4,'MAG College Enrollment Forecast'!$B$1:$H$1,0)),50) -> 0 | Y14: =MROUND(INDEX('MAG College Enrollment Forecast'!$B$4:$H$64,MATCH($O14,'MAG College Enrollment Forecast'!$A$4:$A$64,0),MATCH(Y$4,'MAG College Enrollment Forecast'!$B$1:$H$1,0)),50) -> 0 | Z14: =MROUND(INDEX('MAG College Enrollment Forecast'!$B$4:$H$64,MATCH($O14,'MAG College Enrollment Forecast'!$A$4:$A$64,0),MATCH(Z$4,'MAG College Enrollment Forecast'!$B$1:$H$1,0)),50) -> 0 | AA14: =MROUND(AA$3*INDEX('College Enrollment Projections'!$AJ$2:$AP$62,MATCH('Campus Enrol Disaggregation'!$O14,'College Enrollment Projections'!$AI$2:$AI$62,0),MATCH('Campus Enrol Disaggregation'!AA$2,'College Enrollment Projections'!$AJ$1:$AP$1,0)),50) -> 11250 | AB14: =MROUND(AB$3*INDEX('College Enrollment Projections'!$AJ$2:$AP$62,MATCH('Campus Enrol Disaggregation'!$O14,'College Enrollment Projections'!$AI$2:$AI$62,0),MATCH('Campus Enrol Disaggregation'!AB$2,'College Enrollment Projections'!$AJ$1:$AP$1,0)),50) -> 2950 | AC14: =MROUND(AC$3*INDEX('College Enrollment Projections'!$AJ$2:$AP$62,MATCH('Campus Enrol Disaggregation'!$O14,'College Enrollment Projections'!$AI$2:$AI$62,0),MATCH('Campus Enrol Disaggregation'!AC$2,'College Enrollment Projections'!$AJ$1:$AP$1,0)),50) -> 0 | AD14: =SUM(P14:AC14) -> 111800
O15: 2000 | P15: =MROUND(P$3*INDEX('College Enrollment Projections'!$AJ$2:$AP$62,MATCH('Campus Enrol Disaggregation'!$O15,'College Enrollment Projections'!$AI$2:$AI$62,0),MATCH('Campus Enrol Disaggregation'!P$2,'College Enrollment Projections'!$AJ$1:$AP$1,0)),50) -> 32550 | Q15: =MROUND(Q$3*INDEX('College Enrollment Projections'!$AJ$2:$AP$62,MATCH('Campus Enrol Disaggregation'!$O15,'College Enrollment Projections'!$AI$2:$AI$62,0),MATCH('Campus Enrol Disaggregation'!Q$2,'College Enrollment Projections'!$AJ$1:$AP$1,0)),50) -> 0 | R15: =MROUND(R$3*INDEX('College Enrollment Projections'!$AJ$2:$AP$62,MATCH('Campus Enrol Disaggregation'!$O15,'College Enrollment Projections'!$AI$2:$AI$62,0),MATCH('Campus Enrol Disaggregation'!R$2,'College Enrollment Projections'!$AJ$1:$AP$1,0)),50) -> 11650 | S15: =MROUND(S$3*INDEX('College Enrollment Projections'!$AJ$2:$AP$62,MATCH('Campus Enrol Disaggregation'!$O15,'College Enrollment Projections'!$AI$2:$AI$62,0),MATCH('Campus Enrol Disaggregation'!S$2,'College Enrollment Projections'!$AJ$1:$AP$1,0)),50) -> 4100 | T15: =MROUND(T$3*INDEX('College Enrollment Projections'!$AJ$2:$AP$62,MATCH('Campus Enrol Disaggregation'!$O15,'College Enrollment Projections'!$AI$2:$AI$62,0),MATCH('Campus Enrol Disaggregation'!T$2,'College Enrollment Projections'!$AJ$1:$AP$1,0)),50) -> 1000 | U15: =MROUND(U$3*INDEX('College Enrollment Projections'!$AJ$2:$AP$62,MATCH('Campus Enrol Disaggregation'!$O15,'College Enrollment Projections'!$AI$2:$AI$62,0),MATCH('Campus Enrol Disaggregation'!U$2,'College Enrollment Projections'!$AJ$1:$AP$1,0)),50) -> 3600 | V15: =MROUND(V$3*INDEX('College Enrollment Projections'!$AJ$2:$AP$62,MATCH('Campus Enrol Disaggregation'!$O15,'College Enrollment Projections'!$AI$2:$AI$62,0),MATCH('Campus Enrol Disaggregation'!V$2,'College Enrollment Projections'!$AJ$1:$AP$1,0)),50) -> 25450 | W15: =MROUND(INDEX('MAG College Enrollment Forecast'!$B$4:$H$64,MATCH($O15,'MAG College Enrollment Forecast'!$A$4:$A$64,0),MATCH(W$4,'MAG College Enrollment Forecast'!$B$1:$H$1,0)),50) -> 20950 | X15: =MROUND(INDEX('MAG College Enrollment Forecast'!$B$4:$H$64,MATCH($O15,'MAG College Enrollment Forecast'!$A$4:$A$64,0),MATCH(X$4,'MAG College Enrollment Forecast'!$B$1:$H$1,0)),50) -> 0 | Y15: =MROUND(INDEX('MAG College Enrollment Forecast'!$B$4:$H$64,MATCH($O15,'MAG College Enrollment Forecast'!$A$4:$A$64,0),MATCH(Y$4,'MAG College Enrollment Forecast'!$B$1:$H$1,0)),50) -> 0 | Z15: =MROUND(INDEX('MAG College Enrollment Forecast'!$B$4:$H$64,MATCH($O15,'MAG College Enrollment Forecast'!$A$4:$A$64,0),MATCH(Z$4,'MAG College Enrollment Forecast'!$B$1:$H$1,0)),50) -> 0 | AA15: =MROUND(AA$3*INDEX('College Enrollment Projections'!$AJ$2:$AP$62,MATCH('Campus Enrol Disaggregation'!$O15,'College Enrollment Projections'!$AI$2:$AI$62,0),MATCH('Campus Enrol Disaggregation'!AA$2,'College Enrollment Projections'!$AJ$1:$AP$1,0)),50) -> 12050 | AB15: =MROUND(AB$3*INDEX('College Enrollment Projections'!$AJ$2:$AP$62,MATCH('Campus Enrol Disaggregation'!$O15,'College Enrollment Projections'!$AI$2:$AI$62,0),MATCH('Campus Enrol Disaggregation'!AB$2,'College Enrollment Projections'!$AJ$1:$AP$1,0)),50) -> 3150 | AC15: =MROUND(AC$3*INDEX('College Enrollment Projections'!$AJ$2:$AP$62,MATCH('Campus Enrol Disaggregation'!$O15,'College Enrollment Projections'!$AI$2:$AI$62,0),MATCH('Campus Enrol Disaggregation'!AC$2,'College Enrollment Projections'!$AJ$1:$AP$1,0)),50) -> 0 | AD15: =SUM(P15:AC15) -> 114500
O16: 2001 | P16: =MROUND(P$3*INDEX('College Enrollment Projections'!$AJ$2:$AP$62,MATCH('Campus Enrol Disaggregation'!$O16,'College Enrollment Projections'!$AI$2:$AI$62,0),MATCH('Campus Enrol Disaggregation'!P$2,'College Enrollment Projections'!$AJ$1:$AP$1,0)),50) -> 32750 | Q16: =MROUND(Q$3*INDEX('College Enrollment Projections'!$AJ$2:$AP$62,MATCH('Campus Enrol Disaggregation'!$O16,'College Enrollment Projections'!$AI$2:$AI$62,0),MATCH('Campus Enrol Disaggregation'!Q$2,'College Enrollment Projections'!$AJ$1:$AP$1,0)),50) -> 0 | R16: =MROUND(R$3*INDEX('College Enrollment Projections'!$AJ$2:$AP$62,MATCH('Campus Enrol Disaggregation'!$O16,'College Enrollment Projections'!$AI$2:$AI$62,0),MATCH('Campus Enrol Disaggregation'!R$2,'College Enrollment Projections'!$AJ$1:$AP$1,0)),50) -> 12800 | S16: =MROUND(S$3*INDEX('College Enrollment Projections'!$AJ$2:$AP$62,MATCH('Campus Enrol Disaggregation'!$O16,'College Enrollment Projections'!$AI$2:$AI$62,0),MATCH('Campus Enrol Disaggregation'!S$2,'College Enrollment Projections'!$AJ$1:$AP$1,0)),50) -> 4450 | T16: =MROUND(T$3*INDEX('College Enrollment Projections'!$AJ$2:$AP$62,MATCH('Campus Enrol Disaggregation'!$O16,'College Enrollment Projections'!$AI$2:$AI$62,0),MATCH('Campus Enrol Disaggregation'!T$2,'College Enrollment Projections'!$AJ$1:$AP$1,0)),50) -> 1100 | U16: =MROUND(U$3*INDEX('College Enrollment Projections'!$AJ$2:$AP$62,MATCH('Campus Enrol Disaggregation'!$O16,'College Enrollment Projections'!$AI$2:$AI$62,0),MATCH('Campus Enrol Disaggregation'!U$2,'College Enrollment Projections'!$AJ$1:$AP$1,0)),50) -> 3950 | V16: =MROUND(V$3*INDEX('College Enrollment Projections'!$AJ$2:$AP$62,MATCH('Campus Enrol Disaggregation'!$O16,'College Enrollment Projections'!$AI$2:$AI$62,0),MATCH('Campus Enrol Disaggregation'!V$2,'College Enrollment Projections'!$AJ$1:$AP$1,0)),50) -> 26950 | W16: =MROUND(INDEX('MAG College Enrollment Forecast'!$B$4:$H$64,MATCH($O16,'MAG College Enrollment Forecast'!$A$4:$A$64,0),MATCH(W$4,'MAG College Enrollment Forecast'!$B$1:$H$1,0)),50) -> 22600 | X16: =MROUND(INDEX('MAG College Enrollment Forecast'!$B$4:$H$64,MATCH($O16,'MAG College Enrollment Forecast'!$A$4:$A$64,0),MATCH(X$4,'MAG College Enrollment Forecast'!$B$1:$H$1,0)),50) -> 0 | Y16: =MROUND(INDEX('MAG College Enrollment Forecast'!$B$4:$H$64,MATCH($O16,'MAG College Enrollment Forecast'!$A$4:$A$64,0),MATCH(Y$4,'MAG College Enrollment Forecast'!$B$1:$H$1,0)),50) -> 0 | Z16: =MROUND(INDEX('MAG College Enrollment Forecast'!$B$4:$H$64,MATCH($O16,'MAG College Enrollment Forecast'!$A$4:$A$64,0),MATCH(Z$4,'MAG College Enrollment Forecast'!$B$1:$H$1,0)),50) -> 0 | AA16: =MROUND(AA$3*INDEX('College Enrollment Projections'!$AJ$2:$AP$62,MATCH('Campus Enrol Disaggregation'!$O16,'College Enrollment Projections'!$AI$2:$AI$62,0),MATCH('Campus Enrol Disaggregation'!AA$2,'College Enrollment Projections'!$AJ$1:$AP$1,0)),50) -> 12700 | AB16: =MROUND(AB$3*INDEX('College Enrollment Projections'!$AJ$2:$AP$62,MATCH('Campus Enrol Disaggregation'!$O16,'College Enrollment Projections'!$AI$2:$AI$62,0),MATCH('Campus Enrol Disaggregation'!AB$2,'College Enrollment Projections'!$AJ$1:$AP$1,0)),50) -> 3350 | AC16: =MROUND(AC$3*INDEX('College Enrollment Projections'!$AJ$2:$AP$62,MATCH('Campus Enrol Disaggregation'!$O16,'College Enrollment Projections'!$AI$2:$AI$62,0),MATCH('Campus Enrol Disaggregation'!AC$2,'College Enrollment Projections'!$AJ$1:$AP$1,0)),50) -> 0 | AD16: =SUM(P16:AC16) -> 120650
... O65: 2050 | P65: =MROUND(P$3*INDEX('College Enrollment Projections'!$AJ$2:$AP$62,MATCH('Campus Enrol Disaggregation'!$O65,'College Enrollment Projections'!$AI$2:$AI$62,0),MATCH('Campus Enrol Disaggregation'!P$2,'College Enrollment Projections'!$AJ$1:$AP$1,0)),50) -> 39300 | Q65: =MROUND(Q$3*INDEX('College Enrollment Projections'!$AJ$2:$AP$62,MATCH('Campus Enrol Disaggregation'!$O65,'College Enrollment Projections'!$AI$2:$AI$62,0),MATCH('Campus Enrol Disaggregation'!Q$2,'College Enrollment Projections'!$AJ$1:$AP$1,0)),50) -> 2000 | R65: =MROUND(R$3*INDEX('College Enrollment Projections'!$AJ$2:$AP$62,MATCH('Campus Enrol Disaggregation'!$O65,'College Enrollment Projections'!$AI$2:$AI$62,0),MATCH('Campus Enrol Disaggregation'!R$2,'College Enrollment Projections'!$AJ$1:$AP$1,0)),50) -> 21100 | S65: =MROUND(S$3*INDEX('College Enrollment Projections'!$AJ$2:$AP$62,MATCH('Campus Enrol Disaggregation'!$O65,'College Enrollment Projections'!$AI$2:$AI$62,0),MATCH('Campus Enrol Disaggregation'!S$2,'College Enrollment Projections'!$AJ$1:$AP$1,0)),50) -> 7400 | T65: =MROUND(T$3*INDEX('College Enrollment Projections'!$AJ$2:$AP$62,MATCH('Campus Enrol Disaggregation'!$O65,'College Enrollment Projections'!$AI$2:$AI$62,0),MATCH('Campus Enrol Disaggregation'!T$2,'College Enrollment Projections'!$AJ$1:$AP$1,0)),50) -> 1850 | U65: =MROUND(U$3*INDEX('College Enrollment Projections'!$AJ$2:$AP$62,MATCH('Campus Enrol Disaggregation'!$O65,'College Enrollment Projections'!$AI$2:$AI$62,0),MATCH('Campus Enrol Disaggregation'!U$2,'College Enrollment Projections'!$AJ$1:$AP$1,0)),50) -> 6550 | V65: =MROUND(V$3*INDEX('College Enrollment Projections'!$AJ$2:$AP$62,MATCH('Campus Enrol Disaggregation'!$O65,'College Enrollment Projections'!$AI$2:$AI$62,0),MATCH('Campus Enrol Disaggregation'!V$2,'College Enrollment Projections'!$AJ$1:$AP$1,0)),50) -> 41850 | W65: =MROUND(INDEX('MAG College Enrollment Forecast'!$B$4:$H$64,MATCH($O65,'MAG College Enrollment Forecast'!$A$4:$A$64,0),MATCH(W$4,'MAG College Enrollment Forecast'!$B$1:$H$1,0)),50) -> 68000 | X65: =MROUND(INDEX('MAG College Enrollment Forecast'!$B$4:$H$64,MATCH($O65,'MAG College Enrollment Forecast'!$A$4:$A$64,0),MATCH(X$4,'MAG College Enrollment Forecast'!$B$1:$H$1,0)),50) -> 2600 | Y65: =MROUND(INDEX('MAG College Enrollment Forecast'!$B$4:$H$64,MATCH($O65,'MAG College Enrollment Forecast'!$A$4:$A$64,0),MATCH(Y$4,'MAG College Enrollment Forecast'!$B$1:$H$1,0)),50) -> 3000 | Z65: =MROUND(INDEX('MAG College Enrollment Forecast'!$B$4:$H$64,MATCH($O65,'MAG College Enrollment Forecast'!$A$4:$A$64,0),MATCH(Z$4,'MAG College Enrollment Forecast'!$B$1:$H$1,0)),50) -> 4300 | AA65: =MROUND(AA$3*INDEX('College Enrollment Projections'!$AJ$2:$AP$62,MATCH('Campus Enrol Disaggregation'!$O65,'College Enrollment Projections'!$AI$2:$AI$62,0),MATCH('Campus Enrol Disaggregation'!AA$2,'College Enrollment Projections'!$AJ$1:$AP$1,0)),50) -> 32350 | AB65: =MROUND(AB$3*INDEX('College Enrollment Projections'!$AJ$2:$AP$62,MATCH('Campus Enrol Disaggregation'!$O65,'College Enrollment Projections'!$AI$2:$AI$62,0),MATCH('Campus Enrol Disaggregation'!AB$2,'College Enrollment Projections'!$AJ$1:$AP$1,0)),50) -> 8500 | AC65: =MROUND(AC$3*INDEX('College Enrollment Projections'!$AJ$2:$AP$62,MATCH('Campus Enrol Disaggregation'!$O65,'College Enrollment Projections'!$AI$2:$AI$62,0),MATCH('Campus Enrol Disaggregation'!AC$2,'College Enrollment Projections'!$AJ$1:$AP$1,0)),50) -> 3000 | AD65: =SUM(P65:AC65) -> 241800

Sheet College Enrollment Projections
A1: =$AJ$1 & " Enrollment" -> UOFU Enrollment | I1: =$AL$1 & " Enrollment" -> UVU Enrollment | Q1: =$AN$1 & " Enrollment" -> BYU Enrollment | Y1: =$AP$1 & " Enrollment" -> WESTMIN Enrollment | AI1: Year | AJ1: UOFU | AK1: WSU | AL1: UVU | AM1: SLCC | AN1: BYU | AO1: ENSIGN | AP1: WESTMIN
AI2: 1990 | AJ2: =INDEX('Historic from 2019 RTP'!$B$2:$E$29,MATCH('College Enrollment Projections'!$AI2,'Historic from 2019 RTP'!$A$2:$A$29,0),MATCH('College Enrollment Projections'!AJ$1,'Historic from 2019 RTP'!$B$1:$E$1,0)) -> 24311 | AK2: =INDEX('Historic from 2019 RTP'!$B$2:$E$29,MATCH('College Enrollment Projections'!$AI2,'Historic from 2019 RTP'!$A$2:$A$29,0),MATCH('College Enrollment Projections'!AK$1,'Historic from 2019 RTP'!$B$1:$E$1,0)) -> 13449 | AL2: =SUM('MAG College Enrollment Forecast'!C4:H4) -> 7885 | AM2: =INDEX('Historic from 2019 RTP'!$B$2:$E$29,MATCH('College Enrollment Projections'!$AI2,'Historic from 2019 RTP'!$A$2:$A$29,0),MATCH('College Enrollment Projections'!AM$1,'Historic from 2019 RTP'!$B$1:$E$1,0)) -> 13344 | AN2: ='MAG College Enrollment Forecast'!B4 -> 30465
AI3: 1991 | AJ3: =INDEX('Historic from 2019 RTP'!$B$2:$E$29,MATCH('College Enrollment Projections'!$AI3,'Historic from 2019 RTP'!$A$2:$A$29,0),MATCH('College Enrollment Projections'!AJ$1,'Historic from 2019 RTP'!$B$1:$E$1,0)) -> 25581 | AK3: =INDEX('Historic from 2019 RTP'!$B$2:$E$29,MATCH('College Enrollment Projections'!$AI3,'Historic from 2019 RTP'!$A$2:$A$29,0),MATCH('College Enrollment Projections'!AK$1,'Historic from 2019 RTP'!$B$1:$E$1,0)) -> 14495 | AL3: =SUM('MAG College Enrollment Forecast'!C5:H5) -> 8777 | AM3: =INDEX('Historic from 2019 RTP'!$B$2:$E$29,MATCH('College Enrollment Projections'!$AI3,'Historic from 2019 RTP'!$A$2:$A$29,0),MATCH('College Enrollment Projections'!AM$1,'Historic from 2019 RTP'!$B$1:$E$1,0)) -> 15972 | AN3: ='MAG College Enrollment Forecast'!B5 -> 31101
AI4: 1992 | AJ4: =INDEX('Historic from 2019 RTP'!$B$2:$E$29,MATCH('College Enrollment Projections'!$AI4,'Historic from 2019 RTP'!$A$2:$A$29,0),MATCH('College Enrollment Projections'!AJ$1,'Historic from 2019 RTP'!$B$1:$E$1,0)) -> 25868 | AK4: =INDEX('Historic from 2019 RTP'!$B$2:$E$29,MATCH('College Enrollment Projections'!$AI4,'Historic from 2019 RTP'!$A$2:$A$29,0),MATCH('College Enrollment Projections'!AK$1,'Historic from 2019 RTP'!$B$1:$E$1,0)) -> 14993 | AL4: =SUM('MAG College Enrollment Forecast'!C6:H6) -> 9623 | AM4: =INDEX('Historic from 2019 RTP'!$B$2:$E$29,MATCH('College Enrollment Projections'!$AI4,'Historic from 2019 RTP'!$A$2:$A$29,0),MATCH('College Enrollment Projections'!AM$1,'Historic from 2019 RTP'!$B$1:$E$1,0)) -> 17766 | AN4: ='MAG College Enrollment Forecast'!B6 -> 31108
AI5: 1993 | AJ5: =INDEX('Historic from 2019 RTP'!$B$2:$E$29,MATCH('College Enrollment Projections'!$AI5,'Historic from 2019 RTP'!$A$2:$A$29,0),MATCH('College Enrollment Projections'!AJ$1,'Historic from 2019 RTP'!$B$1:$E$1,0)) -> 25982 | AK5: =INDEX('Historic from 2019 RTP'!$B$2:$E$29,MATCH('College Enrollment Projections'!$AI5,'Historic from 2019 RTP'!$A$2:$A$29,0),MATCH('College Enrollment Projections'!AK$1,'Historic from 2019 RTP'!$B$1:$E$1,0)) -> 14447 | AL5: =SUM('MAG College Enrollment Forecast'!C7:H7) -> 10512 | AM5: =INDEX('Historic from 2019 RTP'!$B$2:$E$29,MATCH('College Enrollment Projections'!$AI5,'Historic from 2019 RTP'!$A$2:$A$29,0),MATCH('College Enrollment Projections'!AM$1,'Historic from 2019 RTP'!$B$1:$E$1,0)) -> 18311 | AN5: ='MAG College Enrollment Forecast'!B7 -> 30547
AI6: 1994 | AJ6: =INDEX('Historic from 2019 RTP'!$B$2:$E$29,MATCH('College Enrollment Projections'!$AI6,'Historic from 2019 RTP'!$A$2:$A$29,0),MATCH('College Enrollment Projections'!AJ$1,'Historic from 2019 RTP'!$B$1:$E$1,0)) -> 25645 | AK6: =INDEX('Historic from 2019 RTP'!$B$2:$E$29,MATCH('College Enrollment Projections'!$AI6,'Historic from 2019 RTP'!$A$2:$A$29,0),MATCH('College Enrollment Projections'!AK$1,'Historic from 2019 RTP'!$B$1:$E$1,0)) -> 14230 | AL6: =SUM('MAG College Enrollment Forecast'!C8:H8) -> 13293 | AM6: =INDEX('Historic from 2019 RTP'!$B$2:$E$29,MATCH('College Enrollment Projections'!$AI6,'Historic from 2019 RTP'!$A$2:$A$29,0),MATCH('College Enrollment Projections'!AM$1,'Historic from 2019 RTP'!$B$1:$E$1,0)) -> 19440 | AN6: ='MAG College Enrollment Forecast'!B8 -> 30413
AI7: 1995 | AJ7: =INDEX('Historic from 2019 RTP'!$B$2:$E$29,MATCH('College Enrollment Projections'!$AI7,'Historic from 2019 RTP'!$A$2:$A$29,0),MATCH('College Enrollment Projections'!AJ$1,'Historic from 2019 RTP'!$B$1:$E$1,0)) -> 26810 | AK7: =INDEX('Historic from 2019 RTP'!$B$2:$E$29,MATCH('College Enrollment Projections'!$AI7,'Historic from 2019 RTP'!$A$2:$A$29,0),MATCH('College Enrollment Projections'!AK$1,'Historic from 2019 RTP'!$B$1:$E$1,0)) -> 13996 | AL7: =SUM('MAG College Enrollment Forecast'!C9:H9) -> 14040 | AM7: =INDEX('Historic from 2019 RTP'!$B$2:$E$29,MATCH('College Enrollment Projections'!$AI7,'Historic from 2019 RTP'!$A$2:$A$29,0),MATCH('College Enrollment Projections'!AM$1,'Historic from 2019 RTP'!$B$1:$E$1,0)) -> 20834 | AN7: ='MAG College Enrollment Forecast'!B9 -> 30465
AI8: 1996 | AJ8: =INDEX('Historic from 2019 RTP'!$B$2:$E$29,MATCH('College Enrollment Projections'!$AI8,'Historic from 2019 RTP'!$A$2:$A$29,0),MATCH('College Enrollment Projections'!AJ$1,'Historic from 2019 RTP'!$B$1:$E$1,0)) -> 26079 | AK8: =INDEX('Historic from 2019 RTP'!$B$2:$E$29,MATCH('College Enrollment Projections'!$AI8,'Historic from 2019 RTP'!$A$2:$A$29,0),MATCH('College Enrollment Projections'!AK$1,'Historic from 2019 RTP'!$B$1:$E$1,0)) -> 13906 | AL8: =SUM('MAG College Enrollment Forecast'!C10:H10) -> 14756 | AM8: =INDEX('Historic from 2019 RTP'!$B$2:$E$29,MATCH('College Enrollment Projections'!$AI8,'Historic from 2019 RTP'!$A$2:$A$29,0),MATCH('College Enrollment Projections'!AM$1,'Historic from 2019 RTP'!$B$1:$E$1,0)) -> 22394 | AN8: ='MAG College Enrollment Forecast'!B10 -> 30563
AI9: 1997 | AJ9: =INDEX('Historic from 2019 RTP'!$B$2:$E$29,MATCH('College Enrollment Projections'!$AI9,'Historic from 2019 RTP'!$A$2:$A$29,0),MATCH('College Enrollment Projections'!AJ$1,'Historic from 2019 RTP'!$B$1:$E$1,0)) -> 25895 | AK9: =INDEX('Historic from 2019 RTP'!$B$2:$E$29,MATCH('College Enrollment Projections'!$AI9,'Historic from 2019 RTP'!$A$2:$A$29,0),MATCH('College Enrollment Projections'!AK$1,'Historic from 2019 RTP'!$B$1:$E$1,0)) -> 14613 | AL9: =SUM('MAG College Enrollment Forecast'!C11:H11) -> 15994 | AM9: =INDEX('Historic from 2019 RTP'!$B$2:$E$29,MATCH('College Enrollment Projections'!$AI9,'Historic from 2019 RTP'!$A$2:$A$29,0),MATCH('College Enrollment Projections'!AM$1,'Historic from 2019 RTP'!$B$1:$E$1,0)) -> 24307 | AN9: ='MAG College Enrollment Forecast'!B11 -> 31249
AI10: 1998 | AJ10: =INDEX('Historic from 2019 RTP'!$B$2:$E$29,MATCH('College Enrollment Projections'!$AI10,'Historic from 2019 RTP'!$A$2:$A$29,0),MATCH('College Enrollment Projections'!AJ$1,'Historic from 2019 RTP'!$B$1:$E$1,0)) -> 25018 | AK10: =INDEX('Historic from 2019 RTP'!$B$2:$E$29,MATCH('College Enrollment Projections'!$AI10,'Historic from 2019 RTP'!$A$2:$A$29,0),MATCH('College Enrollment Projections'!AK$1,'Historic from 2019 RTP'!$B$1:$E$1,0)) -> 13900 | AL10: =SUM('MAG College Enrollment Forecast'!C12:H12) -> 18174 | AM10: =INDEX('Historic from 2019 RTP'!$B$2:$E$29,MATCH('College Enrollment Projections'!$AI10,'Historic from 2019 RTP'!$A$2:$A$29,0),MATCH('College Enrollment Projections'!AM$1,'Historic from 2019 RTP'!$B$1:$E$1,0)) -> 19754 | AN10: ='MAG College Enrollment Forecast'!B12 -> 32202
AI11: 1999 | AJ11: =INDEX('Historic from 2019 RTP'!$B$2:$E$29,MATCH('College Enrollment Projections'!$AI11,'Historic from 2019 RTP'!$A$2:$A$29,0),MATCH('College Enrollment Projections'!AJ$1,'Historic from 2019 RTP'!$B$1:$E$1,0)) -> 25781 | AK11: =INDEX('Historic from 2019 RTP'!$B$2:$E$29,MATCH('College Enrollment Projections'!$AI11,'Historic from 2019 RTP'!$A$2:$A$29,0),MATCH('College Enrollment Projections'!AK$1,'Historic from 2019 RTP'!$B$1:$E$1,0)) -> 14984 | AL11: =SUM('MAG College Enrollment Forecast'!C13:H13) -> 20062 | AM11: =INDEX('Historic from 2019 RTP'!$B$2:$E$29,MATCH('College Enrollment Projections'!$AI11,'Historic from 2019 RTP'!$A$2:$A$29,0),MATCH('College Enrollment Projections'!AM$1,'Historic from 2019 RTP'!$B$1:$E$1,0)) -> 21273 | AN11: ='MAG College Enrollment Forecast'!B13 -> 32731
AI12: 2000 | AJ12: =INDEX('Historic from 2019 RTP'!$B$2:$E$29,MATCH('College Enrollment Projections'!$AI12,'Historic from 2019 RTP'!$A$2:$A$29,0),MATCH('College Enrollment Projections'!AJ$1,'Historic from 2019 RTP'!$B$1:$E$1,0)) -> 26163 | AK12: =INDEX('Historic from 2019 RTP'!$B$2:$E$29,MATCH('College Enrollment Projections'!$AI12,'Historic from 2019 RTP'!$A$2:$A$29,0),MATCH('College Enrollment Projections'!AK$1,'Historic from 2019 RTP'!$B$1:$E$1,0)) -> 16050 | AL12: =SUM('MAG College Enrollment Forecast'!C14:H14) -> 20946 | AM12: =INDEX('Historic from 2019 RTP'!$B$2:$E$29,MATCH('College Enrollment Projections'!$AI12,'Historic from 2019 RTP'!$A$2:$A$29,0),MATCH('College Enrollment Projections'!AM$1,'Historic from 2019 RTP'!$B$1:$E$1,0)) -> 22109 | AN12: ='MAG College Enrollment Forecast'!B14 -> 32554
AI13: 2001 | AJ13: =INDEX('Historic from 2019 RTP'!$B$2:$E$29,MATCH('College Enrollment Projections'!$AI13,'Historic from 2019 RTP'!$A$2:$A$29,0),MATCH('College Enrollment Projections'!AJ$1,'Historic from 2019 RTP'!$B$1:$E$1,0)) -> 27658 | AK13: =INDEX('Historic from 2019 RTP'!$B$2:$E$29,MATCH('College Enrollment Projections'!$AI13,'Historic from 2019 RTP'!$A$2:$A$29,0),MATCH('College Enrollment Projections'!AK$1,'Historic from 2019 RTP'!$B$1:$E$1,0)) -> 16871 | AL13: =SUM('MAG College Enrollment Forecast'!C15:H15) -> 22609 | AM13: =INDEX('Historic from 2019 RTP'!$B$2:$E$29,MATCH('College Enrollment Projections'!$AI13,'Historic from 2019 RTP'!$A$2:$A$29,0),MATCH('College Enrollment Projections'!AM$1,'Historic from 2019 RTP'!$B$1:$E$1,0)) -> 24215 | AN13: ='MAG College Enrollment Forecast'!B15 -> 32771
AI14: 2002 | AJ14: =INDEX('Historic from 2019 RTP'!$B$2:$E$29,MATCH('College Enrollment Projections'!$AI14,'Historic from 2019 RTP'!$A$2:$A$29,0),MATCH('College Enrollment Projections'!AJ$1,'Historic from 2019 RTP'!$B$1:$E$1,0)) -> 28369 | AK14: =INDEX('Historic from 2019 RTP'!$B$2:$E$29,MATCH('College Enrollment Projections'!$AI14,'Historic from 2019 RTP'!$A$2:$A$29,0),MATCH('College Enrollment Projections'!AK$1,'Historic from 2019 RTP'!$B$1:$E$1,0)) -> 18059 | AL14: =SUM('MAG College Enrollment Forecast'!C16:H16) -> 23609 | AM14: =INDEX('Historic from 2019 RTP'!$B$2:$E$29,MATCH('College Enrollment Projections'!$AI14,'Historic from 2019 RTP'!$A$2:$A$29,0),MATCH('College Enrollment Projections'!AM$1,'Historic from 2019 RTP'!$B$1:$E$1,0)) -> 23825 | AN14: ='MAG College Enrollment Forecast'!B16 -> 32408
AI15: 2003 | AJ15: =INDEX('Historic from 2019 RTP'!$B$2:$E$29,MATCH('College Enrollment Projections'!$AI15,'Historic from 2019 RTP'!$A$2:$A$29,0),MATCH('College Enrollment Projections'!AJ$1,'Historic from 2019 RTP'!$B$1:$E$1,0)) -> 28437 | AK15: =INDEX('Historic from 2019 RTP'!$B$2:$E$29,MATCH('College Enrollment Projections'!$AI15,'Historic from 2019 RTP'!$A$2:$A$29,0),MATCH('College Enrollment Projections'!AK$1,'Historic from 2019 RTP'!$B$1:$E$1,0)) -> 18821 | AL15: =SUM('MAG College Enrollment Forecast'!C17:H17) -> 23803 | AM15: =INDEX('Historic from 2019 RTP'!$B$2:$E$29,MATCH('College Enrollment Projections'!$AI15,'Historic from 2019 RTP'!$A$2:$A$29,0),MATCH('College Enrollment Projections'!AM$1,'Historic from 2019 RTP'!$B$1:$E$1,0)) -> 24153 | AN15: ='MAG College Enrollment Forecast'!B17 -> 33008 | AO15: 1275
AI16: 2004 | AJ16: =INDEX('Historic from 2019 RTP'!$B$2:$E$29,MATCH('College Enrollment Projections'!$AI16,'Historic from 2019 RTP'!$A$2:$A$29,0),MATCH('College Enrollment Projections'!AJ$1,'Historic from 2019 RTP'!$B$1:$E$1,0)) -> 28933 | AK16: =INDEX('Historic from 2019 RTP'!$B$2:$E$29,MATCH('College Enrollment Projections'!$AI16,'Historic from 2019 RTP'!$A$2:$A$29,0),MATCH('College Enrollment Projections'!AK$1,'Historic from 2019 RTP'!$B$1:$E$1,0)) -> 18498 | AL16: =SUM('MAG College Enrollment Forecast'!C18:H18) -> 24149 | AM16: =INDEX('Historic from 2019 RTP'!$B$2:$E$29,MATCH('College Enrollment Projections'!$AI16,'Historic from 2019 RTP'!$A$2:$A$29,0),MATCH('College Enrollment Projections'!AM$1,'Historic from 2019 RTP'!$B$1:$E$1,0)) -> 25711 | AN16: ='MAG College Enrollment Forecast'!B18 -> 33427 | AO16: =($AO$24-$AO$15)/($AI$24-$AI$15)*(AI16-$AI$15)+$AO$15 -> 1377.7778
A17: =$AK$1 & " Enrollment" -> WSU Enrollment | I17: =$AM$1 & " Enrollment" -> SLCC Enrollment | Q17: =$AO$1 & " Enrollment" -> ENSIGN Enrollment | AI17: 2005 | AJ17: =INDEX('Historic from 2019 RTP'!$B$2:$E$29,MATCH('College Enrollment Projections'!$AI17,'Historic from 2019 RTP'!$A$2:$A$29,0),MATCH('College Enrollment Projections'!AJ$1,'Historic from 2019 RTP'!$B$1:$E$1,0)) -> 29012 | AK17: =INDEX('Historic from 2019 RTP'!$B$2:$E$29,MATCH('College Enrollment Projections'!$AI17,'Historic from 2019 RTP'!$A$2:$A$29,0),MATCH('College Enrollment Projections'!AK$1,'Historic from 2019 RTP'!$B$1:$E$1,0)) -> 18142 | AL17: =SUM('MAG College Enrollment Forecast'!C19:H19) -> 24487 | AM17: =INDEX('Historic from 2019 RTP'!$B$2:$E$29,MATCH('College Enrollment Projections'!$AI17,'Historic from 2019 RTP'!$A$2:$A$29,0),MATCH('College Enrollment Projections'!AM$1,'Historic from 2019 RTP'!$B$1:$E$1,0)) -> 25551 | AN17: ='MAG College Enrollment Forecast'!B19 -> 32920 | AO17: =($AO$24-$AO$15)/($AI$24-$AI$15)*(AI17-$AI$15)+$AO$15 -> 1480.5556
AI18: 2006 | AJ18: =INDEX('Historic from 2019 RTP'!$B$2:$E$29,MATCH('College Enrollment Projections'!$AI18,'Historic from 2019 RTP'!$A$2:$A$29,0),MATCH('College Enrollment Projections'!AJ$1,'Historic from 2019 RTP'!$B$1:$E$1,0)) -> 28619 | AK18: =INDEX('Historic from 2019 RTP'!$B$2:$E$29,MATCH('College Enrollment Projections'!$AI18,'Historic from 2019 RTP'!$A$2:$A$29,0),MATCH('College Enrollment Projections'!AK$1,'Historic from 2019 RTP'!$B$1:$E$1,0)) -> 18303 | AL18: =SUM('MAG College Enrollment Forecast'!C20:H20) -> 23305 | AM18: =INDEX('Historic from 2019 RTP'!$B$2:$E$29,MATCH('College Enrollment Projections'!$AI18,'Historic from 2019 RTP'!$A$2:$A$29,0),MATCH('College Enrollment Projections'!AM$1,'Historic from 2019 RTP'!$B$1:$E$1,0)) -> 25129 | AN18: ='MAG College Enrollment Forecast'!B20 -> 32679 | AO18: =($AO$24-$AO$15)/($AI$24-$AI$15)*(AI18-$AI$15)+$AO$15 -> 1583.3333 | AP18: =VLOOKUP(AI18,Westminster!$A$2:$D$17,4) -> 2479
AI19: 2007 | AJ19: =INDEX('Historic from 2019 RTP'!$B$2:$E$29,MATCH('College Enrollment Projections'!$AI19,'Historic from 2019 RTP'!$A$2:$A$29,0),MATCH('College Enrollment Projections'!AJ$1,'Historic from 2019 RTP'!$B$1:$E$1,0)) -> 28025 | AK19: =INDEX('Historic from 2019 RTP'!$B$2:$E$29,MATCH('College Enrollment Projections'!$AI19,'Historic from 2019 RTP'!$A$2:$A$29,0),MATCH('College Enrollment Projections'!AK$1,'Historic from 2019 RTP'!$B$1:$E$1,0)) -> 18081 | AL19: =SUM('MAG College Enrollment Forecast'!C21:H21) -> 23840 | AM19: =INDEX('Historic from 2019 RTP'!$B$2:$E$29,MATCH('College Enrollment Projections'!$AI19,'Historic from 2019 RTP'!$A$2:$A$29,0),MATCH('College Enrollment Projections'!AM$1,'Historic from 2019 RTP'!$B$1:$E$1,0)) -> 25144 | AN19: ='MAG College Enrollment Forecast'!B21 -> 32964 | AO19: =($AO$24-$AO$15)/($AI$24-$AI$15)*(AI19-$AI$15)+$AO$15 -> 1686.1111 | AP19: =VLOOKUP(AI19,Westminster!$A$2:$D$17,4) -> 2661
AI20: 2008 | AJ20: =INDEX('Historic from 2019 RTP'!$B$2:$E$29,MATCH('College Enrollment Projections'!$AI20,'Historic from 2019 RTP'!$A$2:$A$29,0),MATCH('College Enrollment Projections'!AJ$1,'Historic from 2019 RTP'!$B$1:$E$1,0)) -> 28211 | AK20: =INDEX('Historic from 2019 RTP'!$B$2:$E$29,MATCH('College Enrollment Projections'!$AI20,'Historic from 2019 RTP'!$A$2:$A$29,0),MATCH('College Enrollment Projections'!AK$1,'Historic from 2019 RTP'!$B$1:$E$1,0)) -> 21388 | AL20: =SUM('MAG College Enrollment Forecast'!C22:H22) -> 27052 | AM20: =INDEX('Historic from 2019 RTP'!$B$2:$E$29,MATCH('College Enrollment Projections'!$AI20,'Historic from 2019 RTP'!$A$2:$A$29,0),MATCH('College Enrollment Projections'!AM$1,'Historic from 2019 RTP'!$B$1:$E$1,0)) -> 29867 | AN20: ='MAG College Enrollment Forecast'!B22 -> 32992 | AO20: =($AO$24-$AO$15)/($AI$24-$AI$15)*(AI20-$AI$15)+$AO$15 -> 1788.8889 | AP20: =VLOOKUP(AI20,Westminster!$A$2:$D$17,4) -> 2859
AI21: 2009 | AJ21: =INDEX('Historic from 2019 RTP'!$B$2:$E$29,MATCH('College Enrollment Projections'!$AI21,'Historic from 2019 RTP'!$A$2:$A$29,0),MATCH('College Enrollment Projections'!AJ$1,'Historic from 2019 RTP'!$B$1:$E$1,0)) -> 30110 | AK21: =INDEX('Historic from 2019 RTP'!$B$2:$E$29,MATCH('College Enrollment Projections'!$AI21,'Historic from 2019 RTP'!$A$2:$A$29,0),MATCH('College Enrollment Projections'!AK$1,'Historic from 2019 RTP'!$B$1:$E$1,0)) -> 23777 | AL21: =SUM('MAG College Enrollment Forecast'!C23:H23) -> 29045 | AM21: =INDEX('Historic from 2019 RTP'!$B$2:$E$29,MATCH('College Enrollment Projections'!$AI21,'Historic from 2019 RTP'!$A$2:$A$29,0),MATCH('College Enrollment Projections'!AM$1,'Historic from 2019 RTP'!$B$1:$E$1,0)) -> 39903 | AN21: ='MAG College Enrollment Forecast'!B23 -> 32955 | AO21: =($AO$24-$AO$15)/($AI$24-$AI$15)*(AI21-$AI$15)+$AO$15 -> 1891.6667 | AP21: =VLOOKUP(AI21,Westminster!$A$2:$D$17,4) -> 3037
AI22: 2010 | AJ22: =INDEX('Historic from 2019 RTP'!$B$2:$E$29,MATCH('College Enrollment Projections'!$AI22,'Historic from 2019 RTP'!$A$2:$A$29,0),MATCH('College Enrollment Projections'!AJ$1,'Historic from 2019 RTP'!$B$1:$E$1,0)) -> 31643 | AK22: =INDEX('Historic from 2019 RTP'!$B$2:$E$29,MATCH('College Enrollment Projections'!$AI22,'Historic from 2019 RTP'!$A$2:$A$29,0),MATCH('College Enrollment Projections'!AK$1,'Historic from 2019 RTP'!$B$1:$E$1,0)) -> 24496 | AL22: =SUM('MAG College Enrollment Forecast'!C24:H24) -> 31739 | AM22: =INDEX('Historic from 2019 RTP'!$B$2:$E$29,MATCH('College Enrollment Projections'!$AI22,'Historic from 2019 RTP'!$A$2:$A$29,0),MATCH('College Enrollment Projections'!AM$1,'Historic from 2019 RTP'!$B$1:$E$1,0)) -> 38288 | AN22: ='MAG College Enrollment Forecast'!B24 -> 32947 | AO22: =($AO$24-$AO$15)/($AI$24-$AI$15)*(AI22-$AI$15)+$AO$15 -> 1994.4444 | AP22: =VLOOKUP(AI22,Westminster!$A$2:$D$17,4) -> 3163
AI23: 2011 | AJ23: =INDEX('Historic from 2019 RTP'!$B$2:$E$29,MATCH('College Enrollment Projections'!$AI23,'Historic from 2019 RTP'!$A$2:$A$29,0),MATCH('College Enrollment Projections'!AJ$1,'Historic from 2019 RTP'!$B$1:$E$1,0)) -> 32722 | AK23: =INDEX('Historic from 2019 RTP'!$B$2:$E$29,MATCH('College Enrollment Projections'!$AI23,'Historic from 2019 RTP'!$A$2:$A$29,0),MATCH('College Enrollment Projections'!AK$1,'Historic from 2019 RTP'!$B$1:$E$1,0)) -> 26256 | AL23: =SUM('MAG College Enrollment Forecast'!C25:H25) -> 32734 | AM23: =INDEX('Historic from 2019 RTP'!$B$2:$E$29,MATCH('College Enrollment Projections'!$AI23,'Historic from 2019 RTP'!$A$2:$A$29,0),MATCH('College Enrollment Projections'!AM$1,'Historic from 2019 RTP'!$B$1:$E$1,0)) -> 36782 | AN23: ='MAG College Enrollment Forecast'!B25 -> 32980 | AO23: =($AO$24-$AO$15)/($AI$24-$AI$15)*(AI23-$AI$15)+$AO$15 -> 2097.2222 | AP23: =VLOOKUP(AI23,Westminster!$A$2:$D$17,4) -> 3358
AI24: 2012 | AJ24: =INDEX('Historic from 2019 RTP'!$B$2:$E$29,MATCH('College Enrollment Projections'!$AI24,'Historic from 2019 RTP'!$A$2:$A$29,0),MATCH('College Enrollment Projections'!AJ$1,'Historic from 2019 RTP'!$B$1:$E$1,0)) -> 33291 | AK24: =INDEX('Historic from 2019 RTP'!$B$2:$E$29,MATCH('College Enrollment Projections'!$AI24,'Historic from 2019 RTP'!$A$2:$A$29,0),MATCH('College Enrollment Projections'!AK$1,'Historic from 2019 RTP'!$B$1:$E$1,0)) -> 27381 | AL24: =SUM('MAG College Enrollment Forecast'!C26:H26) -> 31810 | AM24: =INDEX('Historic from 2019 RTP'!$B$2:$E$29,MATCH('College Enrollment Projections'!$AI24,'Historic from 2019 RTP'!$A$2:$A$29,0),MATCH('College Enrollment Projections'!AM$1,'Historic from 2019 RTP'!$B$1:$E$1,0)) -> 35804 | AN24: ='MAG College Enrollment Forecast'!B26 -> 34409 | AO24: 2200 | AP24: =VLOOKUP(AI24,Westminster!$A$2:$D$17,4) -> 3301
AI25: 2013 | AJ25: =INDEX('Historic from 2019 RTP'!$B$2:$E$29,MATCH('College Enrollment Projections'!$AI25,'Historic from 2019 RTP'!$A$2:$A$29,0),MATCH('College Enrollment Projections'!AJ$1,'Historic from 2019 RTP'!$B$1:$E$1,0)) -> 36226 | AK25: =INDEX('Historic from 2019 RTP'!$B$2:$E$29,MATCH('College Enrollment Projections'!$AI25,'Historic from 2019 RTP'!$A$2:$A$29,0),MATCH('College Enrollment Projections'!AK$1,'Historic from 2019 RTP'!$B$1:$E$1,0)) -> 25886 | AL25: =SUM('MAG College Enrollment Forecast'!C27:H27) -> 30880 | AM25: =INDEX('Historic from 2019 RTP'!$B$2:$E$29,MATCH('College Enrollment Projections'!$AI25,'Historic from 2019 RTP'!$A$2:$A$29,0),MATCH('College Enrollment Projections'!AM$1,'Historic from 2019 RTP'!$B$1:$E$1,0)) -> 35043 | AN25: ='MAG College Enrollment Forecast'!B27 -> 31123 | AO25: =($AO$28-$AO$24)/($AI$28-$AI$24)*(AI25-$AI$24)+$AO$24 -> 2179.75 | AP25: =VLOOKUP(AI25,Westminster!$A$2:$D$17,4) -> 3108
AI26: 2014 | AJ26: =INDEX('Historic from 2019 RTP'!$B$2:$E$29,MATCH('College Enrollment Projections'!$AI26,'Historic from 2019 RTP'!$A$2:$A$29,0),MATCH('College Enrollment Projections'!AJ$1,'Historic from 2019 RTP'!$B$1:$E$1,0)) -> 32003 | AK26: =INDEX('Historic from 2019 RTP'!$B$2:$E$29,MATCH('College Enrollment Projections'!$AI26,'Historic from 2019 RTP'!$A$2:$A$29,0),MATCH('College Enrollment Projections'!AK$1,'Historic from 2019 RTP'!$B$1:$E$1,0)) -> 26913 | AL26: =SUM('MAG College Enrollment Forecast'!C28:H28) -> 31589 | AM26: =INDEX('Historic from 2019 RTP'!$B$2:$E$29,MATCH('College Enrollment Projections'!$AI26,'Historic from 2019 RTP'!$A$2:$A$29,0),MATCH('College Enrollment Projections'!AM$1,'Historic from 2019 RTP'!$B$1:$E$1,0)) -> 33451 | AN26: ='MAG College Enrollment Forecast'!B28 -> 30484 | AO26: =($AO$28-$AO$24)/($AI$28-$AI$24)*(AI26-$AI$24)+$AO$24 -> 2159.5 | AP26: =VLOOKUP(AI26,Westminster!$A$2:$D$17,4) -> 2991
AI27: 2015 | AJ27: =INDEX('Historic from 2019 RTP'!$B$2:$E$29,MATCH('College Enrollment Projections'!$AI27,'Historic from 2019 RTP'!$A$2:$A$29,0),MATCH('College Enrollment Projections'!AJ$1,'Historic from 2019 RTP'!$B$1:$E$1,0)) -> 32155 | AK27: =INDEX('Historic from 2019 RTP'!$B$2:$E$29,MATCH('College Enrollment Projections'!$AI27,'Historic from 2019 RTP'!$A$2:$A$29,0),MATCH('College Enrollment Projections'!AK$1,'Historic from 2019 RTP'!$B$1:$E$1,0)) -> 26252 | AL27: =SUM('MAG College Enrollment Forecast'!C29:H29) -> 33565 | AM27: =INDEX('Historic from 2019 RTP'!$B$2:$E$29,MATCH('College Enrollment Projections'!$AI27,'Historic from 2019 RTP'!$A$2:$A$29,0),MATCH('College Enrollment Projections'!AM$1,'Historic from 2019 RTP'!$B$1:$E$1,0)) -> 31131 | AN27: ='MAG College Enrollment Forecast'!B29 -> 33469 | AO27: =($AO$28-$AO$24)/($AI$28-$AI$24)*(AI27-$AI$24)+$AO$24 -> 2139.25 | AP27: =VLOOKUP(AI27,Westminster!$A$2:$D$17,4) -> 2821
AI28: 2016 | AJ28: =INDEX('Historic from 2019 RTP'!$B$2:$E$29,MATCH('College Enrollment Projections'!$AI28,'Historic from 2019 RTP'!$A$2:$A$29,0),MATCH('College Enrollment Projections'!AJ$1,'Historic from 2019 RTP'!$B$1:$E$1,0)) -> 32451 | AK28: =INDEX('Historic from 2019 RTP'!$B$2:$E$29,MATCH('College Enrollment Projections'!$AI28,'Historic from 2019 RTP'!$A$2:$A$29,0),MATCH('College Enrollment Projections'!AK$1,'Historic from 2019 RTP'!$B$1:$E$1,0)) -> 27236 | AL28: =SUM('MAG College Enrollment Forecast'!C30:H30) -> 35126 | AM28: =INDEX('Historic from 2019 RTP'!$B$2:$E$29,MATCH('College Enrollment Projections'!$AI28,'Historic from 2019 RTP'!$A$2:$A$29,0),MATCH('College Enrollment Projections'!AM$1,'Historic from 2019 RTP'!$B$1:$E$1,0)) -> 32133 | AN28: ='MAG College Enrollment Forecast'!B30 -> 34240 | AO28: =VLOOKUP($AI28,Ensign!$A$2:$B$7,2,FALSE) -> 2119 | AP28: =VLOOKUP(AI28,Westminster!$A$2:$D$17,4) -> 2692
AI29: 2017 | AJ29: =INDEX('Historic from 2019 RTP'!$B$2:$E$29,MATCH('College Enrollment Projections'!$AI29,'Historic from 2019 RTP'!$A$2:$A$29,0),MATCH('College Enrollment Projections'!AJ$1,'Historic from 2019 RTP'!$B$1:$E$1,0)) -> 33153 | AK29: =INDEX('Historic from 2019 RTP'!$B$2:$E$29,MATCH('College Enrollment Projections'!$AI29,'Historic from 2019 RTP'!$A$2:$A$29,0),MATCH('College Enrollment Projections'!AK$1,'Historic from 2019 RTP'!$B$1:$E$1,0)) -> 28379 | AL29: =SUM('MAG College Enrollment Forecast'!C31:H31) -> 37785 | AM29: =INDEX('Historic from 2019 RTP'!$B$2:$E$29,MATCH('College Enrollment Projections'!$AI29,'Historic from 2019 RTP'!$A$2:$A$29,0),MATCH('College Enrollment Projections'!AM$1,'Historic from 2019 RTP'!$B$1:$E$1,0)) -> 32277 | AN29: ='MAG College Enrollment Forecast'!B31 -> 34334 | AO29: =VLOOKUP($AI29,Ensign!$A$2:$B$7,2,FALSE) -> 2045 | AP29: =VLOOKUP(AI29,Westminster!$A$2:$D$17,4) -> 2570
AI30: 2018 | AJ30: =INDEX('USHE Historic'!$B$4:$H$10,MATCH('College Enrollment Projections'!$AI30,'USHE Historic'!$A$4:$A$10,0),MATCH('College Enrollment Projections'!AJ$1,'USHE Historic'!$B$3:$H$3,0)) -> 33023 | AK30: =INDEX('USHE Historic'!$B$4:$H$10,MATCH('College Enrollment Projections'!$AI30,'USHE Historic'!$A$4:$A$10,0),MATCH('College Enrollment Projections'!AK$1,'USHE Historic'!$B$3:$H$3,0)) -> 28247 | AL30: =SUM('MAG College Enrollment Forecast'!C32:H32) -> 39931 | AM30: =INDEX('USHE Historic'!$B$4:$H$10,MATCH('College Enrollment Projections'!$AI30,'USHE Historic'!$A$4:$A$10,0),MATCH('College Enrollment Projections'!AM$1,'USHE Historic'!$B$3:$H$3,0)) -> 29156 | AN30: ='MAG College Enrollment Forecast'!B32 -> 34499 | AO30: =VLOOKUP($AI30,Ensign!$A$2:$B$7,2,FALSE) -> 1996 | AP30: =VLOOKUP(AI30,Westminster!$A$2:$D$17,4) -> 2477
AI31: 2019 | AJ31: =INDEX('USHE Historic'!$B$4:$H$10,MATCH('College Enrollment Projections'!$AI31,'USHE Historic'!$A$4:$A$10,0),MATCH('College Enrollment Projections'!AJ$1,'USHE Historic'!$B$3:$H$3,0)) -> 32852 | AK31: =INDEX('USHE Historic'!$B$4:$H$10,MATCH('College Enrollment Projections'!$AI31,'USHE Historic'!$A$4:$A$10,0),MATCH('College Enrollment Projections'!AK$1,'USHE Historic'!$B$3:$H$3,0)) -> 29644 | AL31: =SUM('MAG College Enrollment Forecast'!C33:H33) -> 41728 | AM31: =INDEX('USHE Historic'!$B$4:$H$10,MATCH('College Enrollment Projections'!$AI31,'USHE Historic'!$A$4:$A$10,0),MATCH('College Enrollment Projections'!AM$1,'USHE Historic'!$B$3:$H$3,0)) -> 29517 | AN31: ='MAG College Enrollment Forecast'!B33 -> 34318 | AO31: =VLOOKUP($AI31,Ensign!$A$2:$B$7,2,FALSE) -> 1929 | AP31: =VLOOKUP(AI31,Westminster!$A$2:$D$17,4) -> 2215
AI32: 2020 | AJ32: =INDEX('USHE Historic'!$B$4:$H$10,MATCH('College Enrollment Projections'!$AI32,'USHE Historic'!$A$4:$A$10,0),MATCH('College Enrollment Projections'!AJ$1,'USHE Historic'!$B$3:$H$3,0)) -> 33080 | AK32: =INDEX('USHE Historic'!$B$4:$H$10,MATCH('College Enrollment Projections'!$AI32,'USHE Historic'!$A$4:$A$10,0),MATCH('College Enrollment Projections'!AK$1,'USHE Historic'!$B$3:$H$3,0)) -> 29596 | AL32: =SUM('MAG College Enrollment Forecast'!C34:H34) -> 40936 | AM32: =INDEX('USHE Historic'!$B$4:$H$10,MATCH('College Enrollment Projections'!$AI32,'USHE Historic'!$A$4:$A$10,0),MATCH('College Enrollment Projections'!AM$1,'USHE Historic'!$B$3:$H$3,0)) -> 27293 | AN32: ='MAG College Enrollment Forecast'!B34 -> 36461 | AO32: =AO33 -> 2000 | AP32: =VLOOKUP(AI32,Westminster!$A$2:$D$17,4) -> 1850
AI33: 2021 | AJ33: =INDEX('USHE Historic'!$B$4:$H$10,MATCH('College Enrollment Projections'!$AI33,'USHE Historic'!$A$4:$A$10,0),MATCH('College Enrollment Projections'!AJ$1,'USHE Historic'!$B$3:$H$3,0)) -> 34462 | AK33: =INDEX('USHE Historic'!$B$4:$H$10,MATCH('College Enrollment Projections'!$AI33,'USHE Historic'!$A$4:$A$10,0),MATCH('College Enrollment Projections'!AK$1,'USHE Historic'!$B$3:$H$3,0)) -> 29774 | AL33: =SUM('MAG College Enrollment Forecast'!C35:H35) -> 41262 | AM33: =INDEX('USHE Historic'!$B$4:$H$10,MATCH('College Enrollment Projections'!$AI33,'USHE Historic'!$A$4:$A$10,0),MATCH('College Enrollment Projections'!AM$1,'USHE Historic'!$B$3:$H$3,0)) -> 27225 | AN33: ='MAG College Enrollment Forecast'!B35 -> 35615 | AO33: =AO34 -> 2000 | AP33: =VLOOKUP(AI33,Westminster!$A$2:$D$17,4) -> 1535
AI34: 2022 | AJ34: =INDEX('USHE Historic'!$B$4:$H$10,MATCH('College Enrollment Projections'!$AI34,'USHE Historic'!$A$4:$A$10,0),MATCH('College Enrollment Projections'!AJ$1,'USHE Historic'!$B$3:$H$3,0)) -> 34734 | AK34: =INDEX('USHE Historic'!$B$4:$H$10,MATCH('College Enrollment Projections'!$AI34,'USHE Historic'!$A$4:$A$10,0),MATCH('College Enrollment Projections'!AK$1,'USHE Historic'!$B$3:$H$3,0)) -> 29914 | AL34: =SUM('MAG College Enrollment Forecast'!C36:H36) -> 43099 | AM34: =INDEX('USHE Historic'!$B$4:$H$10,MATCH('College Enrollment Projections'!$AI34,'USHE Historic'!$A$4:$A$10,0),MATCH('College Enrollment Projections'!AM$1,'USHE Historic'!$B$3:$H$3,0)) -> 26348 | AN34: ='MAG College Enrollment Forecast'!B36 -> 34737 | AO34: =AO35 -> 2000 | AP34: 2500
AI35: 2023 | AJ35: =INDEX('USHE Projections'!$B$2:$E$11,MATCH('College Enrollment Projections'!$AI35,'USHE Projections'!$A$2:$A$11,0),MATCH('College Enrollment Projections'!AJ$1,'USHE Projections'!$B$1:$E$1,0)) -> 36050 | AK35: =INDEX('USHE Projections'!$B$2:$E$11,MATCH('College Enrollment Projections'!$AI35,'USHE Projections'!$A$2:$A$11,0),MATCH('College Enrollment Projections'!AK$1,'USHE Projections'!$B$1:$E$1,0)) -> 31443 | AL35: =SUM('MAG College Enrollment Forecast'!C37:H37) -> 44749 | AM35: =INDEX('USHE Projections'!$B$2:$E$11,MATCH('College Enrollment Projections'!$AI35,'USHE Projections'!$A$2:$A$11,0),MATCH('College Enrollment Projections'!AM$1,'USHE Projections'!$B$1:$E$1,0)) -> 32462 | AN35: ='MAG College Enrollment Forecast'!B37 -> 36377 | AO35: =AO36 -> 2000 | AP35: 2500
AI36: 2024 | AJ36: =INDEX('USHE Projections'!$B$2:$E$11,MATCH('College Enrollment Projections'!$AI36,'USHE Projections'!$A$2:$A$11,0),MATCH('College Enrollment Projections'!AJ$1,'USHE Projections'!$B$1:$E$1,0)) -> 36571 | AK36: =INDEX('USHE Projections'!$B$2:$E$11,MATCH('College Enrollment Projections'!$AI36,'USHE Projections'!$A$2:$A$11,0),MATCH('College Enrollment Projections'!AK$1,'USHE Projections'!$B$1:$E$1,0)) -> 31784 | AL36: =SUM('MAG College Enrollment Forecast'!C38:H38) -> 46412 | AM36: =INDEX('USHE Projections'!$B$2:$E$11,MATCH('College Enrollment Projections'!$AI36,'USHE Projections'!$A$2:$A$11,0),MATCH('College Enrollment Projections'!AM$1,'USHE Projections'!$B$1:$E$1,0)) -> 32552 | AN36: ='MAG College Enrollment Forecast'!B38 -> 36921 | AO36: =AO37 -> 2000 | AP36: 2500
AI37: 2025 | AJ37: =INDEX('USHE Projections'!$B$2:$E$11,MATCH('College Enrollment Projections'!$AI37,'USHE Projections'!$A$2:$A$11,0),MATCH('College Enrollment Projections'!AJ$1,'USHE Projections'!$B$1:$E$1,0)) -> 36873 | AK37: =INDEX('USHE Projections'!$B$2:$E$11,MATCH('College Enrollment Projections'!$AI37,'USHE Projections'!$A$2:$A$11,0),MATCH('College Enrollment Projections'!AK$1,'USHE Projections'!$B$1:$E$1,0)) -> 32055 | AL37: =SUM('MAG College Enrollment Forecast'!C39:H39) -> 48161 | AM37: =INDEX('USHE Projections'!$B$2:$E$11,MATCH('College Enrollment Projections'!$AI37,'USHE Projections'!$A$2:$A$11,0),MATCH('College Enrollment Projections'!AM$1,'USHE Projections'!$B$1:$E$1,0)) -> 32557 | AN37: ='MAG College Enrollment Forecast'!B39 -> 37477 | AO37: =AO38 -> 2000 | AP37: 2500
AI38: 2026 | AJ38: =INDEX('USHE Projections'!$B$2:$E$11,MATCH('College Enrollment Projections'!$AI38,'USHE Projections'!$A$2:$A$11,0),MATCH('College Enrollment Projections'!AJ$1,'USHE Projections'!$B$1:$E$1,0)) -> 37086 | AK38: =INDEX('USHE Projections'!$B$2:$E$11,MATCH('College Enrollment Projections'!$AI38,'USHE Projections'!$A$2:$A$11,0),MATCH('College Enrollment Projections'!AK$1,'USHE Projections'!$B$1:$E$1,0)) -> 32380 | AL38: =SUM('MAG College Enrollment Forecast'!C40:H40) -> 49562 | AM38: =INDEX('USHE Projections'!$B$2:$E$11,MATCH('College Enrollment Projections'!$AI38,'USHE Projections'!$A$2:$A$11,0),MATCH('College Enrollment Projections'!AM$1,'USHE Projections'!$B$1:$E$1,0)) -> 32490 | AN38: ='MAG College Enrollment Forecast'!B40 -> 37514 | AO38: =AO39 -> 2000 | AP38: 2500
AI39: 2027 | AJ39: =INDEX('USHE Projections'!$B$2:$E$11,MATCH('College Enrollment Projections'!$AI39,'USHE Projections'!$A$2:$A$11,0),MATCH('College Enrollment Projections'!AJ$1,'USHE Projections'!$B$1:$E$1,0)) -> 37266 | AK39: =INDEX('USHE Projections'!$B$2:$E$11,MATCH('College Enrollment Projections'!$AI39,'USHE Projections'!$A$2:$A$11,0),MATCH('College Enrollment Projections'!AK$1,'USHE Projections'!$B$1:$E$1,0)) -> 32709 | AL39: =SUM('MAG College Enrollment Forecast'!C41:H41) -> 50678 | AM39: =INDEX('USHE Projections'!$B$2:$E$11,MATCH('College Enrollment Projections'!$AI39,'USHE Projections'!$A$2:$A$11,0),MATCH('College Enrollment Projections'!AM$1,'USHE Projections'!$B$1:$E$1,0)) -> 32395 | AN39: ='MAG College Enrollment Forecast'!B41 -> 37551 | AO39: =AO40 -> 2000 | AP39: 2500
AI40: 2028 | AJ40: =INDEX('USHE Projections'!$B$2:$E$11,MATCH('College Enrollment Projections'!$AI40,'USHE Projections'!$A$2:$A$11,0),MATCH('College Enrollment Projections'!AJ$1,'USHE Projections'!$B$1:$E$1,0)) -> 37324 | AK40: =INDEX('USHE Projections'!$B$2:$E$11,MATCH('College Enrollment Projections'!$AI40,'USHE Projections'!$A$2:$A$11,0),MATCH('College Enrollment Projections'!AK$1,'USHE Projections'!$B$1:$E$1,0)) -> 33073 | AL40: =SUM('MAG College Enrollment Forecast'!C42:H42) -> 51665 | AM40: =INDEX('USHE Projections'!$B$2:$E$11,MATCH('College Enrollment Projections'!$AI40,'USHE Projections'!$A$2:$A$11,0),MATCH('College Enrollment Projections'!AM$1,'USHE Projections'!$B$1:$E$1,0)) -> 32219 | AN40: ='MAG College Enrollment Forecast'!B42 -> 37588 | AO40: =AO41 -> 2000 | AP40: 2500
AI41: 2029 | AJ41: =(AJ$62-AJ$40)/($AI$62-$AI$40) * ($AI41-$AI$40) + AJ$40 -> 37582 | AK41: =(AK$62-AK$40)/($AI$62-$AI$40) * ($AI41-$AI$40) + AK$40 -> 33524.227 | AL41: =SUM('MAG College Enrollment Forecast'!C43:H43) -> 52522 | AM41: =(AM$62-AM$40)/($AI$62-$AI$40) * ($AI41-$AI$40) + AM$40 -> 32572.682 | AN41: ='MAG College Enrollment Forecast'!B43 -> 37625 | AO41: =AO42 -> 2000 | AP41: 2500
AI42: 2030 | AJ42: =(AJ$62-AJ$40)/($AI$62-$AI$40) * ($AI42-$AI$40) + AJ$40 -> 37840 | AK42: =(AK$62-AK$40)/($AI$62-$AI$40) * ($AI42-$AI$40) + AK$40 -> 33975.455 | AL42: =SUM('MAG College Enrollment Forecast'!C44:H44) -> 53756 | AM42: =(AM$62-AM$40)/($AI$62-$AI$40) * ($AI42-$AI$40) + AM$40 -> 32926.364 | AN42: ='MAG College Enrollment Forecast'!B44 -> 37662 | AO42: =AO43 -> 2000 | AP42: 2500
AI43: 2031 | AJ43: =(AJ$62-AJ$40)/($AI$62-$AI$40) * ($AI43-$AI$40) + AJ$40 -> 38098 | AK43: =(AK$62-AK$40)/($AI$62-$AI$40) * ($AI43-$AI$40) + AK$40 -> 34426.682 | AL43: =SUM('MAG College Enrollment Forecast'!C45:H45) -> 54990 | AM43: =(AM$62-AM$40)/($AI$62-$AI$40) * ($AI43-$AI$40) + AM$40 -> 33280.045 | AN43: ='MAG College Enrollment Forecast'!B45 -> 37699 | AO43: =AO44 -> 2000 | AP43: 2500
AI44: 2032 | AJ44: =(AJ$62-AJ$40)/($AI$62-$AI$40) * ($AI44-$AI$40) + AJ$40 -> 38356 | AK44: =(AK$62-AK$40)/($AI$62-$AI$40) * ($AI44-$AI$40) + AK$40 -> 34877.909 | AL44: =SUM('MAG College Enrollment Forecast'!C46:H46) -> 56223 | AM44: =(AM$62-AM$40)/($AI$62-$AI$40) * ($AI44-$AI$40) + AM$40 -> 33633.727 | AN44: ='MAG College Enrollment Forecast'!B46 -> 37736 | AO44: =AO45 -> 2000 | AP44: 2500
AI45: 2033 | AJ45: =(AJ$62-AJ$40)/($AI$62-$AI$40) * ($AI45-$AI$40) + AJ$40 -> 38614 | AK45: =(AK$62-AK$40)/($AI$62-$AI$40) * ($AI45-$AI$40) + AK$40 -> 35329.136 | AL45: =SUM('MAG College Enrollment Forecast'!C47:H47) -> 57457 | AM45: =(AM$62-AM$40)/($AI$62-$AI$40) * ($AI45-$AI$40) + AM$40 -> 33987.409 | AN45: ='MAG College Enrollment Forecast'!B47 -> 37773 | AO45: =AO46 -> 2000 | AP45: =(AP$62-AP$44)/($AI$62-$AI$44) * ($AI45-$AI$44) + AP$44 -> 2527.7778
AI46: 2034 | AJ46: =(AJ$62-AJ$40)/($AI$62-$AI$40) * ($AI46-$AI$40) + AJ$40 -> 38872 | AK46: =(AK$62-AK$40)/($AI$62-$AI$40) * ($AI46-$AI$40) + AK$40 -> 35780.364 | AL46: =SUM('MAG College Enrollment Forecast'!C48:H48) -> 58691 | AM46: =(AM$62-AM$40)/($AI$62-$AI$40) * ($AI46-$AI$40) + AM$40 -> 34341.091 | AN46: ='MAG College Enrollment Forecast'!B48 -> 37810 | AO46: =AO47 -> 2000 | AP46: =(AP$62-AP$44)/($AI$62-$AI$44) * ($AI46-$AI$44) + AP$44 -> 2555.5556
AI47: 2035 | AJ47: =(AJ$62-AJ$40)/($AI$62-$AI$40) * ($AI47-$AI$40) + AJ$40 -> 39130 | AK47: =(AK$62-AK$40)/($AI$62-$AI$40) * ($AI47-$AI$40) + AK$40 -> 36231.591 | AL47: =SUM('MAG College Enrollment Forecast'!C49:H49) -> 59925 | AM47: =(AM$62-AM$40)/($AI$62-$AI$40) * ($AI47-$AI$40) + AM$40 -> 34694.773 | AN47: ='MAG College Enrollment Forecast'!B49 -> 37847 | AO47: =AO48 -> 2000 | AP47: =(AP$62-AP$44)/($AI$62-$AI$44) * ($AI47-$AI$44) + AP$44 -> 2583.3333
AI48: 2036 | AJ48: =(AJ$62-AJ$40)/($AI$62-$AI$40) * ($AI48-$AI$40) + AJ$40 -> 39388 | AK48: =(AK$62-AK$40)/($AI$62-$AI$40) * ($AI48-$AI$40) + AK$40 -> 36682.818 | AL48: =SUM('MAG College Enrollment Forecast'!C50:H50) -> 61158 | AM48: =(AM$62-AM$40)/($AI$62-$AI$40) * ($AI48-$AI$40) + AM$40 -> 35048.455 | AN48: ='MAG College Enrollment Forecast'!B50 -> 37884 | AO48: =AO49 -> 2000 | AP48: =(AP$62-AP$44)/($AI$62-$AI$44) * ($AI48-$AI$44) + AP$44 -> 2611.1111
AI49: 2037 | AJ49: =(AJ$62-AJ$40)/($AI$62-$AI$40) * ($AI49-$AI$40) + AJ$40 -> 39646 | AK49: =(AK$62-AK$40)/($AI$62-$AI$40) * ($AI49-$AI$40) + AK$40 -> 37134.045 | AL49: =SUM('MAG College Enrollment Forecast'!C51:H51) -> 62392 | AM49: =(AM$62-AM$40)/($AI$62-$AI$40) * ($AI49-$AI$40) + AM$40 -> 35402.136 | AN49: ='MAG College Enrollment Forecast'!B51 -> 37921 | AO49: =AO50 -> 2000 | AP49: =(AP$62-AP$44)/($AI$62-$AI$44) * ($AI49-$AI$44) + AP$44 -> 2638.8889
AI50: 2038 | AJ50: =(AJ$62-AJ$40)/($AI$62-$AI$40) * ($AI50-$AI$40) + AJ$40 -> 39904 | AK50: =(AK$62-AK$40)/($AI$62-$AI$40) * ($AI50-$AI$40) + AK$40 -> 37585.273 | AL50: =SUM('MAG College Enrollment Forecast'!C52:H52) -> 63626 | AM50: =(AM$62-AM$40)/($AI$62-$AI$40) * ($AI50-$AI$40) + AM$40 -> 35755.818 | AN50: ='MAG College Enrollment Forecast'!B52 -> 37958 | AO50: =AO51 -> 2000 | AP50: =(AP$62-AP$44)/($AI$62-$AI$44) * ($AI50-$AI$44) + AP$44 -> 2666.6667
AI51: 2039 | AJ51: =(AJ$62-AJ$40)/($AI$62-$AI$40) * ($AI51-$AI$40) + AJ$40 -> 40162 | AK51: =(AK$62-AK$40)/($AI$62-$AI$40) * ($AI51-$AI$40) + AK$40 -> 38036.5 | AL51: =SUM('MAG College Enrollment Forecast'!C53:H53) -> 64860 | AM51: =(AM$62-AM$40)/($AI$62-$AI$40) * ($AI51-$AI$40) + AM$40 -> 36109.5 | AN51: ='MAG College Enrollment Forecast'!B53 -> 37995 | AO51: =AO52 -> 2000 | AP51: =(AP$62-AP$44)/($AI$62-$AI$44) * ($AI51-$AI$44) + AP$44 -> 2694.4444
AI52: 2040 | AJ52: =(AJ$62-AJ$40)/($AI$62-$AI$40) * ($AI52-$AI$40) + AJ$40 -> 40420 | AK52: =(AK$62-AK$40)/($AI$62-$AI$40) * ($AI52-$AI$40) + AK$40 -> 38487.727 | AL52: =SUM('MAG College Enrollment Forecast'!C54:H54) -> 66093 | AM52: =(AM$62-AM$40)/($AI$62-$AI$40) * ($AI52-$AI$40) + AM$40 -> 36463.182 | AN52: ='MAG College Enrollment Forecast'!B54 -> 38032 | AO52: =AO53 -> 2000 | AP52: =(AP$62-AP$44)/($AI$62-$AI$44) * ($AI52-$AI$44) + AP$44 -> 2722.2222
AI53: 2041 | AJ53: =(AJ$62-AJ$40)/($AI$62-$AI$40) * ($AI53-$AI$40) + AJ$40 -> 40678 | AK53: =(AK$62-AK$40)/($AI$62-$AI$40) * ($AI53-$AI$40) + AK$40 -> 38938.955 | AL53: =SUM('MAG College Enrollment Forecast'!C55:H55) -> 67327 | AM53: =(AM$62-AM$40)/($AI$62-$AI$40) * ($AI53-$AI$40) + AM$40 -> 36816.864 | AN53: ='MAG College Enrollment Forecast'!B55 -> 38069 | AO53: =AO54 -> 2000 | AP53: =(AP$62-AP$44)/($AI$62-$AI$44) * ($AI53-$AI$44) + AP$44 -> 2750
AI54: 2042 | AJ54: =(AJ$62-AJ$40)/($AI$62-$AI$40) * ($AI54-$AI$40) + AJ$40 -> 40936 | AK54: =(AK$62-AK$40)/($AI$62-$AI$40) * ($AI54-$AI$40) + AK$40 -> 39390.182 | AL54: =SUM('MAG College Enrollment Forecast'!C56:H56) -> 68561 | AM54: =(AM$62-AM$40)/($AI$62-$AI$40) * ($AI54-$AI$40) + AM$40 -> 37170.545 | AN54: ='MAG College Enrollment Forecast'!B56 -> 38106 | AO54: =AO55 -> 2000 | AP54: =(AP$62-AP$44)/($AI$62-$AI$44) * ($AI54-$AI$44) + AP$44 -> 2777.7778
AI55: 2043 | AJ55: =(AJ$62-AJ$40)/($AI$62-$AI$40) * ($AI55-$AI$40) + AJ$40 -> 41194 | AK55: =(AK$62-AK$40)/($AI$62-$AI$40) * ($AI55-$AI$40) + AK$40 -> 39841.409 | AL55: =SUM('MAG College Enrollment Forecast'!C57:H57) -> 69795 | AM55: =(AM$62-AM$40)/($AI$62-$AI$40) * ($AI55-$AI$40) + AM$40 -> 37524.227 | AN55: ='MAG College Enrollment Forecast'!B57 -> 38143 | AO55: =AO56 -> 2000 | AP55: =(AP$62-AP$44)/($AI$62-$AI$44) * ($AI55-$AI$44) + AP$44 -> 2805.5556
AI56: 2044 | AJ56: =(AJ$62-AJ$40)/($AI$62-$AI$40) * ($AI56-$AI$40) + AJ$40 -> 41452 | AK56: =(AK$62-AK$40)/($AI$62-$AI$40) * ($AI56-$AI$40) + AK$40 -> 40292.636 | AL56: =SUM('MAG College Enrollment Forecast'!C58:H58) -> 71028 | AM56: =(AM$62-AM$40)/($AI$62-$AI$40) * ($AI56-$AI$40) + AM$40 -> 37877.909 | AN56: ='MAG College Enrollment Forecast'!B58 -> 38524 | AO56: =AO57 -> 2000 | AP56: =(AP$62-AP$44)/($AI$62-$AI$44) * ($AI56-$AI$44) + AP$44 -> 2833.3333
... AI61: 2049 | AJ61: =(AJ$62-AJ$40)/($AI$62-$AI$40) * ($AI61-$AI$40) + AJ$40 -> 42742 | AK61: =(AK$62-AK$40)/($AI$62-$AI$40) * ($AI61-$AI$40) + AK$40 -> 42548.773 | AL61: =SUM('MAG College Enrollment Forecast'!C63:H63) -> 77197 | AM61: =(AM$62-AM$40)/($AI$62-$AI$40) * ($AI61-$AI$40) + AM$40 -> 39646.318 | AN61: ='MAG College Enrollment Forecast'!B63 -> 39311 | AO61: =AO62 -> 2000 | AP61: =(AP$62-AP$44)/($AI$62-$AI$44) * ($AI61-$AI$44) + AP$44 -> 2972.2222
AG62: 2024 RTP | AH62: TARGET | AI62: 2050 | AJ62: 43000 | AK62: 43000 | AL62: =SUM('MAG College Enrollment Forecast'!C64:H64) -> 78431 | AM62: 40000 | AN62: ='MAG College Enrollment Forecast'!B64 -> 39315 | AO62: 2000 | AP62: 3000
AG63: 2019 RTP | AH63: TARGET | AI63: 2050 | AJ63: 42000 | AK63: 43000 | AL63: 67000 | AM63: 65400 | AN63: 34000 | AO63: 6300 | AP63: 3500
AI64: Year | AJ64: UOFU | AK64: WSU | AL64: UVU | AM64: SLCC | AN64: BYU | AO64: ENSIGN | AP64: WESTMIN

Sheet FTE Rate Calcs
A1: Campus | B1: Concurrent | D1: FTE Factor | J1: FTE | P1: Headcount
A2: BYU | B2: =$E$8 -> 1.0252202 | D2: Year | E2: UOFU | F2: WSU | G2: UVU | H2: SLCC | J2: Year | K2: UOFU | L2: WSU | M2: UVU | N2: SLCC | P2: Year | Q2: UOFU | R2: WSU | S2: UVU | T2: SLCC
A3: ENSIGN | B3: =FTE!$F$3 -> 1.1790281 | D3: =P3 -> 2017 | E3: =K3/Q3 -> 1.0289634 | F3: =L3/R3 -> 1.0375684 | G3: =M3/S3 -> 1.1447347 | H3: =N3/T3 -> 1.0643822 | J3: 2017 | K3: 33750 | L3: 28999 | M3: 42678 | N3: 31527 | P3: =J3 -> 2017 | Q3: =INDEX('USHE Historic'!$B$4:$E$10,MATCH('FTE Rate Calcs'!$P3,'USHE Historic'!$A$4:$A$10,0),MATCH('FTE Rate Calcs'!Q$2,'USHE Historic'!$K$3:$N$3,0)) -> 32800 | R3: =INDEX('USHE Historic'!$B$4:$E$10,MATCH('FTE Rate Calcs'!$P3,'USHE Historic'!$A$4:$A$10,0),MATCH('FTE Rate Calcs'!R$2,'USHE Historic'!$K$3:$N$3,0)) -> 27949 | S3: =INDEX('USHE Historic'!$B$4:$E$10,MATCH('FTE Rate Calcs'!$P3,'USHE Historic'!$A$4:$A$10,0),MATCH('FTE Rate Calcs'!S$2,'USHE Historic'!$K$3:$N$3,0)) -> 37282 | T3: =INDEX('USHE Historic'!$B$4:$E$10,MATCH('FTE Rate Calcs'!$P3,'USHE Historic'!$A$4:$A$10,0),MATCH('FTE Rate Calcs'!T$2,'USHE Historic'!$K$3:$N$3,0)) -> 29620
A4: SLCC_MAIN | B4: =$H$8 -> 1.2081372 | D4: =P4 -> 2018 | E4: =K4/Q4 -> 1.0399419 | F4: =L4/R4 -> 1.0505186 | G4: =M4/S4 -> 1.1057073 | H4: =N4/T4 -> 1.077617 | J4: 2018 | K4: 34342 | L4: 29674 | M4: 44152 | N4: 31419 | P4: =J4 -> 2018 | Q4: =INDEX('USHE Historic'!$B$4:$E$10,MATCH('FTE Rate Calcs'!$P4,'USHE Historic'!$A$4:$A$10,0),MATCH('FTE Rate Calcs'!Q$2,'USHE Historic'!$K$3:$N$3,0)) -> 33023 | R4: =INDEX('USHE Historic'!$B$4:$E$10,MATCH('FTE Rate Calcs'!$P4,'USHE Historic'!$A$4:$A$10,0),MATCH('FTE Rate Calcs'!R$2,'USHE Historic'!$K$3:$N$3,0)) -> 28247 | S4: =INDEX('USHE Historic'!$B$4:$E$10,MATCH('FTE Rate Calcs'!$P4,'USHE Historic'!$A$4:$A$10,0),MATCH('FTE Rate Calcs'!S$2,'USHE Historic'!$K$3:$N$3,0)) -> 39931 | T4: =INDEX('USHE Historic'!$B$4:$E$10,MATCH('FTE Rate Calcs'!$P4,'USHE Historic'!$A$4:$A$10,0),MATCH('FTE Rate Calcs'!T$2,'USHE Historic'!$K$3:$N$3,0)) -> 29156
A5: SLCC_JD | B5: =$H$8 -> 1.2081372 | D5: =P5 -> 2019 | E5: =K5/Q5 -> 1.0652928 | F5: =L5/R5 -> 1.0232425 | G5: =M5/S5 -> 1.0947565 | H5: =N5/T5 -> 1.0661314 | J5: 2019 | K5: 34997 | L5: 30333 | M5: 45682 | N5: 31469 | P5: =J5 -> 2019 | Q5: =INDEX('USHE Historic'!$B$4:$E$10,MATCH('FTE Rate Calcs'!$P5,'USHE Historic'!$A$4:$A$10,0),MATCH('FTE Rate Calcs'!Q$2,'USHE Historic'!$K$3:$N$3,0)) -> 32852 | R5: =INDEX('USHE Historic'!$B$4:$E$10,MATCH('FTE Rate Calcs'!$P5,'USHE Historic'!$A$4:$A$10,0),MATCH('FTE Rate Calcs'!R$2,'USHE Historic'!$K$3:$N$3,0)) -> 29644 | S5: =INDEX('USHE Historic'!$B$4:$E$10,MATCH('FTE Rate Calcs'!$P5,'USHE Historic'!$A$4:$A$10,0),MATCH('FTE Rate Calcs'!S$2,'USHE Historic'!$K$3:$N$3,0)) -> 41728 | T5: =INDEX('USHE Historic'!$B$4:$E$10,MATCH('FTE Rate Calcs'!$P5,'USHE Historic'!$A$4:$A$10,0),MATCH('FTE Rate Calcs'!T$2,'USHE Historic'!$K$3:$N$3,0)) -> 29517
A6: SLCC_ML | B6: =$H$8 -> 1.2081372 | D6: =P6 -> 2020 | E6: =K6/Q6 -> 1.0764813 | F6: =L6/R6 -> 1.0475402 | G6: =M6/S6 -> 1.1547293 | H6: =N6/T6 -> 1.1663064 | J6: 2020 | K6: 35610 | L6: 31003 | M6: 47270 | N6: 31832 | P6: =J6 -> 2020 | Q6: =INDEX('USHE Historic'!$B$4:$E$10,MATCH('FTE Rate Calcs'!$P6,'USHE Historic'!$A$4:$A$10,0),MATCH('FTE Rate Calcs'!Q$2,'USHE Historic'!$K$3:$N$3,0)) -> 33080 | R6: =INDEX('USHE Historic'!$B$4:$E$10,MATCH('FTE Rate Calcs'!$P6,'USHE Historic'!$A$4:$A$10,0),MATCH('FTE Rate Calcs'!R$2,'USHE Historic'!$K$3:$N$3,0)) -> 29596 | S6: =INDEX('USHE Historic'!$B$4:$E$10,MATCH('FTE Rate Calcs'!$P6,'USHE Historic'!$A$4:$A$10,0),MATCH('FTE Rate Calcs'!S$2,'USHE Historic'!$K$3:$N$3,0)) -> 40936 | T6: =INDEX('USHE Historic'!$B$4:$E$10,MATCH('FTE Rate Calcs'!$P6,'USHE Historic'!$A$4:$A$10,0),MATCH('FTE Rate Calcs'!T$2,'USHE Historic'!$K$3:$N$3,0)) -> 27293
A7: SLCC_SC | B7: =$H$8 -> 1.2081372 | D7: =P7 -> 2021 | E7: =K7/Q7 -> 1.0333121 | F7: =L7/R7 -> 1.0412776 | G7: =M7/S7 -> 1.1456061 | H7: =N7/T7 -> 1.1692195 | J7: 2021 | K7: 35610 | L7: 31003 | M7: 47270 | N7: 31832 | P7: =J7 -> 2021 | Q7: =INDEX('USHE Historic'!$B$4:$E$10,MATCH('FTE Rate Calcs'!$P7,'USHE Historic'!$A$4:$A$10,0),MATCH('FTE Rate Calcs'!Q$2,'USHE Historic'!$K$3:$N$3,0)) -> 34462 | R7: =INDEX('USHE Historic'!$B$4:$E$10,MATCH('FTE Rate Calcs'!$P7,'USHE Historic'!$A$4:$A$10,0),MATCH('FTE Rate Calcs'!R$2,'USHE Historic'!$K$3:$N$3,0)) -> 29774 | S7: =INDEX('USHE Historic'!$B$4:$E$10,MATCH('FTE Rate Calcs'!$P7,'USHE Historic'!$A$4:$A$10,0),MATCH('FTE Rate Calcs'!S$2,'USHE Historic'!$K$3:$N$3,0)) -> 41262 | T7: =INDEX('USHE Historic'!$B$4:$E$10,MATCH('FTE Rate Calcs'!$P7,'USHE Historic'!$A$4:$A$10,0),MATCH('FTE Rate Calcs'!T$2,'USHE Historic'!$K$3:$N$3,0)) -> 27225
A8: UOFU_Main | B8: =$E$8 -> 1.0252202 | D8: =P8 -> 2022 | E8: =K8/Q8 -> 1.0252202 | F8: =L8/R8 -> 1.0364044 | G8: =M8/S8 -> 1.0967772 | H8: =N8/T8 -> 1.2081372 | J8: 2022 | K8: 35610 | L8: 31003 | M8: 47270 | N8: 31832 | P8: =J8 -> 2022 | Q8: =INDEX('USHE Historic'!$B$4:$E$10,MATCH('FTE Rate Calcs'!$P8,'USHE Historic'!$A$4:$A$10,0),MATCH('FTE Rate Calcs'!Q$2,'USHE Historic'!$K$3:$N$3,0)) -> 34734 | R8: =INDEX('USHE Historic'!$B$4:$E$10,MATCH('FTE Rate Calcs'!$P8,'USHE Historic'!$A$4:$A$10,0),MATCH('FTE Rate Calcs'!R$2,'USHE Historic'!$K$3:$N$3,0)) -> 29914 | S8: =INDEX('USHE Historic'!$B$4:$E$10,MATCH('FTE Rate Calcs'!$P8,'USHE Historic'!$A$4:$A$10,0),MATCH('FTE Rate Calcs'!S$2,'USHE Historic'!$K$3:$N$3,0)) -> 43099 | T8: =INDEX('USHE Historic'!$B$4:$E$10,MATCH('FTE Rate Calcs'!$P8,'USHE Historic'!$A$4:$A$10,0),MATCH('FTE Rate Calcs'!T$2,'USHE Historic'!$K$3:$N$3,0)) -> 26348
A9: UVU_Main | B9: =$G$8 -> 1.0967772
A10: UVU_Lehi | B10: =$G$8 -> 1.0967772
A11: UVU_Payson | B11: =$G$8 -> 1.0967772
A12: UVU_Vineyard | B12: =$G$8 -> 1.0967772
A13: WSU_Main | B13: =$F$3 -> 1.0375684
A14: WSU_Davis | B14: =$F$3 -> 1.0375684
A15: WESTMIN | B15: =FTE!F7 -> 1.0984237

Sheet HBC Rates
A1: Campus | B1: HBC Rates | E1: ;index | F1: LDSBC | G1: Westmin | H1: UofU_Main | I1: UofU_Med | J1: WSU_Ogden | K1: WSU_Davis | L1: WSU_West | M1: SLCC_TL | N1: SLCC_SC | O1: SLCC_JD | P1: SLCC_Mead | Q1: SLCC_ML | R1: SLCC_LB | S1: SLCC_HL | T1: SLCC_Airp | U1: SLCC_West | V1: SLCC_HM | W1: BYU | X1: UVU_main | Y1: UVU_Geneva | Z1: UVU_ThankP | AA1: UVU_VINE | AB1: UVU_PAYSON | AC1: Var_Name
A2: BYU | B2: =$W$2 -> 0.9301 | D2: HBCRates | E2: 3 | F2: 0.9301 | G2: 0.9301 | H2: 0.9301 | I2: =$H2 -> 0.9301 | J2: 0.83 | K2: 0.677 | L2: =K2 -> 0.677 | M2: 0.6219 | N2: 0.6422 | O2: 0.5687 | P2: =O2 -> 0.5687 | Q2: 0.6158 | R2: =Q2 -> 0.6158 | S2: =R2 -> 0.6158 | T2: =S2 -> 0.6158 | U2: =T2 -> 0.6158 | V2: =U2 -> 0.6158 | W2: 0.9301 | X2: 0.9452 | Y2: =$X2 -> 0.9452 | Z2: =$X2 -> 0.9452 | AA2: =$X2 -> 0.9452 | AB2: =$X2 -> 0.9452 | AC2: HBCRates
A3: ENSIGN | B3: =$F$2 -> 0.9301 | D3: Source: from 2019 RTP
A4: SLCC_MAIN | B4: =$M$2 -> 0.6219
A5: SLCC_JD | B5: =$O$2 -> 0.5687
A6: SLCC_ML | B6: =$Q$2 -> 0.6158
A7: SLCC_SC | B7: =$N$2 -> 0.6422
A8: UOFU_Main | B8: =$H$2 -> 0.9301
A9: UVU_Main | B9: =$X$2 -> 0.9452
A10: UVU_Lehi | B10: =$Z$2 -> 0.9452
A11: UVU_Payson | B11: =$AB$2 -> 0.9452
A12: UVU_Vineyard | B12: =$AA$2 -> 0.9452
A13: WSU_Main | B13: =$J$2 -> 0.83
A14: WSU_Davis | B14: =$K$2 -> 0.677
A15: WESTMIN | B15: =$G$2 -> 0.9301

Sheet FTE
A1: ENSIGN | G1: Source: from 2019 RTP
A2: Year | B2: Headcount | C2: Fall FTE | D2: Prev Control | E2: New Control | F2: FTE Factor
A3: 2008 | B3: 1383 | C3: 1173 | D3: 3895.7674 | E3: 1173 | F3: =B3/C3 -> 1.1790281
A5: WESTMIN
A6: Year | B6: Headcount | C6: Fall FTE | D6: Prev Control | E6: New Control
A7: 2008 | B7: 2857 | C7: 2601 | D7: 2654.0818 | E7: 2601 | F7: =B7/C7 -> 1.0984237

Sheet calc%concurrent
A1: Campus | B1: Concurrent | G1: Control Data | J1: Source: from 2019 RTP
A2: BYU | B2: =$I$9 -> 0.026040514 | D2: Main Campus | G2: Enrollment
A3: ENSIGN | B3: =$I$5 -> 0.1005 | D3: Code | E3: College | F3: Campus | G3: Estimates | H3: total headcount
A4: SLCC_MAIN | B4: =$I$6 -> 0.34092451 | D4: 2.01 | E4: Dixie State College | F4: St. George | G4: 8082
A5: SLCC_JD | B5: =$I$6 -> 0.34092451 | D5: 3 | E5: LDS Bussiness College | G5: 1799 | H5: 2000 | I5: =1-G5/H5 -> 0.1005
A6: SLCC_ML | B6: =$I$6 -> 0.34092451 | E6: SL Community College | F6: Four Main | G6: 25265 | H6: 38334 | I6: =1-G6/H6 -> 0.34092451
A7: SLCC_SC | B7: =$I$6 -> 0.34092451 | D7: 6.01 | E7: Utah State University | F7: Logan | G7: 16472
A8: UOFU_Main | B8: =$I$9 -> 0.026040514 | D8: 7.01 | E8: Utah Valley University | F8: Orem | G8: 23172 | H8: 31739 | I8: =1-G8/H8 -> 0.26992029
A9: UVU_Main | B9: =$I$8 -> 0.26992029 | D9: 8 | E9: University of Utah | G9: 30819 | H9: 31643 | I9: =1-G9/H9 -> 0.026040514
A10: UVU_Lehi | B10: =$I$8 -> 0.26992029 | D10: 9.01 | E10: Weber State University | F10: Ogden | G10: 15191 | H10: 19352 | I10: =1-G10/H10 -> 0.21501654
A11: UVU_Payson | B11: =$I$8 -> 0.26992029 | D11: 9.02 | E11: Weber State University | F11: Davis | G11: 3557 | H11: 5144 | I11: =1-G11/H11 -> 0.30851477
A12: UVU_Vineyard | B12: =$I$8 -> 0.26992029 | D12: 10 | E12: Westminster College | G12: 3163 | H12: 3200 | I12: =1-G12/H12 -> 0.0115625
A13: WSU_Main | B13: =$I$10 -> 0.21501654 | D13: the data from RSG, total is used for expansion without concurrent, etc.
A14: WSU_Davis | B14: =$I$11 -> 0.30851477
A15: WESTMIN | B15: =$I$12 -> 0.0115625

Sheet USHE Projections
A1: Year | B1: UOFU | C1: WSU | D1: UVU | E1: SLCC | G1: USHE 2020 Data Book | J1: https://ushe.edu/data/ | M1: https://ushe.edu/wp-content/uploads/pdf/databook/2020/2020_full_databook.pdf
A2: 2019 | B2: 33750 | C2: 28999 | D2: 42678 | E2: 31527
A3: 2020 | B3: 34342 | C3: 29674 | D3: 44152 | E3: 31419
A4: 2021 | B4: 34997 | C4: 30333 | D4: 45682 | E4: 31469
A5: 2022 | B5: 35610 | C5: 31003 | D5: 47270 | E5: 31832
A6: 2023 | B6: 36050 | C6: 31443 | D6: 48920 | E6: 32462
A7: 2024 | B7: 36571 | C7: 31784 | D7: 50583 | E7: 32552
A8: 2025 | B8: 36873 | C8: 32055 | D8: 52332 | E8: 32557
A9: 2026 | B9: 37086 | C9: 32380 | D9: 53733 | E9: 32490
A10: 2027 | B10: 37266 | C10: 32709 | D10: 54849 | E10: 32395
A11: 2028 | B11: 37324 | C11: 33073 | D11: 55836 | E11: 32219

Sheet USHE Historic
A1: Headcount: Fall Third Week | J1: Fall FTE | P1: Fall FTE by Division
Q2: UOFU | U2: WSU | Y2: UVU | AC2: SLCC
A3: Year | B3: UOFU | C3: WSU | D3: UVU | E3: SLCC | F3: OGDEN-WEBER TECH | G3: DAVIS TECH | H3: MTLND TECH | J3: Year | K3: UOFU | L3: WSU | M3: UVU | N3: SLCC | P3: Year | Q3: Lower Division | R3: Upper Division | S3: Beginning Graduate | T3: Advanced Graduate | U3: Lower Division | V3: Upper Division | W3: Beginning Graduate | X3: Advanced Graduate | Y3: Lower Division | Z3: Upper Division | AA3: Beginning Graduate | AB3: Advanced Graduate | AC3: Lower Division | AD3: Upper Division | AE3: Beginning Graduate | AF3: Advanced Graduate
A4: 2016 | F4: 5500 | G4: 6039 | H4: 4293 | J4: 2016
A5: 2017 | B5: 32800 | C5: 27949 | D5: 37282 | E5: 29620 | F5: 5641 | G5: 5841 | H5: 4420 | J5: 2017 | K5: =SUM($R5:$U5) -> 19335.3 | L5: =SUM($U5:$X5) -> 8771.6 | M5: =SUM($Y5:$AB5) -> 14861.2 | N5: =SUM($AC5:$AF5) -> 7991 | P5: 2017 | Q5: 8360.8 | R5: 8716 | S5: 3206.5 | T5: 1986.1 | U5: 5426.7 | V5: 2876.1 | W5: 468.8 | Y5: 9927.2 | Z5: 4650 | AA5: 284 | AC5: 7991
A6: 2018 | B6: 33023 | C6: 28247 | D6: 39931 | E6: 29156 | F6: 6015 | G6: 6011 | H6: 5033 | J6: 2018 | K6: =SUM($R6:$U6) -> 19516.7 | L6: =SUM($U6:$X6) -> 8996.6 | M6: =SUM($Y6:$AB6) -> 15419.3 | N6: =SUM($AC6:$AF6) -> 7785 | P6: 2018 | Q6: 8348.1 | R6: 8700.2 | S6: 3274.6 | T6: 2036 | U6: 5505.9 | V6: 3026 | W6: 464.7 | Y6: 9906.8 | Z6: 5116 | AA6: 396.5 | AC6: 7785
A7: 2019 | B7: 32852 | C7: 29644 | D7: 41728 | E7: 29517 | F7: 5883 | G7: 6450 | H7: 5163 | J7: 2019 | K7: =SUM($R7:$U7) -> 19427.45 | L7: =SUM($U7:$X7) -> 8956.2 | M7: =SUM($Y7:$AB7) -> 15739.3 | N7: =SUM($AC7:$AF7) -> 7795 | P7: 2019 | Q7: 8079.2 | R7: 8638 | S7: 3365.1 | T7: 2047.75 | U7: 5376.6 | V7: 3098.9 | W7: 462.3 | X7: 18.4 | Y7: 9882.5 | Z7: 5459 | AA7: 397.8 | AC7: 7795
A8: 2020 | B8: 33080 | C8: 29596 | D8: 40936 | E8: 27293 | F8: 5993 | G8: 6709 | H8: 5562 | J8: 2020 | K8: =SUM($R8:$U8) -> 19400.15 | L8: =SUM($U8:$X8) -> 8760.2 | M8: =SUM($Y8:$AB8) -> 15960.7 | N8: =SUM($AC8:$AF8) -> 7086 | P8: 2020 | Q8: 7785.4 | R8: 8750.1 | S8: 3478.7 | T8: 2026.85 | U8: 5144.5 | V8: 3075.3 | W8: 501.4 | X8: 39 | Y8: 9783 | Z8: 5688 | AA8: 489.7 | AC8: 7086
A9: 2021 | B9: 34462 | C9: 29774 | D9: 41262 | E9: 27225 | J9: 2021 | K9: =SUM($R9:$U9) -> 18694.25 | L9: =SUM($U9:$X9) -> 8356.5 | M9: =SUM($Y9:$AB9) -> 15352 | N9: =SUM($AC9:$AF9) -> 6432 | P9: 2021 | Q9: 7957.8 | R9: 8469.8 | S9: 3441.5 | T9: 1980.65 | U9: 4802.3 | V9: 2964.2 | W9: 533.8 | X9: 56.2 | Y9: 9364.1 | Z9: 5437 | AA9: 550.9 | AC9: 6432
A10: 2022 | B10: 34734 | C10: 29914 | D10: 43099 | E10: 26348 | J10: 2022 | K10: =SUM($R10:$U10) -> 0 | L10: =SUM($U10:$X10) -> 0 | M10: =SUM($Y10:$AB10) -> 0 | N10: =SUM($AC10:$AF10) -> 0 | P10: 2022
B14: https://ushe.edu/wp-content/uploads/pdf/databook/2021/2021_databook.pdf
B15: https://ushe.edu/data/
B16: https://ushe.edu/institutional-data-resources/
A17: Source: | B17: https://ushe.edu/institutional-data-resources-headcount/ | P17: https://ushe.edu/institutional-data-resources-fte/

Sheet BYU - Data USA Cart
A1: ID Enrollment Status | B1: Enrollment Status | C1: Enrollment (2012) | D1: Enrollment (2013) | E1: Enrollment (2014) | F1: Enrollment (2015) | G1: Enrollment (2016) | H1: Enrollment (2017) | I1: Enrollment (2018) | J1: Enrollment (2019) | K1: Enrollment (2020) | L1: ID University (2012) | M1: ID University (2013) | N1: ID University (2014) | O1: ID University (2015) | P1: ID University (2016) | Q1: ID University (2017) | R1: ID University (2018) | S1: ID University (2019) | T1: ID University (2020) | U1: University (2012) | V1: University (2013) | W1: University (2014) | X1: University (2015) | Y1: University (2016) | Z1: University (2017) | AA1: University (2018) | AB1: University (2019) | AC1: University (2020)
A2: 1 | B2: Full time | C2: 30364 | D2: 27114 | E2: 26476 | F2: 29342 | G2: 30035 | H2: 30037 | I2: 30162 | J2: 30119 | K2: 31926 | L2: 230038 | M2: 230038 | N2: 230038 | O2: 230038 | P2: 230038 | Q2: 230038 | R2: 230038 | S2: 230038 | T2: 230038 | U2: Brigham Young University-Provo | V2: Brigham Young University-Provo | W2: Brigham Young University-Provo | X2: Brigham Young University-Provo | Y2: Brigham Young University-Provo | Z2: Brigham Young University-Provo | AA2: Brigham Young University-Provo | AB2: Brigham Young University-Provo | AC2: Brigham Young University-Provo
A3: 2 | B3: Part time | C3: 4045 | D3: 4009 | E3: 4008 | F3: 4127 | G3: 4205 | H3: 4297 | I3: 4337 | J3: 4199 | K3: 4535 | L3: 230038 | M3: 230038 | N3: 230038 | O3: 230038 | P3: 230038 | Q3: 230038 | R3: 230038 | S3: 230038 | T3: 230038 | U3: Brigham Young University-Provo | V3: Brigham Young University-Provo | W3: Brigham Young University-Provo | X3: Brigham Young University-Provo | Y3: Brigham Young University-Provo | Z3: Brigham Young University-Provo | AA3: Brigham Young University-Provo | AB3: Brigham Young University-Provo | AC3: Brigham Young University-Provo
B4: Year | C4: =INT(MID(C1,13,4)) -> 2012 | D4: =INT(MID(D1,13,4)) -> 2013 | E4: =INT(MID(E1,13,4)) -> 2014 | F4: =INT(MID(F1,13,4)) -> 2015 | G4: =INT(MID(G1,13,4)) -> 2016 | H4: =INT(MID(H1,13,4)) -> 2017 | I4: =INT(MID(I1,13,4)) -> 2018 | J4: =INT(MID(J1,13,4)) -> 2019 | K4: =INT(MID(K1,13,4)) -> 2020
B5: Total | C5: =SUM(C2:C3) -> 34409 | D5: =SUM(D2:D3) -> 31123 | E5: =SUM(E2:E3) -> 30484 | F5: =SUM(F2:F3) -> 33469 | G5: =SUM(G2:G3) -> 34240 | H5: =SUM(H2:H3) -> 34334 | I5: =SUM(I2:I3) -> 34499 | J5: =SUM(J2:J3) -> 34318 | K5: =SUM(K2:K3) -> 36461

Sheet Westminster
A1: Year | B1: FT | C1: PT | D1: Total
A2: 2006 | B2: =712+1014+131+92 -> 1949 | C2: =120+113+165+132 -> 530 | D2: =B2+C2 -> 2479 | E2: https://westminstercollege.edu/about/institutional-research/common-data-set.html
A3: 2007 | B3: =756+1063+163+125 -> 2107 | C3: =111+118+186+139 -> 554 | D3: =B3+C3 -> 2661 | N3: https://westminstercollege.edu/about/
A4: 2008 | B4: =848+1093+191+164 -> 2296 | C4: =98+92+226+147 -> 563 | D4: =B4+C4 -> 2859
A5: 2009 | B5: =900+1135+218+198 -> 2451 | C5: =68+69+272+177 -> 586 | D5: =B5+C5 -> 3037
A6: 2010 | B6: =928+1265+206+215 -> 2614 | C6: =84+66+217+182 -> 549 | D6: =B6+C6 -> 3163
A7: 2011 | B7: =1020+1276+216+216 -> 2728 | C7: =138+115+197+180 -> 630 | D7: =B7+C7 -> 3358
A8: 2012 | B8: =1015+1245+207+224 -> 2691 | C8: =154+112+176+168 -> 610 | D8: =B8+C8 -> 3301
A9: 2013 | B9: =953+1187+255+285 -> 2680 | C9: =57+98+127+146 -> 428 | D9: =B9+C9 -> 3108
A10: 2014 | B10: =932+1143+227+275 -> 2577 | C10: =87+71+116+140 -> 414 | D10: =B10+C10 -> 2991
A11: 2015 | B11: =896+1141+191+237 -> 2465 | C11: =62+60+113+121 -> 356 | D11: =B11+C11 -> 2821
A12: 2016 | B12: =872+1141+146+206 -> 2365 | C12: =58+56+101+112 -> 327 | D12: =B12+C12 -> 2692
A13: 2017 | B13: =773+1133+134+197 -> 2237 | C13: =61+63+96+113 -> 333 | D13: =B13+C13 -> 2570
A14: 2018 | B14: =749+1116+143+191 -> 2199 | C14: =43+60+68+107 -> 278 | D14: =B14+C14 -> 2477
A15: 2019 | B15: =639+1010+91+224 -> 1964 | C15: =36+55+66+94 -> 251 | D15: =B15+C15 -> 2215
A16: 2020 | B16: =511+834+91+211 -> 1647 | C16: =44+38+42+79 -> 203 | D16: =B16+C16 -> 1850
A17: 2021 | B17: =402+728+44+104 -> 1278 | C17: =19+17+81+140 -> 257 | D17: =B17+C17 -> 1535

Sheet Ensign
A1: Year | B1: Enrollment | D1: https://www.ensign.edu/institutional-research
A2: 2014 | B2: 2006
A3: 2015 | B3: 2153
A4: 2016 | B4: 2119
A5: 2017 | B5: 2045
A6: 2018 | B6: 1996
A7: 2019 | B7: 1929

Sheet Historic from 2019 RTP
A1: Year | B1: UOFU | C1: WSU | D1: UVU | E1: SLCC | F1: BYU | G1: Source: 2019 RTP
A2: 1990 | B2: 24311 | C2: 13449 | D2: 7885 | E2: 13344 | F2: 30465
A3: 1991 | B3: 25581 | C3: 14495 | D3: 8777 | E3: 15972 | F3: 31101
A4: 1992 | B4: 25868 | C4: 14993 | D4: 9623 | E4: 17766 | F4: 31108
A5: 1993 | B5: 25982 | C5: 14447 | D5: 10512 | E5: 18311 | F5: 30547
A6: 1994 | B6: 25645 | C6: 14230 | D6: 13293 | E6: 19440 | F6: 30413
A7: 1995 | B7: 26810 | C7: 13996 | D7: 14040 | E7: 20834 | F7: 30465
A8: 1996 | B8: 26079 | C8: 13906 | D8: 14756 | E8: 22394 | F8: 30563
A9: 1997 | B9: 25895 | C9: 14613 | D9: 15994 | E9: 24307 | F9: 31249
A10: 1998 | B10: 25018 | C10: 13900 | D10: 18174 | E10: 19754 | F10: 32202
A11: 1999 | B11: 25781 | C11: 14984 | D11: 20062 | E11: 21273 | F11: 32731
A12: 2000 | B12: 26163 | C12: 16050 | D12: 20946 | E12: 22109 | F12: 32554
A13: 2001 | B13: 27658 | C13: 16871 | D13: 22609 | E13: 24215 | F13: 32771
... A23: 2011 | B23: 32722 | C23: 26256 | D23: 32734 | E23: 36782 | F23: 32980
A24: 2012 | B24: 33291 | C24: 27381 | D24: 31810 | E24: 35804
A25: 2013 | B25: 36226 | C25: 25886 | D25: 30880 | E25: 35043
A26: 2014 | B26: 32003 | C26: 26913 | D26: 31589 | E26: 33451
A27: 2015 | B27: 32155 | C27: 26252 | D27: 33565 | E27: 31131
A28: 2016 | B28: 32451 | C28: 27236 | D28: 35126 | E28: 32133
A29: 2017 | B29: 33153 | C29: 28379 | D29: 37785 | E29: 32277

Sheet USHE 2020 Campus Totals
A1: CODE | B1: School | C1: Campus | D1: Percent | E1: Headcount | F1: Source: USHE Enrollment data by Zip (Base Distribution Jupyter Notebook)
B2: SLCC | C2: Draper | D2: =E2/SUMIFS($E$2:$E$28,$B$2:$B$28,B2) -> 0.00026595745 | E2: 6
A3: SLCC_MAIN | B3: SLCC | C3: Main Campus | D3: =E3/SUMIFS($E$2:$E$28,$B$2:$B$28,B3) -> 0.52792553 | E3: 11910
B4: SLCC | C4: SLCC Airport Center | D4: =E4/SUMIFS($E$2:$E$28,$B$2:$B$28,B4) -> 0.0057180851 | E4: 129
B5: SLCC | C5: SLCC Herriman Center | D5: =E5/SUMIFS($E$2:$E$28,$B$2:$B$28,B5) -> 0.012544326 | E5: 283
A6: SLCC_JD | B6: SLCC | C6: SLCC Jordan Campus | D6: =E6/SUMIFS($E$2:$E$28,$B$2:$B$28,B6) -> 0.18466312 | E6: 4166
A7: SLCC_ML | B7: SLCC | C7: SLCC Larry H. Miller Campus | D7: =E7/SUMIFS($E$2:$E$28,$B$2:$B$28,B7) -> 0.046010638 | E7: 1038
B8: SLCC | C8: SLCC Library Square Center (Previously Main Street Campus) | D8: =E8/SUMIFS($E$2:$E$28,$B$2:$B$28,B8) -> 0.013430851 | E8: 303
B9: SLCC | C9: SLCC Meadowbrook Campus | D9: =E9/SUMIFS($E$2:$E$28,$B$2:$B$28,B9) -> 0.0021719858 | E9: 49
A10: SLCC_SC | B10: SLCC | C10: SLCC South City Center | D10: =E10/SUMIFS($E$2:$E$28,$B$2:$B$28,B10) -> 0.16374113 | E10: 3694
B11: SLCC | C11: SLCC West Point Center | D11: =E11/SUMIFS($E$2:$E$28,$B$2:$B$28,B11) -> 0.022562057 | E11: 509
B12: SLCC | C12: SLCC West Valley City | D12: =E12/SUMIFS($E$2:$E$28,$B$2:$B$28,B12) -> 0.020966312 | E12: 473
B13: USU | C13: Mountainland Technical College | D13: =E13/SUMIFS($E$2:$E$28,$B$2:$B$28,B13) -> 0.019386107 | E13: 24
B14: USU | C14: USU Brigham Center | D14: =E14/SUMIFS($E$2:$E$28,$B$2:$B$28,B14) -> 0.37479806 | E14: 464
B15: USU | C15: USU Ogden Center | D15: =E15/SUMIFS($E$2:$E$28,$B$2:$B$28,B15) -> 0.1631664 | E15: 202
B16: USU | C16: USU Orem Center | D16: =E16/SUMIFS($E$2:$E$28,$B$2:$B$28,B16) -> 0.064620355 | E16: 80
B17: USU | C17: USU Salt Lake Center | D17: =E17/SUMIFS($E$2:$E$28,$B$2:$B$28,B17) -> 0.21970921 | E17: 272
B18: USU | C18: USU Tooele Center | D18: =E18/SUMIFS($E$2:$E$28,$B$2:$B$28,B18) -> 0.15831987 | E18: 196
A19: UOFU_Main | B19: UU | C19: Main Campus | D19: =E19/SUMIFS($E$2:$E$28,$B$2:$B$28,B19) -> 0.97352413 | E19: 28166
B20: UU | C20: UofU Sandy Center | D20: =E20/SUMIFS($E$2:$E$28,$B$2:$B$28,B20) -> 0.026475874 | E20: 766
A21: UVU_Main | B21: UVU | C21: Main Campus | D21: =E21/SUMIFS($E$2:$E$28,$B$2:$B$28,B21) -> 1 | E21: 25217
B22: WSU | C22: Davis Technical College | D22: =E22/SUMIFS($E$2:$E$28,$B$2:$B$28,B22) -> 0.0036760415 | E22: 63
A23: WSU_Main | B23: WSU | C23: Main Campus | D23: =E23/SUMIFS($E$2:$E$28,$B$2:$B$28,B23) -> 0.75195472 | E23: 12887
B24: WSU | C24: Ogden-Weber Technical College | D24: =E24/SUMIFS($E$2:$E$28,$B$2:$B$28,B24) -> 0.0015754464 | E24: 27
B25: WSU | C25: SLCC | D25: =E25/SUMIFS($E$2:$E$28,$B$2:$B$28,B25) -> 0.0053098378 | E25: 91
A26: WSU_Davis | B26: WSU | C26: WSU Davis Center | D26: =E26/SUMIFS($E$2:$E$28,$B$2:$B$28,B26) -> 0.19768935 | E26: 3388
B27: WSU | C27: WSU Farmington Station | D27: =E27/SUMIFS($E$2:$E$28,$B$2:$B$28,B27) -> 0.020014004 | E27: 343
B28: WSU | C28: WSU West Center | D28: =E28/SUMIFS($E$2:$E$28,$B$2:$B$28,B28) -> 0.019780605 | E28: 339
B31: For each 5 digit zip code in Utah, the number of FT and PT students attending on-campus classes for each institutionwhere: data is for statewide for Fall semester 2019 (we can share with UDOT, and other MPOs) home zip codes not matching 84* to be removed 'online only' attendees to be removed concurrent enrollment high school students taking college classes onsite at their high schools are thrown out, but15% of concurrent enrollment students that attend PT on campus classes will be kept as PT students students that attend on-campus class at two campuses of the same institution will be reported as PT studentassociated with each campus they attend we may need to do some 'fitting/exclusion' to discount the presence of some cases where a student's homelocation has not been updated from a previous residence...but apparently students are presented with a 'updateyour current address' popup at registration each semester USHE will keep the query so it can be rerun for consistency when we want updated data.
B46: Attached is the data we discussed for the Wasatch Front region. I know we originally talked about sending it for the wholestate and you could share with the other councils; however, in talking with Carrie Mayne, my boss, I realized it
B47: would bemore appropriate for us to distribute to them upon request so we track where our data has landed. We have the data andcan share it with any of the councils we discussed. Please have them contact me if they are interested.

Sheet MAG College Enrollment Forecast
C1: UVU_Main | D1: UVU_Lehi | E1: UVU_Payson | F1: UVU_Vineyard
A2: TAZID | B2: 2939 | C2: 2848 | D2: 2606 | E2: 3336 | F2: 2792 | G2: 2809 | H2: External
A3: Year | B3: BYU | C3: UVU-Orem | D3: UVU-Lehi | E3: UVU-Payson | F3: UVU-Vineyard1 | G3: UVU-Vineyard2 | H3: UVU-Heber
A4: 1990 | B4: 30465 | C4: 7885 | D4: 0 | E4: 0 | F4: 0 | G4: 0 | H4: 0
A5: 1991 | B5: 31101 | C5: 8777 | D5: 0 | E5: 0 | F5: 0 | G5: 0 | H5: 0
A6: 1992 | B6: 31108 | C6: 9623 | D6: 0 | E6: 0 | F6: 0 | G6: 0 | H6: 0
A7: 1993 | B7: 30547 | C7: 10512 | D7: 0 | E7: 0 | F7: 0 | G7: 0 | H7: 0
A8: 1994 | B8: 30413 | C8: 13293 | D8: 0 | E8: 0 | F8: 0 | G8: 0 | H8: 0
A9: 1995 | B9: 30465 | C9: 14040 | D9: 0 | E9: 0 | F9: 0 | G9: 0 | H9: 0
A10: 1996 | B10: 30563 | C10: 14756 | D10: 0 | E10: 0 | F10: 0 | G10: 0 | H10: 0
A11: 1997 | B11: 31249 | C11: 15994 | D11: 0 | E11: 0 | F11: 0 | G11: 0 | H11: 0
A12: 1998 | B12: 32202 | C12: 18174 | D12: 0 | E12: 0 | F12: 0 | G12: 0 | H12: 0
A13: 1999 | B13: 32731 | C13: 20062 | D13: 0 | E13: 0 | F13: 0 | G13: 0 | H13: 0
A14: 2000 | B14: 32554 | C14: 20946 | D14: 0 | E14: 0 | F14: 0 | G14: 0 | H14: 0
A15: 2001 | B15: 32771 | C15: 22609 | D15: 0 | E15: 0 | F15: 0 | G15: 0 | H15: 0
... A64: 2050 | B64: 39315 | C64: 67981 | D64: 2600 | E64: 3000 | F64: 4275 | G64: 225 | H64: 350
