Workbook
Name ArtExpFactors: '[1]TDM_Cap1hr1ln V8.3'!$B$55:$E$64
Name ATypeCap: '[1]TDM_Cap1hr1ln V8.3'!$B$77:$G$78
Name FwyCapFactors: '[1]TDM_Cap1hr1ln V8.3'!$B$85:$D$97
Name FwyFleLookup: '[1]TDM_Cap1hr1ln V8.3'!$F$85:$G$92

Sheet Export_CAV
A1: Travel Demand Model Input (.csv)
A2: Note: the model interplates between capacity values (rows) to calculate the multiplier for the specific capacity used in the model
A3: Model capacities below the low end or above the high end of the values in index will use the first or last values in the table
A5: 2 Lane Facilities
A6: ;index_2Ln | B6: MPR_ 0% | C6: MPR_ 5% | D6: MPR_ 10% | E6: MPR_ 15% | F6: MPR_ 20% | G6: MPR_ 25% | H6: MPR_ 30% | I6: MPR_ 35% | J6: MPR_ 40% | K6: MPR_ 45% | L6: MPR_ 50% | M6: MPR_ 55% | N6: MPR_ 60% | O6: MPR_ 65% | P6: MPR_ 70% | Q6: MPR_ 75% | R6: MPR_ 80% | S6: MPR_ 85% | T6: MPR_ 90% | U6: MPR_ 95% | V6: MPR_ 100%
A7: =CAVCapMultiplier!A7 -> 1500 | B7: =CAVCapMultiplier!B7 -> 1 | C7: =CAVCapMultiplier!C7 -> 1.055 | D7: =CAVCapMultiplier!D7 -> 1.11 | E7: =CAVCapMultiplier!E7 -> 1.165 | F7: =CAVCapMultiplier!F7 -> 1.22 | G7: =CAVCapMultiplier!G7 -> 1.273 | H7: =CAVCapMultiplier!H7 -> 1.325 | ... V7: =CAVCapMultiplier!V7 -> 2.2
A8: =CAVCapMultiplier!A8 -> 1800 | B8: =CAVCapMultiplier!B8 -> 1 | C8: =CAVCapMultiplier!C8 -> 1.035 | D8: =CAVCapMultiplier!D8 -> 1.07 | E8: =CAVCapMultiplier!E8 -> 1.105 | F8: =CAVCapMultiplier!F8 -> 1.14 | G8: =CAVCapMultiplier!G8 -> 1.173 | H8: =CAVCapMultiplier!H8 -> 1.205 | ... V8: =CAVCapMultiplier!V8 -> 1.81
A9: =CAVCapMultiplier!A9 -> 2100 | B9: =CAVCapMultiplier!B9 -> 1 | C9: =CAVCapMultiplier!C9 -> 1.018 | D9: =CAVCapMultiplier!D9 -> 1.035 | E9: =CAVCapMultiplier!E9 -> 1.053 | F9: =CAVCapMultiplier!F9 -> 1.07 | G9: =CAVCapMultiplier!G9 -> 1.09 | H9: =CAVCapMultiplier!H9 -> 1.11 | ... V9: =CAVCapMultiplier!V9 -> 1.52
A10: =CAVCapMultiplier!A10 -> 2400 | B10: =CAVCapMultiplier!B10 -> 1 | C10: =CAVCapMultiplier!C10 -> 1.005 | D10: =CAVCapMultiplier!D10 -> 1.01 | E10: =CAVCapMultiplier!E10 -> 1.015 | F10: =CAVCapMultiplier!F10 -> 1.02 | G10: =CAVCapMultiplier!G10 -> 1.033 | H10: =CAVCapMultiplier!H10 -> 1.045 | ... V10: =CAVCapMultiplier!V10 -> 1.34
A12: 3+ Lane Facilities
A13: ;index_3pLn | B13: MPR_ 0% | C13: MPR_ 5% | D13: MPR_ 10% | E13: MPR_ 15% | F13: MPR_ 20% | G13: MPR_ 25% | H13: MPR_ 30% | I13: MPR_ 35% | J13: MPR_ 40% | K13: MPR_ 45% | L13: MPR_ 50% | M13: MPR_ 55% | N13: MPR_ 60% | O13: MPR_ 65% | P13: MPR_ 70% | Q13: MPR_ 75% | R13: MPR_ 80% | S13: MPR_ 85% | T13: MPR_ 90% | U13: MPR_ 95% | V13: MPR_ 100%
A14: =CAVCapMultiplier!A30 -> 1500 | B14: =CAVCapMultiplier!B30 -> 1 | C14: =CAVCapMultiplier!C30 -> 1.045 | D14: =CAVCapMultiplier!D30 -> 1.09 | E14: =CAVCapMultiplier!E30 -> 1.135 | F14: =CAVCapMultiplier!F30 -> 1.18 | G14: =CAVCapMultiplier!G30 -> 1.225 | H14: =CAVCapMultiplier!H30 -> 1.27 | ... V14: =CAVCapMultiplier!V30 -> 2.1
A15: =CAVCapMultiplier!A31 -> 1800 | B15: =CAVCapMultiplier!B31 -> 1 | C15: =CAVCapMultiplier!C31 -> 1.033 | D15: =CAVCapMultiplier!D31 -> 1.065 | E15: =CAVCapMultiplier!E31 -> 1.098 | F15: =CAVCapMultiplier!F31 -> 1.13 | G15: =CAVCapMultiplier!G31 -> 1.16 | H15: =CAVCapMultiplier!H31 -> 1.19 | ... V15: =CAVCapMultiplier!V31 -> 1.79
A16: =CAVCapMultiplier!A32 -> 2100 | B16: =CAVCapMultiplier!B32 -> 1 | C16: =CAVCapMultiplier!C32 -> 1.018 | D16: =CAVCapMultiplier!D32 -> 1.035 | E16: =CAVCapMultiplier!E32 -> 1.053 | F16: =CAVCapMultiplier!F32 -> 1.07 | G16: =CAVCapMultiplier!G32 -> 1.09 | H16: =CAVCapMultiplier!H32 -> 1.11 | ... V16: =CAVCapMultiplier!V32 -> 1.54
A17: =CAVCapMultiplier!A33 -> 2400 | B17: =CAVCapMultiplier!B33 -> 1 | C17: =CAVCapMultiplier!C33 -> 1.005 | D17: =CAVCapMultiplier!D33 -> 1.01 | E17: =CAVCapMultiplier!E33 -> 1.015 | F17: =CAVCapMultiplier!F33 -> 1.02 | G17: =CAVCapMultiplier!G33 -> 1.033 | H17: =CAVCapMultiplier!H33 -> 1.045 | ... V17: =CAVCapMultiplier!V33 -> 1.36

Sheet checkModelLookup
W1: Check Factor Lookup | BA1: CAV Multiplier Lookup Table
AB3: 2 Lane | AF3: 3+ Lane | AJ3: 2 Lane | AR3: 3+ Lane
AB4: =AJ5 -> 1500 | AC4: =AK5 -> 1800 | AD4: =AL5 -> 2100 | AE4: =AM5 -> 2400 | AF4: =AN5 -> 1500 | AG4: =AO5 -> 1800 | AH4: =AP5 -> 2100 | AI4: =AQ5 -> 2400 | AJ4: CAVFac_Lower | AN4: CAVFac_Upper | AR4: CAVFac_Lower | AV4: CAVFac_Upper
W5: CAV_MPR | X5: Idx | Y5: Idx Lower | Z5: Idx Upper | AA5: Interpolate % | AB5: =$AB3 &": Capacity=" & AB4 -> 2 Lane: Capacity=1500 | AC5: =$AB3 &": Capacity=" & AC4 -> 2 Lane: Capacity=1800 | AD5: =$AB3 &": Capacity=" & AD4 -> 2 Lane: Capacity=2100 | AE5: =$AB3 &": Capacity=" & AE4 -> 2 Lane: Capacity=2400 | AF5: =$AF3 &": Capacity=" & AF4 -> 3+ Lane: Capacity=1500 | AG5: =$AF3 &": Capacity=" & AG4 -> 3+ Lane: Capacity=1800 | AH5: =$AF3 &": Capacity=" & AH4 -> 3+ Lane: Capacity=2100 | AI5: =$AF3 &": Capacity=" & AI4 -> 3+ Lane: Capacity=2400 | AJ5: 1500 | AK5: 1800 | AL5: 2100 | AM5: 2400 | AN5: =AJ5 -> 1500 | AO5: =AK5 -> 1800 | AP5: =AL5 -> 2100 | AQ5: =AM5 -> 2400 | AR5: 1500 | AS5: 1800 | AT5: 2100 | AU5: 2400 | AV5: =AR5 -> 1500 | AW5: =AS5 -> 1800 | AX5: =AT5 -> 2100 | AY5: =AU5 -> 2400
W6: 0 | X6: =W6/5 -> 0 | Y6: =INT(X6) -> 0 | Z6: =IF(Y6+1>20, 20, Y6+1) -> 1 | AA6: =X6 - Y6 -> 0 | AB6: =AJ6 + (AN6-AJ6) * $AA6 -> 1 | AC6: =AK6 + (AO6-AK6) * $AA6 -> 1 | AD6: =AL6 + (AP6-AL6) * $AA6 -> 1 | AE6: =AM6 + (AQ6-AM6) * $AA6 -> 1 | AF6: =AR6 + (AV6-AR6) * $AA6 -> 1 | AG6: =AS6 + (AW6-AS6) * $AA6 -> 1 | AH6: =AT6 + (AX6-AT6) * $AA6 -> 1 | AI6: =AU6 + (AY6-AU6) * $AA6 -> 1 | AJ6: =VLOOKUP(AJ$5, $BA$6:$BV$10, $Y6+2) -> 1 | AK6: =VLOOKUP(AK$5, $BA$6:$BV$10, $Y6+2) -> 1 | AL6: =VLOOKUP(AL$5, $BA$6:$BV$10, $Y6+2) -> 1 | AM6: =VLOOKUP(AM$5, $BA$6:$BV$10, $Y6+2) -> 1 | AN6: =VLOOKUP(AN$5, $BA$6:$BV$10, $Z6+2) -> 1.055 | AO6: =VLOOKUP(AO$5, $BA$6:$BV$10, $Z6+2) -> 1.035 | AP6: =VLOOKUP(AP$5, $BA$6:$BV$10, $Z6+2) -> 1.018 | AQ6: =VLOOKUP(AQ$5, $BA$6:$BV$10, $Z6+2) -> 1.005 | AR6: =VLOOKUP(AR$5, $BA$12:$BV$16, $Y6+2) -> 1 | AS6: =VLOOKUP(AS$5, $BA$12:$BV$16, $Y6+2) -> 1 | AT6: =VLOOKUP(AT$5, $BA$12:$BV$16, $Y6+2) -> 1 | AU6: =VLOOKUP(AU$5, $BA$12:$BV$16, $Y6+2) -> 1 | AV6: =VLOOKUP(AV$5, $BA$12:$BV$16, $Z6+2) -> 1.045 | AW6: =VLOOKUP(AW$5, $BA$12:$BV$16, $Z6+2) -> 1.033 | AX6: =VLOOKUP(AX$5, $BA$12:$BV$16, $Z6+2) -> 1.018 | AY6: =VLOOKUP(AY$5, $BA$12:$BV$16, $Z6+2) -> 1.005 | BA6: ;index_2Ln | BB6: MPR_ 0% | BC6: MPR_ 5% | BD6: MPR_ 10% | BE6: MPR_ 15% | BF6: MPR_ 20% | BG6: MPR_ 25% | BH6: MPR_ 30% | BI6: MPR_ 35% | BJ6: MPR_ 40% | BK6: MPR_ 45% | BL6: MPR_ 50% | BM6: MPR_ 55% | BN6: MPR_ 60% | BO6: MPR_ 65% | BP6: MPR_ 70% | BQ6: MPR_ 75% | BR6: MPR_ 80% | BS6: MPR_ 85% | BT6: MPR_ 90% | BU6: MPR_ 95% | BV6: MPR_ 100%
W7: 1 | X7: =W7/5 -> 0.2 | Y7: =INT(X7) -> 0 | Z7: =IF(Y7+1>20, 20, Y7+1) -> 1 | AA7: =X7 - Y7 -> 0.2 | AB7: =AJ7 + (AN7-AJ7) * $AA7 -> 1.011 | AC7: =AK7 + (AO7-AK7) * $AA7 -> 1.007 | AD7: =AL7 + (AP7-AL7) * $AA7 -> 1.0036 | AE7: =AM7 + (AQ7-AM7) * $AA7 -> 1.001 | AF7: =AR7 + (AV7-AR7) * $AA7 -> 1.009 | AG7: =AS7 + (AW7-AS7) * $AA7 -> 1.0066 | AH7: =AT7 + (AX7-AT7) * $AA7 -> 1.0036 | AI7: =AU7 + (AY7-AU7) * $AA7 -> 1.001 | AJ7: =VLOOKUP(AJ$5, $BA$6:$BV$10, $Y7+2) -> 1 | AK7: =VLOOKUP(AK$5, $BA$6:$BV$10, $Y7+2) -> 1 | AL7: =VLOOKUP(AL$5, $BA$6:$BV$10, $Y7+2) -> 1 | AM7: =VLOOKUP(AM$5, $BA$6:$BV$10, $Y7+2) -> 1 | AN7: =VLOOKUP(AN$5, $BA$6:$BV$10, $Z7+2) -> 1.055 | AO7: =VLOOKUP(AO$5, $BA$6:$BV$10, $Z7+2) -> 1.035 | AP7: =VLOOKUP(AP$5, $BA$6:$BV$10, $Z7+2) -> 1.018 | AQ7: =VLOOKUP(AQ$5, $BA$6:$BV$10, $Z7+2) -> 1.005 | AR7: =VLOOKUP(AR$5, $BA$12:$BV$16, $Y7+2) -> 1 | AS7: =VLOOKUP(AS$5, $BA$12:$BV$16, $Y7+2) -> 1 | AT7: =VLOOKUP(AT$5, $BA$12:$BV$16, $Y7+2) -> 1 | AU7: =VLOOKUP(AU$5, $BA$12:$BV$16, $Y7+2) -> 1 | AV7: =VLOOKUP(AV$5, $BA$12:$BV$16, $Z7+2) -> 1.045 | AW7: =VLOOKUP(AW$5, $BA$12:$BV$16, $Z7+2) -> 1.033 | AX7: =VLOOKUP(AX$5, $BA$12:$BV$16, $Z7+2) -> 1.018 | AY7: =VLOOKUP(AY$5, $BA$12:$BV$16, $Z7+2) -> 1.005 | BA7: 1500 | BB7: 1 | BC7: 1.055 | BD7: 1.11 | BE7: 1.165 | BF7: 1.22 | BG7: 1.273 | BH7: 1.325 | BI7: 1.378 | BJ7: 1.43 | BK7: 1.485 | BL7: 1.54 | BM7: 1.595 | BN7: 1.65 | BO7: 1.713 | BP7: 1.775 | BQ7: 1.838 | BR7: 1.9 | BS7: 1.975 | BT7: 2.05 | BU7: 2.125 | BV7: 2.2
W8: 2 | X8: =W8/5 -> 0.4 | Y8: =INT(X8) -> 0 | Z8: =IF(Y8+1>20, 20, Y8+1) -> 1 | AA8: =X8 - Y8 -> 0.4 | AB8: =AJ8 + (AN8-AJ8) * $AA8 -> 1.022 | AC8: =AK8 + (AO8-AK8) * $AA8 -> 1.014 | AD8: =AL8 + (AP8-AL8) * $AA8 -> 1.0072 | AE8: =AM8 + (AQ8-AM8) * $AA8 -> 1.002 | AF8: =AR8 + (AV8-AR8) * $AA8 -> 1.018 | AG8: =AS8 + (AW8-AS8) * $AA8 -> 1.0132 | AH8: =AT8 + (AX8-AT8) * $AA8 -> 1.0072 | AI8: =AU8 + (AY8-AU8) * $AA8 -> 1.002 | AJ8: =VLOOKUP(AJ$5, $BA$6:$BV$10, $Y8+2) -> 1 | AK8: =VLOOKUP(AK$5, $BA$6:$BV$10, $Y8+2) -> 1 | AL8: =VLOOKUP(AL$5, $BA$6:$BV$10, $Y8+2) -> 1 | AM8: =VLOOKUP(AM$5, $BA$6:$BV$10, $Y8+2) -> 1 | AN8: =VLOOKUP(AN$5, $BA$6:$BV$10, $Z8+2) -> 1.055 | AO8: =VLOOKUP(AO$5, $BA$6:$BV$10, $Z8+2) -> 1.035 | AP8: =VLOOKUP(AP$5, $BA$6:$BV$10, $Z8+2) -> 1.018 | AQ8: =VLOOKUP(AQ$5, $BA$6:$BV$10, $Z8+2) -> 1.005 | AR8: =VLOOKUP(AR$5, $BA$12:$BV$16, $Y8+2) -> 1 | AS8: =VLOOKUP(AS$5, $BA$12:$BV$16, $Y8+2) -> 1 | AT8: =VLOOKUP(AT$5, $BA$12:$BV$16, $Y8+2) -> 1 | AU8: =VLOOKUP(AU$5, $BA$12:$BV$16, $Y8+2) -> 1 | AV8: =VLOOKUP(AV$5, $BA$12:$BV$16, $Z8+2) -> 1.045 | AW8: =VLOOKUP(AW$5, $BA$12:$BV$16, $Z8+2) -> 1.033 | AX8: =VLOOKUP(AX$5, $BA$12:$BV$16, $Z8+2) -> 1.018 | AY8: =VLOOKUP(AY$5, $BA$12:$BV$16, $Z8+2) -> 1.005 | BA8: 1800 | BB8: 1 | BC8: 1.035 | BD8: 1.07 | BE8: 1.105 | BF8: 1.14 | BG8: 1.173 | BH8: 1.205 | BI8: 1.238 | BJ8: 1.27 | BK8: 1.31 | BL8: 1.35 | BM8: 1.39 | BN8: 1.43 | BO8: 1.473 | BP8: 1.515 | BQ8: 1.558 | BR8: 1.6 | BS8: 1.653 | BT8: 1.705 | BU8: 1.758 | BV8: 1.81
W9: 3 | X9: =W9/5 -> 0.6 | Y9: =INT(X9) -> 0 | Z9: =IF(Y9+1>20, 20, Y9+1) -> 1 | AA9: =X9 - Y9 -> 0.6 | AB9: =AJ9 + (AN9-AJ9) * $AA9 -> 1.033 | AC9: =AK9 + (AO9-AK9) * $AA9 -> 1.021 | AD9: =AL9 + (AP9-AL9) * $AA9 -> 1.0108 | AE9: =AM9 + (AQ9-AM9) * $AA9 -> 1.003 | AF9: =AR9 + (AV9-AR9) * $AA9 -> 1.027 | AG9: =AS9 + (AW9-AS9) * $AA9 -> 1.0198 | AH9: =AT9 + (AX9-AT9) * $AA9 -> 1.0108 | AI9: =AU9 + (AY9-AU9) * $AA9 -> 1.003 | AJ9: =VLOOKUP(AJ$5, $BA$6:$BV$10, $Y9+2) -> 1 | AK9: =VLOOKUP(AK$5, $BA$6:$BV$10, $Y9+2) -> 1 | AL9: =VLOOKUP(AL$5, $BA$6:$BV$10, $Y9+2) -> 1 | AM9: =VLOOKUP(AM$5, $BA$6:$BV$10, $Y9+2) -> 1 | AN9: =VLOOKUP(AN$5, $BA$6:$BV$10, $Z9+2) -> 1.055 | AO9: =VLOOKUP(AO$5, $BA$6:$BV$10, $Z9+2) -> 1.035 | AP9: =VLOOKUP(AP$5, $BA$6:$BV$10, $Z9+2) -> 1.018 | AQ9: =VLOOKUP(AQ$5, $BA$6:$BV$10, $Z9+2) -> 1.005 | AR9: =VLOOKUP(AR$5, $BA$12:$BV$16, $Y9+2) -> 1 | AS9: =VLOOKUP(AS$5, $BA$12:$BV$16, $Y9+2) -> 1 | AT9: =VLOOKUP(AT$5, $BA$12:$BV$16, $Y9+2) -> 1 | AU9: =VLOOKUP(AU$5, $BA$12:$BV$16, $Y9+2) -> 1 | AV9: =VLOOKUP(AV$5, $BA$12:$BV$16, $Z9+2) -> 1.045 | AW9: =VLOOKUP(AW$5, $BA$12:$BV$16, $Z9+2) -> 1.033 | AX9: =VLOOKUP(AX$5, $BA$12:$BV$16, $Z9+2) -> 1.018 | AY9: =VLOOKUP(AY$5, $BA$12:$BV$16, $Z9+2) -> 1.005 | BA9: 2100 | BB9: 1 | BC9: 1.018 | BD9: 1.035 | BE9: 1.053 | BF9: 1.07 | BG9: 1.09 | BH9: 1.11 | BI9: 1.13 | BJ9: 1.15 | BK9: 1.175 | BL9: 1.2 | BM9: 1.225 | BN9: 1.25 | BO9: 1.28 | BP9: 1.31 | BQ9: 1.34 | BR9: 1.37 | BS9: 1.408 | BT9: 1.445 | BU9: 1.483 | BV9: 1.52
W10: 4 | X10: =W10/5 -> 0.8 | Y10: =INT(X10) -> 0 | Z10: =IF(Y10+1>20, 20, Y10+1) -> 1 | AA10: =X10 - Y10 -> 0.8 | AB10: =AJ10 + (AN10-AJ10) * $AA10 -> 1.044 | AC10: =AK10 + (AO10-AK10) * $AA10 -> 1.028 | AD10: =AL10 + (AP10-AL10) * $AA10 -> 1.0144 | AE10: =AM10 + (AQ10-AM10) * $AA10 -> 1.004 | AF10: =AR10 + (AV10-AR10) * $AA10 -> 1.036 | AG10: =AS10 + (AW10-AS10) * $AA10 -> 1.0264 | AH10: =AT10 + (AX10-AT10) * $AA10 -> 1.0144 | AI10: =AU10 + (AY10-AU10) * $AA10 -> 1.004 | AJ10: =VLOOKUP(AJ$5, $BA$6:$BV$10, $Y10+2) -> 1 | AK10: =VLOOKUP(AK$5, $BA$6:$BV$10, $Y10+2) -> 1 | AL10: =VLOOKUP(AL$5, $BA$6:$BV$10, $Y10+2) -> 1 | AM10: =VLOOKUP(AM$5, $BA$6:$BV$10, $Y10+2) -> 1 | AN10: =VLOOKUP(AN$5, $BA$6:$BV$10, $Z10+2) -> 1.055 | AO10: =VLOOKUP(AO$5, $BA$6:$BV$10, $Z10+2) -> 1.035 | AP10: =VLOOKUP(AP$5, $BA$6:$BV$10, $Z10+2) -> 1.018 | AQ10: =VLOOKUP(AQ$5, $BA$6:$BV$10, $Z10+2) -> 1.005 | AR10: =VLOOKUP(AR$5, $BA$12:$BV$16, $Y10+2) -> 1 | AS10: =VLOOKUP(AS$5, $BA$12:$BV$16, $Y10+2) -> 1 | AT10: =VLOOKUP(AT$5, $BA$12:$BV$16, $Y10+2) -> 1 | AU10: =VLOOKUP(AU$5, $BA$12:$BV$16, $Y10+2) -> 1 | AV10: =VLOOKUP(AV$5, $BA$12:$BV$16, $Z10+2) -> 1.045 | AW10: =VLOOKUP(AW$5, $BA$12:$BV$16, $Z10+2) -> 1.033 | AX10: =VLOOKUP(AX$5, $BA$12:$BV$16, $Z10+2) -> 1.018 | AY10: =VLOOKUP(AY$5, $BA$12:$BV$16, $Z10+2) -> 1.005 | BA10: 2400 | BB10: 1 | BC10: 1.005 | BD10: 1.01 | BE10: 1.015 | BF10: 1.02 | BG10: 1.033 | BH10: 1.045 | BI10: 1.058 | BJ10: 1.07 | BK10: 1.085 | BL10: 1.1 | BM10: 1.115 | BN10: 1.13 | BO10: 1.153 | BP10: 1.175 | BQ10: 1.198 | BR10: 1.22 | BS10: 1.25 | BT10: 1.28 | BU10: 1.31 | BV10: 1.34
W11: 5 | X11: =W11/5 -> 1 | Y11: =INT(X11) -> 1 | Z11: =IF(Y11+1>20, 20, Y11+1) -> 2 | AA11: =X11 - Y11 -> 0 | AB11: =AJ11 + (AN11-AJ11) * $AA11 -> 1.055 | AC11: =AK11 + (AO11-AK11) * $AA11 -> 1.035 | AD11: =AL11 + (AP11-AL11) * $AA11 -> 1.018 | AE11: =AM11 + (AQ11-AM11) * $AA11 -> 1.005 | AF11: =AR11 + (AV11-AR11) * $AA11 -> 1.045 | AG11: =AS11 + (AW11-AS11) * $AA11 -> 1.033 | AH11: =AT11 + (AX11-AT11) * $AA11 -> 1.018 | AI11: =AU11 + (AY11-AU11) * $AA11 -> 1.005 | AJ11: =VLOOKUP(AJ$5, $BA$6:$BV$10, $Y11+2) -> 1.055 | AK11: =VLOOKUP(AK$5, $BA$6:$BV$10, $Y11+2) -> 1.035 | AL11: =VLOOKUP(AL$5, $BA$6:$BV$10, $Y11+2) -> 1.018 | AM11: =VLOOKUP(AM$5, $BA$6:$BV$10, $Y11+2) -> 1.005 | AN11: =VLOOKUP(AN$5, $BA$6:$BV$10, $Z11+2) -> 1.11 | AO11: =VLOOKUP(AO$5, $BA$6:$BV$10, $Z11+2) -> 1.07 | AP11: =VLOOKUP(AP$5, $BA$6:$BV$10, $Z11+2) -> 1.035 | AQ11: =VLOOKUP(AQ$5, $BA$6:$BV$10, $Z11+2) -> 1.01 | AR11: =VLOOKUP(AR$5, $BA$12:$BV$16, $Y11+2) -> 1.045 | AS11: =VLOOKUP(AS$5, $BA$12:$BV$16, $Y11+2) -> 1.033 | AT11: =VLOOKUP(AT$5, $BA$12:$BV$16, $Y11+2) -> 1.018 | AU11: =VLOOKUP(AU$5, $BA$12:$BV$16, $Y11+2) -> 1.005 | AV11: =VLOOKUP(AV$5, $BA$12:$BV$16, $Z11+2) -> 1.09 | AW11: =VLOOKUP(AW$5, $BA$12:$BV$16, $Z11+2) -> 1.065 | AX11: =VLOOKUP(AX$5, $BA$12:$BV$16, $Z11+2) -> 1.035 | AY11: =VLOOKUP(AY$5, $BA$12:$BV$16, $Z11+2) -> 1.01
W12: 6 | X12: =W12/5 -> 1.2 | Y12: =INT(X12) -> 1 | Z12: =IF(Y12+1>20, 20, Y12+1) -> 2 | AA12: =X12 - Y12 -> 0.2 | AB12: =AJ12 + (AN12-AJ12) * $AA12 -> 1.066 | AC12: =AK12 + (AO12-AK12) * $AA12 -> 1.042 | AD12: =AL12 + (AP12-AL12) * $AA12 -> 1.0214 | AE12: =AM12 + (AQ12-AM12) * $AA12 -> 1.006 | AF12: =AR12 + (AV12-AR12) * $AA12 -> 1.054 | AG12: =AS12 + (AW12-AS12) * $AA12 -> 1.0394 | AH12: =AT12 + (AX12-AT12) * $AA12 -> 1.0214 | AI12: =AU12 + (AY12-AU12) * $AA12 -> 1.006 | AJ12: =VLOOKUP(AJ$5, $BA$6:$BV$10, $Y12+2) -> 1.055 | AK12: =VLOOKUP(AK$5, $BA$6:$BV$10, $Y12+2) -> 1.035 | AL12: =VLOOKUP(AL$5, $BA$6:$BV$10, $Y12+2) -> 1.018 | AM12: =VLOOKUP(AM$5, $BA$6:$BV$10, $Y12+2) -> 1.005 | AN12: =VLOOKUP(AN$5, $BA$6:$BV$10, $Z12+2) -> 1.11 | AO12: =VLOOKUP(AO$5, $BA$6:$BV$10, $Z12+2) -> 1.07 | AP12: =VLOOKUP(AP$5, $BA$6:$BV$10, $Z12+2) -> 1.035 | AQ12: =VLOOKUP(AQ$5, $BA$6:$BV$10, $Z12+2) -> 1.01 | AR12: =VLOOKUP(AR$5, $BA$12:$BV$16, $Y12+2) -> 1.045 | AS12: =VLOOKUP(AS$5, $BA$12:$BV$16, $Y12+2) -> 1.033 | AT12: =VLOOKUP(AT$5, $BA$12:$BV$16, $Y12+2) -> 1.018 | AU12: =VLOOKUP(AU$5, $BA$12:$BV$16, $Y12+2) -> 1.005 | AV12: =VLOOKUP(AV$5, $BA$12:$BV$16, $Z12+2) -> 1.09 | AW12: =VLOOKUP(AW$5, $BA$12:$BV$16, $Z12+2) -> 1.065 | AX12: =VLOOKUP(AX$5, $BA$12:$BV$16, $Z12+2) -> 1.035 | AY12: =VLOOKUP(AY$5, $BA$12:$BV$16, $Z12+2) -> 1.01 | BA12: ;index_3pLn | BB12: MPR_ 0% | BC12: MPR_ 5% | BD12: MPR_ 10% | BE12: MPR_ 15% | BF12: MPR_ 20% | BG12: MPR_ 25% | BH12: MPR_ 30% | BI12: MPR_ 35% | BJ12: MPR_ 40% | BK12: MPR_ 45% | BL12: MPR_ 50% | BM12: MPR_ 55% | BN12: MPR_ 60% | BO12: MPR_ 65% | BP12: MPR_ 70% | BQ12: MPR_ 75% | BR12: MPR_ 80% | BS12: MPR_ 85% | BT12: MPR_ 90% | BU12: MPR_ 95% | BV12: MPR_ 100%
W13: 7 | X13: =W13/5 -> 1.4 | Y13: =INT(X13) -> 1 | Z13: =IF(Y13+1>20, 20, Y13+1) -> 2 | AA13: =X13 - Y13 -> 0.4 | AB13: =AJ13 + (AN13-AJ13) * $AA13 -> 1.077 | AC13: =AK13 + (AO13-AK13) * $AA13 -> 1.049 | AD13: =AL13 + (AP13-AL13) * $AA13 -> 1.0248 | AE13: =AM13 + (AQ13-AM13) * $AA13 -> 1.007 | AF13: =AR13 + (AV13-AR13) * $AA13 -> 1.063 | AG13: =AS13 + (AW13-AS13) * $AA13 -> 1.0458 | AH13: =AT13 + (AX13-AT13) * $AA13 -> 1.0248 | AI13: =AU13 + (AY13-AU13) * $AA13 -> 1.007 | AJ13: =VLOOKUP(AJ$5, $BA$6:$BV$10, $Y13+2) -> 1.055 | AK13: =VLOOKUP(AK$5, $BA$6:$BV$10, $Y13+2) -> 1.035 | AL13: =VLOOKUP(AL$5, $BA$6:$BV$10, $Y13+2) -> 1.018 | AM13: =VLOOKUP(AM$5, $BA$6:$BV$10, $Y13+2) -> 1.005 | AN13: =VLOOKUP(AN$5, $BA$6:$BV$10, $Z13+2) -> 1.11 | AO13: =VLOOKUP(AO$5, $BA$6:$BV$10, $Z13+2) -> 1.07 | AP13: =VLOOKUP(AP$5, $BA$6:$BV$10, $Z13+2) -> 1.035 | AQ13: =VLOOKUP(AQ$5, $BA$6:$BV$10, $Z13+2) -> 1.01 | AR13: =VLOOKUP(AR$5, $BA$12:$BV$16, $Y13+2) -> 1.045 | AS13: =VLOOKUP(AS$5, $BA$12:$BV$16, $Y13+2) -> 1.033 | AT13: =VLOOKUP(AT$5, $BA$12:$BV$16, $Y13+2) -> 1.018 | AU13: =VLOOKUP(AU$5, $BA$12:$BV$16, $Y13+2) -> 1.005 | AV13: =VLOOKUP(AV$5, $BA$12:$BV$16, $Z13+2) -> 1.09 | AW13: =VLOOKUP(AW$5, $BA$12:$BV$16, $Z13+2) -> 1.065 | AX13: =VLOOKUP(AX$5, $BA$12:$BV$16, $Z13+2) -> 1.035 | AY13: =VLOOKUP(AY$5, $BA$12:$BV$16, $Z13+2) -> 1.01 | BA13: 1500 | BB13: 1 | BC13: 1.045 | BD13: 1.09 | BE13: 1.135 | BF13: 1.18 | BG13: 1.225 | BH13: 1.27 | BI13: 1.315 | BJ13: 1.36 | BK13: 1.408 | BL13: 1.455 | BM13: 1.503 | BN13: 1.55 | BO13: 1.613 | BP13: 1.675 | BQ13: 1.738 | BR13: 1.8 | BS13: 1.875 | BT13: 1.95 | BU13: 2.025 | BV13: 2.1
W14: 8 | X14: =W14/5 -> 1.6 | Y14: =INT(X14) -> 1 | Z14: =IF(Y14+1>20, 20, Y14+1) -> 2 | AA14: =X14 - Y14 -> 0.6 | AB14: =AJ14 + (AN14-AJ14) * $AA14 -> 1.088 | AC14: =AK14 + (AO14-AK14) * $AA14 -> 1.056 | AD14: =AL14 + (AP14-AL14) * $AA14 -> 1.0282 | AE14: =AM14 + (AQ14-AM14) * $AA14 -> 1.008 | AF14: =AR14 + (AV14-AR14) * $AA14 -> 1.072 | AG14: =AS14 + (AW14-AS14) * $AA14 -> 1.0522 | AH14: =AT14 + (AX14-AT14) * $AA14 -> 1.0282 | AI14: =AU14 + (AY14-AU14) * $AA14 -> 1.008 | AJ14: =VLOOKUP(AJ$5, $BA$6:$BV$10, $Y14+2) -> 1.055 | AK14: =VLOOKUP(AK$5, $BA$6:$BV$10, $Y14+2) -> 1.035 | AL14: =VLOOKUP(AL$5, $BA$6:$BV$10, $Y14+2) -> 1.018 | AM14: =VLOOKUP(AM$5, $BA$6:$BV$10, $Y14+2) -> 1.005 | AN14: =VLOOKUP(AN$5, $BA$6:$BV$10, $Z14+2) -> 1.11 | AO14: =VLOOKUP(AO$5, $BA$6:$BV$10, $Z14+2) -> 1.07 | AP14: =VLOOKUP(AP$5, $BA$6:$BV$10, $Z14+2) -> 1.035 | AQ14: =VLOOKUP(AQ$5, $BA$6:$BV$10, $Z14+2) -> 1.01 | AR14: =VLOOKUP(AR$5, $BA$12:$BV$16, $Y14+2) -> 1.045 | AS14: =VLOOKUP(AS$5, $BA$12:$BV$16, $Y14+2) -> 1.033 | AT14: =VLOOKUP(AT$5, $BA$12:$BV$16, $Y14+2) -> 1.018 | AU14: =VLOOKUP(AU$5, $BA$12:$BV$16, $Y14+2) -> 1.005 | AV14: =VLOOKUP(AV$5, $BA$12:$BV$16, $Z14+2) -> 1.09 | AW14: =VLOOKUP(AW$5, $BA$12:$BV$16, $Z14+2) -> 1.065 | AX14: =VLOOKUP(AX$5, $BA$12:$BV$16, $Z14+2) -> 1.035 | AY14: =VLOOKUP(AY$5, $BA$12:$BV$16, $Z14+2) -> 1.01 | BA14: 1800 | BB14: 1 | BC14: 1.033 | BD14: 1.065 | BE14: 1.098 | BF14: 1.13 | BG14: 1.16 | BH14: 1.19 | BI14: 1.22 | BJ14: 1.25 | BK14: 1.28 | BL14: 1.31 | BM14: 1.34 | BN14: 1.37 | BO14: 1.418 | BP14: 1.465 | BQ14: 1.513 | BR14: 1.56 | BS14: 1.618 | BT14: 1.675 | BU14: 1.733 | BV14: 1.79
W15: 9 | X15: =W15/5 -> 1.8 | Y15: =INT(X15) -> 1 | Z15: =IF(Y15+1>20, 20, Y15+1) -> 2 | AA15: =X15 - Y15 -> 0.8 | AB15: =AJ15 + (AN15-AJ15) * $AA15 -> 1.099 | AC15: =AK15 + (AO15-AK15) * $AA15 -> 1.063 | AD15: =AL15 + (AP15-AL15) * $AA15 -> 1.0316 | AE15: =AM15 + (AQ15-AM15) * $AA15 -> 1.009 | AF15: =AR15 + (AV15-AR15) * $AA15 -> 1.081 | AG15: =AS15 + (AW15-AS15) * $AA15 -> 1.0586 | AH15: =AT15 + (AX15-AT15) * $AA15 -> 1.0316 | AI15: =AU15 + (AY15-AU15) * $AA15 -> 1.009 | AJ15: =VLOOKUP(AJ$5, $BA$6:$BV$10, $Y15+2) -> 1.055 | AK15: =VLOOKUP(AK$5, $BA$6:$BV$10, $Y15+2) -> 1.035 | AL15: =VLOOKUP(AL$5, $BA$6:$BV$10, $Y15+2) -> 1.018 | AM15: =VLOOKUP(AM$5, $BA$6:$BV$10, $Y15+2) -> 1.005 | AN15: =VLOOKUP(AN$5, $BA$6:$BV$10, $Z15+2) -> 1.11 | AO15: =VLOOKUP(AO$5, $BA$6:$BV$10, $Z15+2) -> 1.07 | AP15: =VLOOKUP(AP$5, $BA$6:$BV$10, $Z15+2) -> 1.035 | AQ15: =VLOOKUP(AQ$5, $BA$6:$BV$10, $Z15+2) -> 1.01 | AR15: =VLOOKUP(AR$5, $BA$12:$BV$16, $Y15+2) -> 1.045 | AS15: =VLOOKUP(AS$5, $BA$12:$BV$16, $Y15+2) -> 1.033 | AT15: =VLOOKUP(AT$5, $BA$12:$BV$16, $Y15+2) -> 1.018 | AU15: =VLOOKUP(AU$5, $BA$12:$BV$16, $Y15+2) -> 1.005 | AV15: =VLOOKUP(AV$5, $BA$12:$BV$16, $Z15+2) -> 1.09 | AW15: =VLOOKUP(AW$5, $BA$12:$BV$16, $Z15+2) -> 1.065 | AX15: =VLOOKUP(AX$5, $BA$12:$BV$16, $Z15+2) -> 1.035 | AY15: =VLOOKUP(AY$5, $BA$12:$BV$16, $Z15+2) -> 1.01 | BA15: 2100 | BB15: 1 | BC15: 1.018 | BD15: 1.035 | BE15: 1.053 | BF15: 1.07 | BG15: 1.09 | BH15: 1.11 | BI15: 1.13 | BJ15: 1.15 | BK15: 1.17 | BL15: 1.19 | BM15: 1.21 | BN15: 1.23 | BO15: 1.263 | BP15: 1.295 | BQ15: 1.328 | BR15: 1.36 | BS15: 1.405 | BT15: 1.45 | BU15: 1.495 | BV15: 1.54
W16: 10 | X16: =W16/5 -> 2 | Y16: =INT(X16) -> 2 | Z16: =IF(Y16+1>20, 20, Y16+1) -> 3 | AA16: =X16 - Y16 -> 0 | AB16: =AJ16 + (AN16-AJ16) * $AA16 -> 1.11 | AC16: =AK16 + (AO16-AK16) * $AA16 -> 1.07 | AD16: =AL16 + (AP16-AL16) * $AA16 -> 1.035 | AE16: =AM16 + (AQ16-AM16) * $AA16 -> 1.01 | AF16: =AR16 + (AV16-AR16) * $AA16 -> 1.09 | AG16: =AS16 + (AW16-AS16) * $AA16 -> 1.065 | AH16: =AT16 + (AX16-AT16) * $AA16 -> 1.035 | AI16: =AU16 + (AY16-AU16) * $AA16 -> 1.01 | AJ16: =VLOOKUP(AJ$5, $BA$6:$BV$10, $Y16+2) -> 1.11 | AK16: =VLOOKUP(AK$5, $BA$6:$BV$10, $Y16+2) -> 1.07 | AL16: =VLOOKUP(AL$5, $BA$6:$BV$10, $Y16+2) -> 1.035 | AM16: =VLOOKUP(AM$5, $BA$6:$BV$10, $Y16+2) -> 1.01 | AN16: =VLOOKUP(AN$5, $BA$6:$BV$10, $Z16+2) -> 1.165 | AO16: =VLOOKUP(AO$5, $BA$6:$BV$10, $Z16+2) -> 1.105 | AP16: =VLOOKUP(AP$5, $BA$6:$BV$10, $Z16+2) -> 1.053 | AQ16: =VLOOKUP(AQ$5, $BA$6:$BV$10, $Z16+2) -> 1.015 | AR16: =VLOOKUP(AR$5, $BA$12:$BV$16, $Y16+2) -> 1.09 | AS16: =VLOOKUP(AS$5, $BA$12:$BV$16, $Y16+2) -> 1.065 | AT16: =VLOOKUP(AT$5, $BA$12:$BV$16, $Y16+2) -> 1.035 | AU16: =VLOOKUP(AU$5, $BA$12:$BV$16, $Y16+2) -> 1.01 | AV16: =VLOOKUP(AV$5, $BA$12:$BV$16, $Z16+2) -> 1.135 | AW16: =VLOOKUP(AW$5, $BA$12:$BV$16, $Z16+2) -> 1.098 | AX16: =VLOOKUP(AX$5, $BA$12:$BV$16, $Z16+2) -> 1.053 | AY16: =VLOOKUP(AY$5, $BA$12:$BV$16, $Z16+2) -> 1.015 | BA16: 2400 | BB16: 1 | BC16: 1.005 | BD16: 1.01 | BE16: 1.015 | BF16: 1.02 | BG16: 1.033 | BH16: 1.045 | BI16: 1.058 | BJ16: 1.07 | BK16: 1.083 | BL16: 1.095 | BM16: 1.108 | BN16: 1.12 | BO16: 1.143 | BP16: 1.165 | BQ16: 1.188 | BR16: 1.21 | BS16: 1.248 | BT16: 1.285 | BU16: 1.323 | BV16: 1.36
W17: 11 | X17: =W17/5 -> 2.2 | Y17: =INT(X17) -> 2 | Z17: =IF(Y17+1>20, 20, Y17+1) -> 3 | AA17: =X17 - Y17 -> 0.2 | AB17: =AJ17 + (AN17-AJ17) * $AA17 -> 1.121 | AC17: =AK17 + (AO17-AK17) * $AA17 -> 1.077 | AD17: =AL17 + (AP17-AL17) * $AA17 -> 1.0386 | AE17: =AM17 + (AQ17-AM17) * $AA17 -> 1.011 | AF17: =AR17 + (AV17-AR17) * $AA17 -> 1.099 | AG17: =AS17 + (AW17-AS17) * $AA17 -> 1.0716 | AH17: =AT17 + (AX17-AT17) * $AA17 -> 1.0386 | AI17: =AU17 + (AY17-AU17) * $AA17 -> 1.011 | AJ17: =VLOOKUP(AJ$5, $BA$6:$BV$10, $Y17+2) -> 1.11 | AK17: =VLOOKUP(AK$5, $BA$6:$BV$10, $Y17+2) -> 1.07 | AL17: =VLOOKUP(AL$5, $BA$6:$BV$10, $Y17+2) -> 1.035 | AM17: =VLOOKUP(AM$5, $BA$6:$BV$10, $Y17+2) -> 1.01 | AN17: =VLOOKUP(AN$5, $BA$6:$BV$10, $Z17+2) -> 1.165 | AO17: =VLOOKUP(AO$5, $BA$6:$BV$10, $Z17+2) -> 1.105 | AP17: =VLOOKUP(AP$5, $BA$6:$BV$10, $Z17+2) -> 1.053 | AQ17: =VLOOKUP(AQ$5, $BA$6:$BV$10, $Z17+2) -> 1.015 | AR17: =VLOOKUP(AR$5, $BA$12:$BV$16, $Y17+2) -> 1.09 | AS17: =VLOOKUP(AS$5, $BA$12:$BV$16, $Y17+2) -> 1.065 | AT17: =VLOOKUP(AT$5, $BA$12:$BV$16, $Y17+2) -> 1.035 | AU17: =VLOOKUP(AU$5, $BA$12:$BV$16, $Y17+2) -> 1.01 | AV17: =VLOOKUP(AV$5, $BA$12:$BV$16, $Z17+2) -> 1.135 | AW17: =VLOOKUP(AW$5, $BA$12:$BV$16, $Z17+2) -> 1.098 | AX17: =VLOOKUP(AX$5, $BA$12:$BV$16, $Z17+2) -> 1.053 | AY17: =VLOOKUP(AY$5, $BA$12:$BV$16, $Z17+2) -> 1.015
W18: 12 | X18: =W18/5 -> 2.4 | Y18: =INT(X18) -> 2 | Z18: =IF(Y18+1>20, 20, Y18+1) -> 3 | AA18: =X18 - Y18 -> 0.4 | AB18: =AJ18 + (AN18-AJ18) * $AA18 -> 1.132 | AC18: =AK18 + (AO18-AK18) * $AA18 -> 1.084 | AD18: =AL18 + (AP18-AL18) * $AA18 -> 1.0422 | AE18: =AM18 + (AQ18-AM18) * $AA18 -> 1.012 | AF18: =AR18 + (AV18-AR18) * $AA18 -> 1.108 | AG18: =AS18 + (AW18-AS18) * $AA18 -> 1.0782 | AH18: =AT18 + (AX18-AT18) * $AA18 -> 1.0422 | AI18: =AU18 + (AY18-AU18) * $AA18 -> 1.012 | AJ18: =VLOOKUP(AJ$5, $BA$6:$BV$10, $Y18+2) -> 1.11 | AK18: =VLOOKUP(AK$5, $BA$6:$BV$10, $Y18+2) -> 1.07 | AL18: =VLOOKUP(AL$5, $BA$6:$BV$10, $Y18+2) -> 1.035 | AM18: =VLOOKUP(AM$5, $BA$6:$BV$10, $Y18+2) -> 1.01 | AN18: =VLOOKUP(AN$5, $BA$6:$BV$10, $Z18+2) -> 1.165 | AO18: =VLOOKUP(AO$5, $BA$6:$BV$10, $Z18+2) -> 1.105 | AP18: =VLOOKUP(AP$5, $BA$6:$BV$10, $Z18+2) -> 1.053 | AQ18: =VLOOKUP(AQ$5, $BA$6:$BV$10, $Z18+2) -> 1.015 | AR18: =VLOOKUP(AR$5, $BA$12:$BV$16, $Y18+2) -> 1.09 | AS18: =VLOOKUP(AS$5, $BA$12:$BV$16, $Y18+2) -> 1.065 | AT18: =VLOOKUP(AT$5, $BA$12:$BV$16, $Y18+2) -> 1.035 | AU18: =VLOOKUP(AU$5, $BA$12:$BV$16, $Y18+2) -> 1.01 | AV18: =VLOOKUP(AV$5, $BA$12:$BV$16, $Z18+2) -> 1.135 | AW18: =VLOOKUP(AW$5, $BA$12:$BV$16, $Z18+2) -> 1.098 | AX18: =VLOOKUP(AX$5, $BA$12:$BV$16, $Z18+2) -> 1.053 | AY18: =VLOOKUP(AY$5, $BA$12:$BV$16, $Z18+2) -> 1.015
W19: 13 | X19: =W19/5 -> 2.6 | Y19: =INT(X19) -> 2 | Z19: =IF(Y19+1>20, 20, Y19+1) -> 3 | AA19: =X19 - Y19 -> 0.6 | AB19: =AJ19 + (AN19-AJ19) * $AA19 -> 1.143 | AC19: =AK19 + (AO19-AK19) * $AA19 -> 1.091 | AD19: =AL19 + (AP19-AL19) * $AA19 -> 1.0458 | AE19: =AM19 + (AQ19-AM19) * $AA19 -> 1.013 | AF19: =AR19 + (AV19-AR19) * $AA19 -> 1.117 | AG19: =AS19 + (AW19-AS19) * $AA19 -> 1.0848 | AH19: =AT19 + (AX19-AT19) * $AA19 -> 1.0458 | AI19: =AU19 + (AY19-AU19) * $AA19 -> 1.013 | AJ19: =VLOOKUP(AJ$5, $BA$6:$BV$10, $Y19+2) -> 1.11 | AK19: =VLOOKUP(AK$5, $BA$6:$BV$10, $Y19+2) -> 1.07 | AL19: =VLOOKUP(AL$5, $BA$6:$BV$10, $Y19+2) -> 1.035 | AM19: =VLOOKUP(AM$5, $BA$6:$BV$10, $Y19+2) -> 1.01 | AN19: =VLOOKUP(AN$5, $BA$6:$BV$10, $Z19+2) -> 1.165 | AO19: =VLOOKUP(AO$5, $BA$6:$BV$10, $Z19+2) -> 1.105 | AP19: =VLOOKUP(AP$5, $BA$6:$BV$10, $Z19+2) -> 1.053 | AQ19: =VLOOKUP(AQ$5, $BA$6:$BV$10, $Z19+2) -> 1.015 | AR19: =VLOOKUP(AR$5, $BA$12:$BV$16, $Y19+2) -> 1.09 | AS19: =VLOOKUP(AS$5, $BA$12:$BV$16, $Y19+2) -> 1.065 | AT19: =VLOOKUP(AT$5, $BA$12:$BV$16, $Y19+2) -> 1.035 | AU19: =VLOOKUP(AU$5, $BA$12:$BV$16, $Y19+2) -> 1.01 | AV19: =VLOOKUP(AV$5, $BA$12:$BV$16, $Z19+2) -> 1.135 | AW19: =VLOOKUP(AW$5, $BA$12:$BV$16, $Z19+2) -> 1.098 | AX19: =VLOOKUP(AX$5, $BA$12:$BV$16, $Z19+2) -> 1.053 | AY19: =VLOOKUP(AY$5, $BA$12:$BV$16, $Z19+2) -> 1.015
W20: 14 | X20: =W20/5 -> 2.8 | Y20: =INT(X20) -> 2 | Z20: =IF(Y20+1>20, 20, Y20+1) -> 3 | AA20: =X20 - Y20 -> 0.8 | AB20: =AJ20 + (AN20-AJ20) * $AA20 -> 1.154 | AC20: =AK20 + (AO20-AK20) * $AA20 -> 1.098 | AD20: =AL20 + (AP20-AL20) * $AA20 -> 1.0494 | AE20: =AM20 + (AQ20-AM20) * $AA20 -> 1.014 | AF20: =AR20 + (AV20-AR20) * $AA20 -> 1.126 | AG20: =AS20 + (AW20-AS20) * $AA20 -> 1.0914 | AH20: =AT20 + (AX20-AT20) * $AA20 -> 1.0494 | AI20: =AU20 + (AY20-AU20) * $AA20 -> 1.014 | AJ20: =VLOOKUP(AJ$5, $BA$6:$BV$10, $Y20+2) -> 1.11 | AK20: =VLOOKUP(AK$5, $BA$6:$BV$10, $Y20+2) -> 1.07 | AL20: =VLOOKUP(AL$5, $BA$6:$BV$10, $Y20+2) -> 1.035 | AM20: =VLOOKUP(AM$5, $BA$6:$BV$10, $Y20+2) -> 1.01 | AN20: =VLOOKUP(AN$5, $BA$6:$BV$10, $Z20+2) -> 1.165 | AO20: =VLOOKUP(AO$5, $BA$6:$BV$10, $Z20+2) -> 1.105 | AP20: =VLOOKUP(AP$5, $BA$6:$BV$10, $Z20+2) -> 1.053 | AQ20: =VLOOKUP(AQ$5, $BA$6:$BV$10, $Z20+2) -> 1.015 | AR20: =VLOOKUP(AR$5, $BA$12:$BV$16, $Y20+2) -> 1.09 | AS20: =VLOOKUP(AS$5, $BA$12:$BV$16, $Y20+2) -> 1.065 | AT20: =VLOOKUP(AT$5, $BA$12:$BV$16, $Y20+2) -> 1.035 | AU20: =VLOOKUP(AU$5, $BA$12:$BV$16, $Y20+2) -> 1.01 | AV20: =VLOOKUP(AV$5, $BA$12:$BV$16, $Z20+2) -> 1.135 | AW20: =VLOOKUP(AW$5, $BA$12:$BV$16, $Z20+2) -> 1.098 | AX20: =VLOOKUP(AX$5, $BA$12:$BV$16, $Z20+2) -> 1.053 | AY20: =VLOOKUP(AY$5, $BA$12:$BV$16, $Z20+2) -> 1.015
W21: 15 | X21: =W21/5 -> 3 | Y21: =INT(X21) -> 3 | Z21: =IF(Y21+1>20, 20, Y21+1) -> 4 | AA21: =X21 - Y21 -> 0 | AB21: =AJ21 + (AN21-AJ21) * $AA21 -> 1.165 | AC21: =AK21 + (AO21-AK21) * $AA21 -> 1.105 | AD21: =AL21 + (AP21-AL21) * $AA21 -> 1.053 | AE21: =AM21 + (AQ21-AM21) * $AA21 -> 1.015 | AF21: =AR21 + (AV21-AR21) * $AA21 -> 1.135 | AG21: =AS21 + (AW21-AS21) * $AA21 -> 1.098 | AH21: =AT21 + (AX21-AT21) * $AA21 -> 1.053 | AI21: =AU21 + (AY21-AU21) * $AA21 -> 1.015 | AJ21: =VLOOKUP(AJ$5, $BA$6:$BV$10, $Y21+2) -> 1.165 | AK21: =VLOOKUP(AK$5, $BA$6:$BV$10, $Y21+2) -> 1.105 | AL21: =VLOOKUP(AL$5, $BA$6:$BV$10, $Y21+2) -> 1.053 | AM21: =VLOOKUP(AM$5, $BA$6:$BV$10, $Y21+2) -> 1.015 | AN21: =VLOOKUP(AN$5, $BA$6:$BV$10, $Z21+2) -> 1.22 | AO21: =VLOOKUP(AO$5, $BA$6:$BV$10, $Z21+2) -> 1.14 | AP21: =VLOOKUP(AP$5, $BA$6:$BV$10, $Z21+2) -> 1.07 | AQ21: =VLOOKUP(AQ$5, $BA$6:$BV$10, $Z21+2) -> 1.02 | AR21: =VLOOKUP(AR$5, $BA$12:$BV$16, $Y21+2) -> 1.135 | AS21: =VLOOKUP(AS$5, $BA$12:$BV$16, $Y21+2) -> 1.098 | AT21: =VLOOKUP(AT$5, $BA$12:$BV$16, $Y21+2) -> 1.053 | AU21: =VLOOKUP(AU$5, $BA$12:$BV$16, $Y21+2) -> 1.015 | AV21: =VLOOKUP(AV$5, $BA$12:$BV$16, $Z21+2) -> 1.18 | AW21: =VLOOKUP(AW$5, $BA$12:$BV$16, $Z21+2) -> 1.13 | AX21: =VLOOKUP(AX$5, $BA$12:$BV$16, $Z21+2) -> 1.07 | AY21: =VLOOKUP(AY$5, $BA$12:$BV$16, $Z21+2) -> 1.02
W22: 16 | X22: =W22/5 -> 3.2 | Y22: =INT(X22) -> 3 | Z22: =IF(Y22+1>20, 20, Y22+1) -> 4 | AA22: =X22 - Y22 -> 0.2 | AB22: =AJ22 + (AN22-AJ22) * $AA22 -> 1.176 | AC22: =AK22 + (AO22-AK22) * $AA22 -> 1.112 | AD22: =AL22 + (AP22-AL22) * $AA22 -> 1.0564 | AE22: =AM22 + (AQ22-AM22) * $AA22 -> 1.016 | AF22: =AR22 + (AV22-AR22) * $AA22 -> 1.144 | AG22: =AS22 + (AW22-AS22) * $AA22 -> 1.1044 | AH22: =AT22 + (AX22-AT22) * $AA22 -> 1.0564 | AI22: =AU22 + (AY22-AU22) * $AA22 -> 1.016 | AJ22: =VLOOKUP(AJ$5, $BA$6:$BV$10, $Y22+2) -> 1.165 | AK22: =VLOOKUP(AK$5, $BA$6:$BV$10, $Y22+2) -> 1.105 | AL22: =VLOOKUP(AL$5, $BA$6:$BV$10, $Y22+2) -> 1.053 | AM22: =VLOOKUP(AM$5, $BA$6:$BV$10, $Y22+2) -> 1.015 | AN22: =VLOOKUP(AN$5, $BA$6:$BV$10, $Z22+2) -> 1.22 | AO22: =VLOOKUP(AO$5, $BA$6:$BV$10, $Z22+2) -> 1.14 | AP22: =VLOOKUP(AP$5, $BA$6:$BV$10, $Z22+2) -> 1.07 | AQ22: =VLOOKUP(AQ$5, $BA$6:$BV$10, $Z22+2) -> 1.02 | AR22: =VLOOKUP(AR$5, $BA$12:$BV$16, $Y22+2) -> 1.135 | AS22: =VLOOKUP(AS$5, $BA$12:$BV$16, $Y22+2) -> 1.098 | AT22: =VLOOKUP(AT$5, $BA$12:$BV$16, $Y22+2) -> 1.053 | AU22: =VLOOKUP(AU$5, $BA$12:$BV$16, $Y22+2) -> 1.015 | AV22: =VLOOKUP(AV$5, $BA$12:$BV$16, $Z22+2) -> 1.18 | AW22: =VLOOKUP(AW$5, $BA$12:$BV$16, $Z22+2) -> 1.13 | AX22: =VLOOKUP(AX$5, $BA$12:$BV$16, $Z22+2) -> 1.07 | AY22: =VLOOKUP(AY$5, $BA$12:$BV$16, $Z22+2) -> 1.02
W23: 17 | X23: =W23/5 -> 3.4 | Y23: =INT(X23) -> 3 | Z23: =IF(Y23+1>20, 20, Y23+1) -> 4 | AA23: =X23 - Y23 -> 0.4 | AB23: =AJ23 + (AN23-AJ23) * $AA23 -> 1.187 | AC23: =AK23 + (AO23-AK23) * $AA23 -> 1.119 | AD23: =AL23 + (AP23-AL23) * $AA23 -> 1.0598 | AE23: =AM23 + (AQ23-AM23) * $AA23 -> 1.017 | AF23: =AR23 + (AV23-AR23) * $AA23 -> 1.153 | AG23: =AS23 + (AW23-AS23) * $AA23 -> 1.1108 | AH23: =AT23 + (AX23-AT23) * $AA23 -> 1.0598 | AI23: =AU23 + (AY23-AU23) * $AA23 -> 1.017 | AJ23: =VLOOKUP(AJ$5, $BA$6:$BV$10, $Y23+2) -> 1.165 | AK23: =VLOOKUP(AK$5, $BA$6:$BV$10, $Y23+2) -> 1.105 | AL23: =VLOOKUP(AL$5, $BA$6:$BV$10, $Y23+2) -> 1.053 | AM23: =VLOOKUP(AM$5, $BA$6:$BV$10, $Y23+2) -> 1.015 | AN23: =VLOOKUP(AN$5, $BA$6:$BV$10, $Z23+2) -> 1.22 | AO23: =VLOOKUP(AO$5, $BA$6:$BV$10, $Z23+2) -> 1.14 | AP23: =VLOOKUP(AP$5, $BA$6:$BV$10, $Z23+2) -> 1.07 | AQ23: =VLOOKUP(AQ$5, $BA$6:$BV$10, $Z23+2) -> 1.02 | AR23: =VLOOKUP(AR$5, $BA$12:$BV$16, $Y23+2) -> 1.135 | AS23: =VLOOKUP(AS$5, $BA$12:$BV$16, $Y23+2) -> 1.098 | AT23: =VLOOKUP(AT$5, $BA$12:$BV$16, $Y23+2) -> 1.053 | AU23: =VLOOKUP(AU$5, $BA$12:$BV$16, $Y23+2) -> 1.015 | AV23: =VLOOKUP(AV$5, $BA$12:$BV$16, $Z23+2) -> 1.18 | AW23: =VLOOKUP(AW$5, $BA$12:$BV$16, $Z23+2) -> 1.13 | AX23: =VLOOKUP(AX$5, $BA$12:$BV$16, $Z23+2) -> 1.07 | AY23: =VLOOKUP(AY$5, $BA$12:$BV$16, $Z23+2) -> 1.02
W24: 18 | X24: =W24/5 -> 3.6 | Y24: =INT(X24) -> 3 | Z24: =IF(Y24+1>20, 20, Y24+1) -> 4 | AA24: =X24 - Y24 -> 0.6 | AB24: =AJ24 + (AN24-AJ24) * $AA24 -> 1.198 | AC24: =AK24 + (AO24-AK24) * $AA24 -> 1.126 | AD24: =AL24 + (AP24-AL24) * $AA24 -> 1.0632 | AE24: =AM24 + (AQ24-AM24) * $AA24 -> 1.018 | AF24: =AR24 + (AV24-AR24) * $AA24 -> 1.162 | AG24: =AS24 + (AW24-AS24) * $AA24 -> 1.1172 | AH24: =AT24 + (AX24-AT24) * $AA24 -> 1.0632 | AI24: =AU24 + (AY24-AU24) * $AA24 -> 1.018 | AJ24: =VLOOKUP(AJ$5, $BA$6:$BV$10, $Y24+2) -> 1.165 | AK24: =VLOOKUP(AK$5, $BA$6:$BV$10, $Y24+2) -> 1.105 | AL24: =VLOOKUP(AL$5, $BA$6:$BV$10, $Y24+2) -> 1.053 | AM24: =VLOOKUP(AM$5, $BA$6:$BV$10, $Y24+2) -> 1.015 | AN24: =VLOOKUP(AN$5, $BA$6:$BV$10, $Z24+2) -> 1.22 | AO24: =VLOOKUP(AO$5, $BA$6:$BV$10, $Z24+2) -> 1.14 | AP24: =VLOOKUP(AP$5, $BA$6:$BV$10, $Z24+2) -> 1.07 | AQ24: =VLOOKUP(AQ$5, $BA$6:$BV$10, $Z24+2) -> 1.02 | AR24: =VLOOKUP(AR$5, $BA$12:$BV$16, $Y24+2) -> 1.135 | AS24: =VLOOKUP(AS$5, $BA$12:$BV$16, $Y24+2) -> 1.098 | AT24: =VLOOKUP(AT$5, $BA$12:$BV$16, $Y24+2) -> 1.053 | AU24: =VLOOKUP(AU$5, $BA$12:$BV$16, $Y24+2) -> 1.015 | AV24: =VLOOKUP(AV$5, $BA$12:$BV$16, $Z24+2) -> 1.18 | AW24: =VLOOKUP(AW$5, $BA$12:$BV$16, $Z24+2) -> 1.13 | AX24: =VLOOKUP(AX$5, $BA$12:$BV$16, $Z24+2) -> 1.07 | AY24: =VLOOKUP(AY$5, $BA$12:$BV$16, $Z24+2) -> 1.02
W25: 19 | X25: =W25/5 -> 3.8 | Y25: =INT(X25) -> 3 | Z25: =IF(Y25+1>20, 20, Y25+1) -> 4 | AA25: =X25 - Y25 -> 0.8 | AB25: =AJ25 + (AN25-AJ25) * $AA25 -> 1.209 | AC25: =AK25 + (AO25-AK25) * $AA25 -> 1.133 | AD25: =AL25 + (AP25-AL25) * $AA25 -> 1.0666 | AE25: =AM25 + (AQ25-AM25) * $AA25 -> 1.019 | AF25: =AR25 + (AV25-AR25) * $AA25 -> 1.171 | AG25: =AS25 + (AW25-AS25) * $AA25 -> 1.1236 | AH25: =AT25 + (AX25-AT25) * $AA25 -> 1.0666 | AI25: =AU25 + (AY25-AU25) * $AA25 -> 1.019 | AJ25: =VLOOKUP(AJ$5, $BA$6:$BV$10, $Y25+2) -> 1.165 | AK25: =VLOOKUP(AK$5, $BA$6:$BV$10, $Y25+2) -> 1.105 | AL25: =VLOOKUP(AL$5, $BA$6:$BV$10, $Y25+2) -> 1.053 | AM25: =VLOOKUP(AM$5, $BA$6:$BV$10, $Y25+2) -> 1.015 | AN25: =VLOOKUP(AN$5, $BA$6:$BV$10, $Z25+2) -> 1.22 | AO25: =VLOOKUP(AO$5, $BA$6:$BV$10, $Z25+2) -> 1.14 | AP25: =VLOOKUP(AP$5, $BA$6:$BV$10, $Z25+2) -> 1.07 | AQ25: =VLOOKUP(AQ$5, $BA$6:$BV$10, $Z25+2) -> 1.02 | AR25: =VLOOKUP(AR$5, $BA$12:$BV$16, $Y25+2) -> 1.135 | AS25: =VLOOKUP(AS$5, $BA$12:$BV$16, $Y25+2) -> 1.098 | AT25: =VLOOKUP(AT$5, $BA$12:$BV$16, $Y25+2) -> 1.053 | AU25: =VLOOKUP(AU$5, $BA$12:$BV$16, $Y25+2) -> 1.015 | AV25: =VLOOKUP(AV$5, $BA$12:$BV$16, $Z25+2) -> 1.18 | AW25: =VLOOKUP(AW$5, $BA$12:$BV$16, $Z25+2) -> 1.13 | AX25: =VLOOKUP(AX$5, $BA$12:$BV$16, $Z25+2) -> 1.07 | AY25: =VLOOKUP(AY$5, $BA$12:$BV$16, $Z25+2) -> 1.02
W26: 20 | X26: =W26/5 -> 4 | Y26: =INT(X26) -> 4 | Z26: =IF(Y26+1>20, 20, Y26+1) -> 5 | AA26: =X26 - Y26 -> 0 | AB26: =AJ26 + (AN26-AJ26) * $AA26 -> 1.22 | AC26: =AK26 + (AO26-AK26) * $AA26 -> 1.14 | AD26: =AL26 + (AP26-AL26) * $AA26 -> 1.07 | AE26: =AM26 + (AQ26-AM26) * $AA26 -> 1.02 | AF26: =AR26 + (AV26-AR26) * $AA26 -> 1.18 | AG26: =AS26 + (AW26-AS26) * $AA26 -> 1.13 | AH26: =AT26 + (AX26-AT26) * $AA26 -> 1.07 | AI26: =AU26 + (AY26-AU26) * $AA26 -> 1.02 | AJ26: =VLOOKUP(AJ$5, $BA$6:$BV$10, $Y26+2) -> 1.22 | AK26: =VLOOKUP(AK$5, $BA$6:$BV$10, $Y26+2) -> 1.14 | AL26: =VLOOKUP(AL$5, $BA$6:$BV$10, $Y26+2) -> 1.07 | AM26: =VLOOKUP(AM$5, $BA$6:$BV$10, $Y26+2) -> 1.02 | AN26: =VLOOKUP(AN$5, $BA$6:$BV$10, $Z26+2) -> 1.273 | AO26: =VLOOKUP(AO$5, $BA$6:$BV$10, $Z26+2) -> 1.173 | AP26: =VLOOKUP(AP$5, $BA$6:$BV$10, $Z26+2) -> 1.09 | AQ26: =VLOOKUP(AQ$5, $BA$6:$BV$10, $Z26+2) -> 1.033 | AR26: =VLOOKUP(AR$5, $BA$12:$BV$16, $Y26+2) -> 1.18 | AS26: =VLOOKUP(AS$5, $BA$12:$BV$16, $Y26+2) -> 1.13 | AT26: =VLOOKUP(AT$5, $BA$12:$BV$16, $Y26+2) -> 1.07 | AU26: =VLOOKUP(AU$5, $BA$12:$BV$16, $Y26+2) -> 1.02 | AV26: =VLOOKUP(AV$5, $BA$12:$BV$16, $Z26+2) -> 1.225 | AW26: =VLOOKUP(AW$5, $BA$12:$BV$16, $Z26+2) -> 1.16 | AX26: =VLOOKUP(AX$5, $BA$12:$BV$16, $Z26+2) -> 1.09 | AY26: =VLOOKUP(AY$5, $BA$12:$BV$16, $Z26+2) -> 1.033
W27: 21 | X27: =W27/5 -> 4.2 | Y27: =INT(X27) -> 4 | Z27: =IF(Y27+1>20, 20, Y27+1) -> 5 | AA27: =X27 - Y27 -> 0.2 | AB27: =AJ27 + (AN27-AJ27) * $AA27 -> 1.2306 | AC27: =AK27 + (AO27-AK27) * $AA27 -> 1.1466 | AD27: =AL27 + (AP27-AL27) * $AA27 -> 1.074 | AE27: =AM27 + (AQ27-AM27) * $AA27 -> 1.0226 | AF27: =AR27 + (AV27-AR27) * $AA27 -> 1.189 | AG27: =AS27 + (AW27-AS27) * $AA27 -> 1.136 | AH27: =AT27 + (AX27-AT27) * $AA27 -> 1.074 | AI27: =AU27 + (AY27-AU27) * $AA27 -> 1.0226 | AJ27: =VLOOKUP(AJ$5, $BA$6:$BV$10, $Y27+2) -> 1.22 | AK27: =VLOOKUP(AK$5, $BA$6:$BV$10, $Y27+2) -> 1.14 | AL27: =VLOOKUP(AL$5, $BA$6:$BV$10, $Y27+2) -> 1.07 | AM27: =VLOOKUP(AM$5, $BA$6:$BV$10, $Y27+2) -> 1.02 | AN27: =VLOOKUP(AN$5, $BA$6:$BV$10, $Z27+2) -> 1.273 | AO27: =VLOOKUP(AO$5, $BA$6:$BV$10, $Z27+2) -> 1.173 | AP27: =VLOOKUP(AP$5, $BA$6:$BV$10, $Z27+2) -> 1.09 | AQ27: =VLOOKUP(AQ$5, $BA$6:$BV$10, $Z27+2) -> 1.033 | AR27: =VLOOKUP(AR$5, $BA$12:$BV$16, $Y27+2) -> 1.18 | AS27: =VLOOKUP(AS$5, $BA$12:$BV$16, $Y27+2) -> 1.13 | AT27: =VLOOKUP(AT$5, $BA$12:$BV$16, $Y27+2) -> 1.07 | AU27: =VLOOKUP(AU$5, $BA$12:$BV$16, $Y27+2) -> 1.02 | AV27: =VLOOKUP(AV$5, $BA$12:$BV$16, $Z27+2) -> 1.225 | AW27: =VLOOKUP(AW$5, $BA$12:$BV$16, $Z27+2) -> 1.16 | AX27: =VLOOKUP(AX$5, $BA$12:$BV$16, $Z27+2) -> 1.09 | AY27: =VLOOKUP(AY$5, $BA$12:$BV$16, $Z27+2) -> 1.033
W28: 22 | X28: =W28/5 -> 4.4 | Y28: =INT(X28) -> 4 | Z28: =IF(Y28+1>20, 20, Y28+1) -> 5 | AA28: =X28 - Y28 -> 0.4 | AB28: =AJ28 + (AN28-AJ28) * $AA28 -> 1.2412 | AC28: =AK28 + (AO28-AK28) * $AA28 -> 1.1532 | AD28: =AL28 + (AP28-AL28) * $AA28 -> 1.078 | AE28: =AM28 + (AQ28-AM28) * $AA28 -> 1.0252 | AF28: =AR28 + (AV28-AR28) * $AA28 -> 1.198 | AG28: =AS28 + (AW28-AS28) * $AA28 -> 1.142 | AH28: =AT28 + (AX28-AT28) * $AA28 -> 1.078 | AI28: =AU28 + (AY28-AU28) * $AA28 -> 1.0252 | AJ28: =VLOOKUP(AJ$5, $BA$6:$BV$10, $Y28+2) -> 1.22 | AK28: =VLOOKUP(AK$5, $BA$6:$BV$10, $Y28+2) -> 1.14 | AL28: =VLOOKUP(AL$5, $BA$6:$BV$10, $Y28+2) -> 1.07 | AM28: =VLOOKUP(AM$5, $BA$6:$BV$10, $Y28+2) -> 1.02 | AN28: =VLOOKUP(AN$5, $BA$6:$BV$10, $Z28+2) -> 1.273 | AO28: =VLOOKUP(AO$5, $BA$6:$BV$10, $Z28+2) -> 1.173 | AP28: =VLOOKUP(AP$5, $BA$6:$BV$10, $Z28+2) -> 1.09 | AQ28: =VLOOKUP(AQ$5, $BA$6:$BV$10, $Z28+2) -> 1.033 | AR28: =VLOOKUP(AR$5, $BA$12:$BV$16, $Y28+2) -> 1.18 | AS28: =VLOOKUP(AS$5, $BA$12:$BV$16, $Y28+2) -> 1.13 | AT28: =VLOOKUP(AT$5, $BA$12:$BV$16, $Y28+2) -> 1.07 | AU28: =VLOOKUP(AU$5, $BA$12:$BV$16, $Y28+2) -> 1.02 | AV28: =VLOOKUP(AV$5, $BA$12:$BV$16, $Z28+2) -> 1.225 | AW28: =VLOOKUP(AW$5, $BA$12:$BV$16, $Z28+2) -> 1.16 | AX28: =VLOOKUP(AX$5, $BA$12:$BV$16, $Z28+2) -> 1.09 | AY28: =VLOOKUP(AY$5, $BA$12:$BV$16, $Z28+2) -> 1.033
... W106: 100 | X106: =W106/5 -> 20 | Y106: =INT(X106) -> 20 | Z106: =IF(Y106+1>20, 20, Y106+1) -> 20 | AA106: =X106 - Y106 -> 0 | AB106: =AJ106 + (AN106-AJ106) * $AA106 -> 2.2 | AC106: =AK106 + (AO106-AK106) * $AA106 -> 1.81 | AD106: =AL106 + (AP106-AL106) * $AA106 -> 1.52 | AE106: =AM106 + (AQ106-AM106) * $AA106 -> 1.34 | AF106: =AR106 + (AV106-AR106) * $AA106 -> 2.1 | AG106: =AS106 + (AW106-AS106) * $AA106 -> 1.79 | AH106: =AT106 + (AX106-AT106) * $AA106 -> 1.54 | AI106: =AU106 + (AY106-AU106) * $AA106 -> 1.36 | AJ106: =VLOOKUP(AJ$5, $BA$6:$BV$10, $Y106+2) -> 2.2 | AK106: =VLOOKUP(AK$5, $BA$6:$BV$10, $Y106+2) -> 1.81 | AL106: =VLOOKUP(AL$5, $BA$6:$BV$10, $Y106+2) -> 1.52 | AM106: =VLOOKUP(AM$5, $BA$6:$BV$10, $Y106+2) -> 1.34 | AN106: =VLOOKUP(AN$5, $BA$6:$BV$10, $Z106+2) -> 2.2 | AO106: =VLOOKUP(AO$5, $BA$6:$BV$10, $Z106+2) -> 1.81 | AP106: =VLOOKUP(AP$5, $BA$6:$BV$10, $Z106+2) -> 1.52 | AQ106: =VLOOKUP(AQ$5, $BA$6:$BV$10, $Z106+2) -> 1.34 | AR106: =VLOOKUP(AR$5, $BA$12:$BV$16, $Y106+2) -> 2.1 | AS106: =VLOOKUP(AS$5, $BA$12:$BV$16, $Y106+2) -> 1.79 | AT106: =VLOOKUP(AT$5, $BA$12:$BV$16, $Y106+2) -> 1.54 | AU106: =VLOOKUP(AU$5, $BA$12:$BV$16, $Y106+2) -> 1.36 | AV106: =VLOOKUP(AV$5, $BA$12:$BV$16, $Z106+2) -> 2.1 | AW106: =VLOOKUP(AW$5, $BA$12:$BV$16, $Z106+2) -> 1.79 | AX106: =VLOOKUP(AX$5, $BA$12:$BV$16, $Z106+2) -> 1.54 | AY106: =VLOOKUP(AY$5, $BA$12:$BV$16, $Z106+2) -> 1.36

Sheet CAVCapMultiplier
A1: Interpolate MPR % and Format Data for TDM | X1: Modify Data to Smooth Out Extrapolated Curves | BD1: Extrapolate Capacity Multiplier Factors for Lower Capacity Facilities | CJ1: Original (Source) Data
A4: 2 Lane Facilities | X4: 2 Lane Facilities | BD4: 2 Lane Facilities | CJ4: https://www.kittelson.com/ideas/how-connected-automated-vehicles-may-change-freeway-capacities/
B5: 0 | C5: 5 | D5: 10 | E5: 15 | F5: 20 | G5: 25 | H5: 30 | I5: 35 | J5: 40 | K5: 45 | L5: 50 | M5: 55 | N5: 60 | O5: 65 | P5: 70 | Q5: 75 | R5: 80 | S5: 85 | T5: 90 | U5: 95 | V5: 100 | Z5: Base Capacity (pc/h/ln) | BF5: Base Capacity (pc/h/ln)
A6: Cap1Hr1Ln | B6: MPR 0% | C6: MPR 5% | D6: MPR 10% | E6: MPR 15% | F6: MPR 20% | G6: MPR 25% | H6: MPR 30% | I6: MPR 35% | J6: MPR 40% | K6: MPR 45% | L6: MPR 50% | M6: MPR 55% | N6: MPR 60% | O6: MPR 65% | P6: MPR 70% | Q6: MPR 75% | R6: MPR 80% | S6: MPR 85% | T6: MPR 90% | U6: MPR 95% | V6: MPR 100% | Z6: 2400 | AA6: 2100 | AB6: 1800 | AC6: 1500 | BF6: 2400 | BG6: 2100 | BH6: 1800 | BI6: 1500
A7: 1500 | B7: =INDEX(Z7:AC12, MATCH(B5, X7:X12, 0), MATCH(A7, Z6:AC6, 0)) -> 1 | C7: =ROUND( (F7-B7)/(F5-B5)*(C5-B5) + B7, 3) -> 1.055 | D7: =ROUND( (F7-B7)/(F5-B5)*(D5-B5) + B7, 3) -> 1.11 | E7: =ROUND( (F7-B7)/(F5-B5)*(E5-B5) + B7, 3) -> 1.165 | F7: =INDEX(Z7:AC12, MATCH(F5, X7:X12, 0), MATCH(A7, Z6:AC6, 0)) -> 1.22 | G7: =ROUND( (J7-F7)/(J5-F5)*(G5-F5) + F7, 3) -> 1.273 | H7: =ROUND( (J7-F7)/(J5-F5)*(H5-F5) + F7, 3) -> 1.325 | I7: =ROUND( (J7-F7)/(J5-F5)*(I5-F5) + F7, 3) -> 1.378 | J7: =INDEX(Z7:AC12, MATCH(J5, X7:X12, 0), MATCH(A7, Z6:AC6, 0)) -> 1.43 | K7: =ROUND( (N7-J7)/(N5-J5)*(K5-J5) + J7, 3) -> 1.485 | L7: =ROUND( (N7-J7)/(N5-J5)*(L5-J5) + J7, 3) -> 1.54 | M7: =ROUND( (N7-J7)/(N5-J5)*(M5-J5) + J7, 3) -> 1.595 | N7: =INDEX(Z7:AC12, MATCH(N5, X7:X12, 0), MATCH(A7, Z6:AC6, 0)) -> 1.65 | O7: =ROUND( (R7-N7)/(R5-N5)*(O5-N5) + N7, 3) -> 1.713 | P7: =ROUND( (R7-N7)/(R5-N5)*(P5-N5) + N7, 3) -> 1.775 | Q7: =ROUND( (R7-N7)/(R5-N5)*(Q5-N5) + N7, 3) -> 1.838 | R7: =INDEX(Z7:AC12, MATCH(R5, X7:X12, 0), MATCH(A7, Z6:AC6, 0)) -> 1.9 | S7: =ROUND( (V7-R7)/(V5-R5)*(S5-R5) + R7, 3) -> 1.975 | T7: =ROUND( (V7-R7)/(V5-R5)*(T5-R5) + R7, 3) -> 2.05 | U7: =ROUND( (V7-R7)/(V5-R5)*(U5-R5) + R7, 3) -> 2.125 | V7: =INDEX(Z7:AC12, MATCH(V5, X7:X12, 0), MATCH(A7, Z6:AC6, 0)) -> 2.2 | X7: 0 | Y7: ="MPR " & X7 & "%" -> MPR 0% | Z7: 1 | AA7: 1 | AB7: 1 | AC7: =BI7 -> 1 | BD7: 0 | BE7: ="MPR " & BD7 & "%" -> MPR 0% | BF7: 1 | BG7: 1 | BH7: 1 | BI7: 1
A8: 1800 | B8: =INDEX(Z7:AC12, MATCH(B5, X7:X12, 0), MATCH(A8, Z6:AC6, 0)) -> 1 | C8: =ROUND( (F8-B8)/(F5-B5)*(C5-B5) + B8, 3) -> 1.035 | D8: =ROUND( (F8-B8)/(F5-B5)*(D5-B5) + B8, 3) -> 1.07 | E8: =ROUND( (F8-B8)/(F5-B5)*(E5-B5) + B8, 3) -> 1.105 | F8: =INDEX(Z7:AC12, MATCH(F5, X7:X12, 0), MATCH(A8, Z6:AC6, 0)) -> 1.14 | G8: =ROUND( (J8-F8)/(J5-F5)*(G5-F5) + F8, 3) -> 1.173 | H8: =ROUND( (J8-F8)/(J5-F5)*(H5-F5) + F8, 3) -> 1.205 | I8: =ROUND( (J8-F8)/(J5-F5)*(I5-F5) + F8, 3) -> 1.238 | J8: =INDEX(Z7:AC12, MATCH(J5, X7:X12, 0), MATCH(A8, Z6:AC6, 0)) -> 1.27 | K8: =ROUND( (N8-J8)/(N5-J5)*(K5-J5) + J8, 3) -> 1.31 | L8: =ROUND( (N8-J8)/(N5-J5)*(L5-J5) + J8, 3) -> 1.35 | M8: =ROUND( (N8-J8)/(N5-J5)*(M5-J5) + J8, 3) -> 1.39 | N8: =INDEX(Z7:AC12, MATCH(N5, X7:X12, 0), MATCH(A8, Z6:AC6, 0)) -> 1.43 | O8: =ROUND( (R8-N8)/(R5-N5)*(O5-N5) + N8, 3) -> 1.473 | P8: =ROUND( (R8-N8)/(R5-N5)*(P5-N5) + N8, 3) -> 1.515 | Q8: =ROUND( (R8-N8)/(R5-N5)*(Q5-N5) + N8, 3) -> 1.558 | R8: =INDEX(Z7:AC12, MATCH(R5, X7:X12, 0), MATCH(A8, Z6:AC6, 0)) -> 1.6 | S8: =ROUND( (V8-R8)/(V5-R5)*(S5-R5) + R8, 3) -> 1.653 | T8: =ROUND( (V8-R8)/(V5-R5)*(T5-R5) + R8, 3) -> 1.705 | U8: =ROUND( (V8-R8)/(V5-R5)*(U5-R5) + R8, 3) -> 1.758 | V8: =INDEX(Z7:AC12, MATCH(V5, X7:X12, 0), MATCH(A8, Z6:AC6, 0)) -> 1.81 | X8: 20 | Y8: ="MPR " & X8 & "%" -> MPR 20% | Z8: 1.02 | AA8: 1.07 | AB8: 1.14 | AC8: 1.22 | BD8: 20 | BE8: ="MPR " & BD8 & "%" -> MPR 20% | BF8: 1.02 | BG8: 1.03 | BH8: 1.14 | BI8: 1.35
A9: 2100 | B9: =INDEX(Z7:AC12, MATCH(B5, X7:X12, 0), MATCH(A9, Z6:AC6, 0)) -> 1 | C9: =ROUND( (F9-B9)/(F5-B5)*(C5-B5) + B9, 3) -> 1.018 | D9: =ROUND( (F9-B9)/(F5-B5)*(D5-B5) + B9, 3) -> 1.035 | E9: =ROUND( (F9-B9)/(F5-B5)*(E5-B5) + B9, 3) -> 1.053 | F9: =INDEX(Z7:AC12, MATCH(F5, X7:X12, 0), MATCH(A9, Z6:AC6, 0)) -> 1.07 | G9: =ROUND( (J9-F9)/(J5-F5)*(G5-F5) + F9, 3) -> 1.09 | H9: =ROUND( (J9-F9)/(J5-F5)*(H5-F5) + F9, 3) -> 1.11 | I9: =ROUND( (J9-F9)/(J5-F5)*(I5-F5) + F9, 3) -> 1.13 | J9: =INDEX(Z7:AC12, MATCH(J5, X7:X12, 0), MATCH(A9, Z6:AC6, 0)) -> 1.15 | K9: =ROUND( (N9-J9)/(N5-J5)*(K5-J5) + J9, 3) -> 1.175 | L9: =ROUND( (N9-J9)/(N5-J5)*(L5-J5) + J9, 3) -> 1.2 | M9: =ROUND( (N9-J9)/(N5-J5)*(M5-J5) + J9, 3) -> 1.225 | N9: =INDEX(Z7:AC12, MATCH(N5, X7:X12, 0), MATCH(A9, Z6:AC6, 0)) -> 1.25 | O9: =ROUND( (R9-N9)/(R5-N5)*(O5-N5) + N9, 3) -> 1.28 | P9: =ROUND( (R9-N9)/(R5-N5)*(P5-N5) + N9, 3) -> 1.31 | Q9: =ROUND( (R9-N9)/(R5-N5)*(Q5-N5) + N9, 3) -> 1.34 | R9: =INDEX(Z7:AC12, MATCH(R5, X7:X12, 0), MATCH(A9, Z6:AC6, 0)) -> 1.37 | S9: =ROUND( (V9-R9)/(V5-R5)*(S5-R5) + R9, 3) -> 1.408 | T9: =ROUND( (V9-R9)/(V5-R5)*(T5-R5) + R9, 3) -> 1.445 | U9: =ROUND( (V9-R9)/(V5-R5)*(U5-R5) + R9, 3) -> 1.483 | V9: =INDEX(Z7:AC12, MATCH(V5, X7:X12, 0), MATCH(A9, Z6:AC6, 0)) -> 1.52 | X9: 40 | Y9: ="MPR " & X9 & "%" -> MPR 40% | Z9: 1.07 | AA9: 1.15 | AB9: 1.27 | AC9: 1.43 | BD9: 40 | BE9: ="MPR " & BD9 & "%" -> MPR 40% | BF9: 1.07 | BG9: 1.1 | BH9: 1.27 | BI9: 1.58
A10: 2400 | B10: =INDEX(Z7:AC12, MATCH(B5, X7:X12, 0), MATCH(A10, Z6:AC6, 0)) -> 1 | C10: =ROUND( (F10-B10)/(F5-B5)*(C5-B5) + B10, 3) -> 1.005 | D10: =ROUND( (F10-B10)/(F5-B5)*(D5-B5) + B10, 3) -> 1.01 | E10: =ROUND( (F10-B10)/(F5-B5)*(E5-B5) + B10, 3) -> 1.015 | F10: =INDEX(Z7:AC12, MATCH(F5, X7:X12, 0), MATCH(A10, Z6:AC6, 0)) -> 1.02 | G10: =ROUND( (J10-F10)/(J5-F5)*(G5-F5) + F10, 3) -> 1.033 | H10: =ROUND( (J10-F10)/(J5-F5)*(H5-F5) + F10, 3) -> 1.045 | I10: =ROUND( (J10-F10)/(J5-F5)*(I5-F5) + F10, 3) -> 1.058 | J10: =INDEX(Z7:AC12, MATCH(J5, X7:X12, 0), MATCH(A10, Z6:AC6, 0)) -> 1.07 | K10: =ROUND( (N10-J10)/(N5-J5)*(K5-J5) + J10, 3) -> 1.085 | L10: =ROUND( (N10-J10)/(N5-J5)*(L5-J5) + J10, 3) -> 1.1 | M10: =ROUND( (N10-J10)/(N5-J5)*(M5-J5) + J10, 3) -> 1.115 | N10: =INDEX(Z7:AC12, MATCH(N5, X7:X12, 0), MATCH(A10, Z6:AC6, 0)) -> 1.13 | O10: =ROUND( (R10-N10)/(R5-N5)*(O5-N5) + N10, 3) -> 1.153 | P10: =ROUND( (R10-N10)/(R5-N5)*(P5-N5) + N10, 3) -> 1.175 | Q10: =ROUND( (R10-N10)/(R5-N5)*(Q5-N5) + N10, 3) -> 1.198 | R10: =INDEX(Z7:AC12, MATCH(R5, X7:X12, 0), MATCH(A10, Z6:AC6, 0)) -> 1.22 | S10: =ROUND( (V10-R10)/(V5-R5)*(S5-R5) + R10, 3) -> 1.25 | T10: =ROUND( (V10-R10)/(V5-R5)*(T5-R5) + R10, 3) -> 1.28 | U10: =ROUND( (V10-R10)/(V5-R5)*(U5-R5) + R10, 3) -> 1.31 | V10: =INDEX(Z7:AC12, MATCH(V5, X7:X12, 0), MATCH(A10, Z6:AC6, 0)) -> 1.34 | X10: 60 | Y10: ="MPR " & X10 & "%" -> MPR 60% | Z10: 1.13 | AA10: 1.25 | AB10: 1.43 | AC10: =BI10 -> 1.65 | BD10: 60 | BE10: ="MPR " & BD10 & "%" -> MPR 60% | BF10: 1.13 | BG10: 1.26 | BH10: 1.43 | BI10: 1.65
X11: 80 | Y11: ="MPR " & X11 & "%" -> MPR 80% | Z11: 1.22 | AA11: 1.37 | AB11: 1.6 | AC11: 1.9 | BD11: 80 | BE11: ="MPR " & BD11 & "%" -> MPR 80% | BF11: 1.22 | BG11: 1.37 | BH11: 1.63 | BI11: 2
X12: 100 | Y12: ="MPR " & X12 & "%" -> MPR 100% | Z12: 1.34 | AA12: 1.52 | AB12: 1.81 | AC12: 2.2 | BD12: 100 | BE12: ="MPR " & BD12 & "%" -> MPR 100% | BF12: 1.34 | BG12: 1.52 | BH12: 1.82 | BI12: 2.25
B13: TDM Capacity Lookup for 2 Lane Facilities
B14: Minimum | C14: 1693.375
B15: Maximum | C15: 2450
A27: 3+ Lane Facilities | X27: 3+ Lane Facilities | BD27: 3+ Lane Facilities
B28: 0 | C28: 5 | D28: 10 | E28: 15 | F28: 20 | G28: 25 | H28: 30 | I28: 35 | J28: 40 | K28: 45 | L28: 50 | M28: 55 | N28: 60 | O28: 65 | P28: 70 | Q28: 75 | R28: 80 | S28: 85 | T28: 90 | U28: 95 | V28: 100 | Z28: Base Capacity (pc/h/ln) | BF28: Base Capacity (pc/h/ln)
A29: Cap1Hr1Ln | B29: MPR 0% | C29: MPR 5% | D29: MPR 10% | E29: MPR 15% | F29: MPR 20% | G29: MPR 25% | H29: MPR 30% | I29: MPR 35% | J29: MPR 40% | K29: MPR 45% | L29: MPR 50% | M29: MPR 55% | N29: MPR 60% | O29: MPR 65% | P29: MPR 70% | Q29: MPR 75% | R29: MPR 80% | S29: MPR 85% | T29: MPR 90% | U29: MPR 95% | V29: MPR 100% | Z29: 2400 | AA29: 2100 | AB29: 1800 | AC29: 1500 | BF29: 2400 | BG29: 2100 | BH29: 1800 | BI29: 1500
A30: 1500 | B30: =INDEX(Z30:AC35, MATCH(B28, X30:X35, 0), MATCH(A30, Z29:AC29, 0)) -> 1 | C30: =ROUND( (F30-B30)/(F28-B28)*(C28-B28) + B30, 3) -> 1.045 | D30: =ROUND( (F30-B30)/(F28-B28)*(D28-B28) + B30, 3) -> 1.09 | E30: =ROUND( (F30-B30)/(F28-B28)*(E28-B28) + B30, 3) -> 1.135 | F30: =INDEX(Z30:AC35, MATCH(F28, X30:X35, 0), MATCH(A30, Z29:AC29, 0)) -> 1.18 | G30: =ROUND( (J30-F30)/(J28-F28)*(G28-F28) + F30, 3) -> 1.225 | H30: =ROUND( (J30-F30)/(J28-F28)*(H28-F28) + F30, 3) -> 1.27 | I30: =ROUND( (J30-F30)/(J28-F28)*(I28-F28) + F30, 3) -> 1.315 | J30: =INDEX(Z30:AC35, MATCH(J28, X30:X35, 0), MATCH(A30, Z29:AC29, 0)) -> 1.36 | K30: =ROUND( (N30-J30)/(N28-J28)*(K28-J28) + J30, 3) -> 1.408 | L30: =ROUND( (N30-J30)/(N28-J28)*(L28-J28) + J30, 3) -> 1.455 | M30: =ROUND( (N30-J30)/(N28-J28)*(M28-J28) + J30, 3) -> 1.503 | N30: =INDEX(Z30:AC35, MATCH(N28, X30:X35, 0), MATCH(A30, Z29:AC29, 0)) -> 1.55 | O30: =ROUND( (R30-N30)/(R28-N28)*(O28-N28) + N30, 3) -> 1.613 | P30: =ROUND( (R30-N30)/(R28-N28)*(P28-N28) + N30, 3) -> 1.675 | Q30: =ROUND( (R30-N30)/(R28-N28)*(Q28-N28) + N30, 3) -> 1.738 | R30: =INDEX(Z30:AC35, MATCH(R28, X30:X35, 0), MATCH(A30, Z29:AC29, 0)) -> 1.8 | S30: =ROUND( (V30-R30)/(V28-R28)*(S28-R28) + R30, 3) -> 1.875 | T30: =ROUND( (V30-R30)/(V28-R28)*(T28-R28) + R30, 3) -> 1.95 | U30: =ROUND( (V30-R30)/(V28-R28)*(U28-R28) + R30, 3) -> 2.025 | V30: =INDEX(Z30:AC35, MATCH(V28, X30:X35, 0), MATCH(A30, Z29:AC29, 0)) -> 2.1 | X30: 0 | Y30: ="MPR " & X30 & "%" -> MPR 0% | Z30: 1 | AA30: 1 | AB30: 1 | AC30: =BI30 -> 1 | BD30: 0 | BE30: ="MPR " & BD30 & "%" -> MPR 0% | BF30: 1 | BG30: 1 | BH30: 1 | BI30: 1
A31: 1800 | B31: =INDEX(Z30:AC35, MATCH(B28, X30:X35, 0), MATCH(A31, Z29:AC29, 0)) -> 1 | C31: =ROUND( (F31-B31)/(F28-B28)*(C28-B28) + B31, 3) -> 1.033 | D31: =ROUND( (F31-B31)/(F28-B28)*(D28-B28) + B31, 3) -> 1.065 | E31: =ROUND( (F31-B31)/(F28-B28)*(E28-B28) + B31, 3) -> 1.098 | F31: =INDEX(Z30:AC35, MATCH(F28, X30:X35, 0), MATCH(A31, Z29:AC29, 0)) -> 1.13 | G31: =ROUND( (J31-F31)/(J28-F28)*(G28-F28) + F31, 3) -> 1.16 | H31: =ROUND( (J31-F31)/(J28-F28)*(H28-F28) + F31, 3) -> 1.19 | I31: =ROUND( (J31-F31)/(J28-F28)*(I28-F28) + F31, 3) -> 1.22 | J31: =INDEX(Z30:AC35, MATCH(J28, X30:X35, 0), MATCH(A31, Z29:AC29, 0)) -> 1.25 | K31: =ROUND( (N31-J31)/(N28-J28)*(K28-J28) + J31, 3) -> 1.28 | L31: =ROUND( (N31-J31)/(N28-J28)*(L28-J28) + J31, 3) -> 1.31 | M31: =ROUND( (N31-J31)/(N28-J28)*(M28-J28) + J31, 3) -> 1.34 | N31: =INDEX(Z30:AC35, MATCH(N28, X30:X35, 0), MATCH(A31, Z29:AC29, 0)) -> 1.37 | O31: =ROUND( (R31-N31)/(R28-N28)*(O28-N28) + N31, 3) -> 1.418 | P31: =ROUND( (R31-N31)/(R28-N28)*(P28-N28) + N31, 3) -> 1.465 | Q31: =ROUND( (R31-N31)/(R28-N28)*(Q28-N28) + N31, 3) -> 1.513 | R31: =INDEX(Z30:AC35, MATCH(R28, X30:X35, 0), MATCH(A31, Z29:AC29, 0)) -> 1.56 | S31: =ROUND( (V31-R31)/(V28-R28)*(S28-R28) + R31, 3) -> 1.618 | T31: =ROUND( (V31-R31)/(V28-R28)*(T28-R28) + R31, 3) -> 1.675 | U31: =ROUND( (V31-R31)/(V28-R28)*(U28-R28) + R31, 3) -> 1.733 | V31: =INDEX(Z30:AC35, MATCH(V28, X30:X35, 0), MATCH(A31, Z29:AC29, 0)) -> 1.79 | X31: 20 | Y31: ="MPR " & X31 & "%" -> MPR 20% | Z31: 1.02 | AA31: 1.07 | AB31: 1.13 | AC31: 1.18 | BD31: 20 | BE31: ="MPR " & BD31 & "%" -> MPR 20% | BF31: 1.02 | BG31: 1.01 | BH31: 1.15 | BI31: 1.45
A32: 2100 | B32: =INDEX(Z30:AC35, MATCH(B28, X30:X35, 0), MATCH(A32, Z29:AC29, 0)) -> 1 | C32: =ROUND( (F32-B32)/(F28-B28)*(C28-B28) + B32, 3) -> 1.018 | D32: =ROUND( (F32-B32)/(F28-B28)*(D28-B28) + B32, 3) -> 1.035 | E32: =ROUND( (F32-B32)/(F28-B28)*(E28-B28) + B32, 3) -> 1.053 | F32: =INDEX(Z30:AC35, MATCH(F28, X30:X35, 0), MATCH(A32, Z29:AC29, 0)) -> 1.07 | G32: =ROUND( (J32-F32)/(J28-F28)*(G28-F28) + F32, 3) -> 1.09 | H32: =ROUND( (J32-F32)/(J28-F28)*(H28-F28) + F32, 3) -> 1.11 | I32: =ROUND( (J32-F32)/(J28-F28)*(I28-F28) + F32, 3) -> 1.13 | J32: =INDEX(Z30:AC35, MATCH(J28, X30:X35, 0), MATCH(A32, Z29:AC29, 0)) -> 1.15 | K32: =ROUND( (N32-J32)/(N28-J28)*(K28-J28) + J32, 3) -> 1.17 | L32: =ROUND( (N32-J32)/(N28-J28)*(L28-J28) + J32, 3) -> 1.19 | M32: =ROUND( (N32-J32)/(N28-J28)*(M28-J28) + J32, 3) -> 1.21 | N32: =INDEX(Z30:AC35, MATCH(N28, X30:X35, 0), MATCH(A32, Z29:AC29, 0)) -> 1.23 | O32: =ROUND( (R32-N32)/(R28-N28)*(O28-N28) + N32, 3) -> 1.263 | P32: =ROUND( (R32-N32)/(R28-N28)*(P28-N28) + N32, 3) -> 1.295 | Q32: =ROUND( (R32-N32)/(R28-N28)*(Q28-N28) + N32, 3) -> 1.328 | R32: =INDEX(Z30:AC35, MATCH(R28, X30:X35, 0), MATCH(A32, Z29:AC29, 0)) -> 1.36 | S32: =ROUND( (V32-R32)/(V28-R28)*(S28-R28) + R32, 3) -> 1.405 | T32: =ROUND( (V32-R32)/(V28-R28)*(T28-R28) + R32, 3) -> 1.45 | U32: =ROUND( (V32-R32)/(V28-R28)*(U28-R28) + R32, 3) -> 1.495 | V32: =INDEX(Z30:AC35, MATCH(V28, X30:X35, 0), MATCH(A32, Z29:AC29, 0)) -> 1.54 | X32: 40 | Y32: ="MPR " & X32 & "%" -> MPR 40% | Z32: 1.07 | AA32: 1.15 | AB32: 1.25 | AC32: 1.36 | BD32: 40 | BE32: ="MPR " & BD32 & "%" -> MPR 40% | BF32: 1.07 | BG32: 1.1 | BH32: 1.26 | BI32: 1.5
A33: 2400 | B33: =INDEX(Z30:AC35, MATCH(B28, X30:X35, 0), MATCH(A33, Z29:AC29, 0)) -> 1 | C33: =ROUND( (F33-B33)/(F28-B28)*(C28-B28) + B33, 3) -> 1.005 | D33: =ROUND( (F33-B33)/(F28-B28)*(D28-B28) + B33, 3) -> 1.01 | E33: =ROUND( (F33-B33)/(F28-B28)*(E28-B28) + B33, 3) -> 1.015 | F33: =INDEX(Z30:AC35, MATCH(F28, X30:X35, 0), MATCH(A33, Z29:AC29, 0)) -> 1.02 | G33: =ROUND( (J33-F33)/(J28-F28)*(G28-F28) + F33, 3) -> 1.033 | H33: =ROUND( (J33-F33)/(J28-F28)*(H28-F28) + F33, 3) -> 1.045 | I33: =ROUND( (J33-F33)/(J28-F28)*(I28-F28) + F33, 3) -> 1.058 | J33: =INDEX(Z30:AC35, MATCH(J28, X30:X35, 0), MATCH(A33, Z29:AC29, 0)) -> 1.07 | K33: =ROUND( (N33-J33)/(N28-J28)*(K28-J28) + J33, 3) -> 1.083 | L33: =ROUND( (N33-J33)/(N28-J28)*(L28-J28) + J33, 3) -> 1.095 | M33: =ROUND( (N33-J33)/(N28-J28)*(M28-J28) + J33, 3) -> 1.108 | N33: =INDEX(Z30:AC35, MATCH(N28, X30:X35, 0), MATCH(A33, Z29:AC29, 0)) -> 1.12 | O33: =ROUND( (R33-N33)/(R28-N28)*(O28-N28) + N33, 3) -> 1.143 | P33: =ROUND( (R33-N33)/(R28-N28)*(P28-N28) + N33, 3) -> 1.165 | Q33: =ROUND( (R33-N33)/(R28-N28)*(Q28-N28) + N33, 3) -> 1.188 | R33: =INDEX(Z30:AC35, MATCH(R28, X30:X35, 0), MATCH(A33, Z29:AC29, 0)) -> 1.21 | S33: =ROUND( (V33-R33)/(V28-R28)*(S28-R28) + R33, 3) -> 1.248 | T33: =ROUND( (V33-R33)/(V28-R28)*(T28-R28) + R33, 3) -> 1.285 | U33: =ROUND( (V33-R33)/(V28-R28)*(U28-R28) + R33, 3) -> 1.323 | V33: =INDEX(Z30:AC35, MATCH(V28, X30:X35, 0), MATCH(A33, Z29:AC29, 0)) -> 1.36 | X33: 60 | Y33: ="MPR " & X33 & "%" -> MPR 60% | Z33: 1.12 | AA33: 1.23 | AB33: 1.37 | AC33: =BI33 -> 1.55 | BD33: 60 | BE33: ="MPR " & BD33 & "%" -> MPR 60% | BF33: 1.12 | BG33: 1.23 | BH33: 1.37 | BI33: 1.55
X34: 80 | Y34: ="MPR " & X34 & "%" -> MPR 80% | Z34: 1.21 | AA34: 1.36 | AB34: 1.56 | AC34: =BI34 -> 1.8 | BD34: 80 | BE34: ="MPR " & BD34 & "%" -> MPR 80% | BF34: 1.21 | BG34: 1.36 | BH34: 1.56 | BI34: 1.8
X35: 100 | Y35: ="MPR " & X35 & "%" -> MPR 100% | Z35: 1.36 | AA35: 1.54 | AB35: 1.79 | AC35: 2.1 | BD35: 100 | BE35: ="MPR " & BD35 & "%" -> MPR 100% | BF35: 1.36 | BG35: 1.54 | BH35: 1.82 | BI35: 2.2
B36: TDM Capacity Lookup for 3+ Lane Facilities
B37: Minimum | C37: 1490.17
B38: Maximum | C38: 2333.3333
