Workbook
Name ArtExpFactors: 'Cap1hr1ln V8'!$B$43:$E$52
Name ArtExpFactors: 'Cap1hr1ln V8.3x'!$B$55:$E$64
Name ArtExpFactors: #REF!
Name ATypeCap: 'Cap1hr1ln V8'!$B$65:$G$66
Name ATypeCap: 'Cap1hr1ln V8.3x'!$B$77:$G$78
Name ATypeCap: #REF!
Name Export_SpdCap: Export!$A$3:$M$37
Name Export_VDF: Export!$P$3:$T$9
Name FwyCapFactors: 'Cap1hr1ln V8'!$B$73:$D$84
Name FwyCapFactors: 'Cap1hr1ln V8.3x'!$B$85:$D$97
Name FwyCapFactors: #REF!
Name FwyFleLookup: 'Cap1hr1ln V8'!$F$73:$G$80
Name FwyFleLookup: 'Cap1hr1ln V8.3x'!$F$85:$G$92
Name FwyFleLookup: #REF!

Sheet Export
A1: Speed & Capacity Lookup Table | P1: Volume Delay Function Parameters
A3: ;FT | B3: SPDAT1 | C3: SPDAT2 | D3: SPDAT3 | E3: SPDAT4 | F3: SPDAT5 | G3: CAPLN1 | H3: CAPLN2 | I3: CAPLN3 | J3: CAPLN4 | K3: CAPLN5 | L3: CAPLN6 | M3: CAPLN7 | P3: ;LINKCLASS | Q3: COEF | R3: EXP | S3: MAXVC | T3: NOTE
A4: 1 | B4: =ROUND('SFF 8.3'!C5, 0) -> 30 | C4: =ROUND('SFF 8.3'!D5, 0) -> 24 | D4: =ROUND('SFF 8.3'!E5, 0) -> 20 | E4: =ROUND('SFF 8.3'!F5, 0) -> 17 | F4: =ROUND('SFF 8.3'!G5, 0) -> 14 | G4: ='Cap1hr1ln V8.32b'!C4 -> 10000 | H4: ='Cap1hr1ln V8.32b'!D4 -> 10000 | I4: ='Cap1hr1ln V8.32b'!E4 -> 10000 | J4: ='Cap1hr1ln V8.32b'!F4 -> 10000 | K4: ='Cap1hr1ln V8.32b'!G4 -> 10000 | L4: ='Cap1hr1ln V8.32b'!H4 -> 10000 | M4: ='Cap1hr1ln V8.32b'!I4 -> 10000 | P4: 1 | Q4: ='VDF V8.3x'!B5 -> 0.7 | R4: ='VDF V8.3x'!B6 -> 8 | S4: ='VDF V8.3x'!B7 -> 1.44 | T4: Freeway
A5: 2 | B5: =ROUND('SFF 8.3'!C6, 0) -> 58 | C5: =ROUND('SFF 8.3'!D6, 0) -> 48 | D5: =ROUND('SFF 8.3'!E6, 0) -> 38 | E5: =ROUND('SFF 8.3'!F6, 0) -> 32 | F5: =ROUND('SFF 8.3'!G6, 0) -> 24 | G5: ='Cap1hr1ln V8.32b'!C5 -> 968 | H5: ='Cap1hr1ln V8.32b'!D5 -> 929 | I5: ='Cap1hr1ln V8.32b'!E5 -> 890 | J5: ='Cap1hr1ln V8.32b'!F5 -> 869 | K5: ='Cap1hr1ln V8.32b'!G5 -> 849 | L5: ='Cap1hr1ln V8.32b'!H5 -> 830 | M5: ='Cap1hr1ln V8.32b'!I5 -> 810 | P5: 2 | Q5: ='VDF V8.3x'!C5 -> 0.7 | R5: ='VDF V8.3x'!C6 -> 3 | S5: ='VDF V8.3x'!C7 -> 1.65 | T5: Ramp
A6: 3 | B6: =ROUND('SFF 8.3'!C7, 0) -> 55 | C6: =ROUND('SFF 8.3'!D7, 0) -> 43 | D6: =ROUND('SFF 8.3'!E7, 0) -> 35 | E6: =ROUND('SFF 8.3'!F7, 0) -> 30 | F6: =ROUND('SFF 8.3'!G7, 0) -> 21 | G6: ='Cap1hr1ln V8.32b'!C6 -> 894 | H6: ='Cap1hr1ln V8.32b'!D6 -> 858 | I6: ='Cap1hr1ln V8.32b'!E6 -> 822 | J6: ='Cap1hr1ln V8.32b'!F6 -> 803 | K6: ='Cap1hr1ln V8.32b'!G6 -> 784 | L6: ='Cap1hr1ln V8.32b'!H6 -> 766 | M6: ='Cap1hr1ln V8.32b'!I6 -> 748 | P6: 3 | Q6: ='VDF V8.3x'!D5 -> 0.6 | R6: ='VDF V8.3x'!D6 -> 6 | S6: ='VDF V8.3x'!D7 -> 1.55 | T6: Expressway
A7: 4 | B7: =ROUND('SFF 8.3'!C8, 0) -> 48 | C7: =ROUND('SFF 8.3'!D8, 0) -> 38 | D7: =ROUND('SFF 8.3'!E8, 0) -> 34 | E7: =ROUND('SFF 8.3'!F8, 0) -> 28 | F7: =ROUND('SFF 8.3'!G8, 0) -> 19 | G7: ='Cap1hr1ln V8.32b'!C7 -> 733 | H7: ='Cap1hr1ln V8.32b'!D7 -> 703 | I7: ='Cap1hr1ln V8.32b'!E7 -> 674 | J7: ='Cap1hr1ln V8.32b'!F7 -> 658 | K7: ='Cap1hr1ln V8.32b'!G7 -> 643 | L7: ='Cap1hr1ln V8.32b'!H7 -> 628 | M7: ='Cap1hr1ln V8.32b'!I7 -> 613 | P7: 4 | Q7: ='VDF V8.3x'!E5 -> 0.6 | R7: ='VDF V8.3x'!E6 -> 4 | S7: ='VDF V8.3x'!E7 -> 1.8 | T7: Arterial
A8: 5 | B8: =ROUND('SFF 8.3'!C9, 0) -> 42 | C8: =ROUND('SFF 8.3'!D9, 0) -> 32 | D8: =ROUND('SFF 8.3'!E9, 0) -> 26 | E8: =ROUND('SFF 8.3'!F9, 0) -> 23 | F8: =ROUND('SFF 8.3'!G9, 0) -> 15 | G8: ='Cap1hr1ln V8.32b'!C8 -> 515 | H8: ='Cap1hr1ln V8.32b'!D8 -> 494 | I8: ='Cap1hr1ln V8.32b'!E8 -> 473 | J8: ='Cap1hr1ln V8.32b'!F8 -> 462 | K8: ='Cap1hr1ln V8.32b'!G8 -> 451 | L8: ='Cap1hr1ln V8.32b'!H8 -> 441 | M8: ='Cap1hr1ln V8.32b'!I8 -> 431 | P8: 5 | Q8: ='VDF V8.3x'!F5 -> 0.6 | R8: ='VDF V8.3x'!F6 -> 3 | S8: ='VDF V8.3x'!F7 -> 1.85 | T8: Collector & Local
A9: 6 | B9: =ROUND('SFF 8.3'!C10, 0) -> 30 | C9: =ROUND('SFF 8.3'!D10, 0) -> 24 | D9: =ROUND('SFF 8.3'!E10, 0) -> 20 | E9: =ROUND('SFF 8.3'!F10, 0) -> 17 | F9: =ROUND('SFF 8.3'!G10, 0) -> 14 | G9: ='Cap1hr1ln V8.32b'!C9 -> 412 | H9: ='Cap1hr1ln V8.32b'!D9 -> 395 | I9: ='Cap1hr1ln V8.32b'!E9 -> 378 | J9: ='Cap1hr1ln V8.32b'!F9 -> 370 | K9: ='Cap1hr1ln V8.32b'!G9 -> 361 | L9: ='Cap1hr1ln V8.32b'!H9 -> 353 | M9: ='Cap1hr1ln V8.32b'!I9 -> 344 | P9: 6 | Q9: ='VDF V8.3x'!G5 -> 0.7 | R9: ='VDF V8.3x'!G6 -> 8 | S9: ='VDF V8.3x'!G7 -> 1.44 | T9: Managed Freeway
A10: 7 | B10: =ROUND('SFF 8.3'!C11, 0) -> 15 | C10: =ROUND('SFF 8.3'!D11, 0) -> 15 | D10: =ROUND('SFF 8.3'!E11, 0) -> 15 | E10: =ROUND('SFF 8.3'!F11, 0) -> 15 | F10: =ROUND('SFF 8.3'!G11, 0) -> 15 | G10: ='Cap1hr1ln V8.32b'!C10 -> 300 | H10: ='Cap1hr1ln V8.32b'!D10 -> 300 | I10: ='Cap1hr1ln V8.32b'!E10 -> 300 | J10: ='Cap1hr1ln V8.32b'!F10 -> 300 | K10: ='Cap1hr1ln V8.32b'!G10 -> 300 | L10: ='Cap1hr1ln V8.32b'!H10 -> 300 | M10: ='Cap1hr1ln V8.32b'!I10 -> 300
A11: 12 | B11: =ROUND('SFF 8.3'!C15, 0) -> 56 | C11: =B11 -> 56 | D11: =C11 -> 56 | E11: =D11 -> 56 | F11: =E11 -> 56 | G11: ='Cap1hr1ln V8.32b'!C11 -> 1102 | H11: ='Cap1hr1ln V8.32b'!D11 -> 1058 | I11: ='Cap1hr1ln V8.32b'!E11 -> 1025 | J11: ='Cap1hr1ln V8.32b'!F11 -> 1003 | K11: ='Cap1hr1ln V8.32b'!G11 -> 981 | L11: ='Cap1hr1ln V8.32b'!H11 -> 960 | M11: ='Cap1hr1ln V8.32b'!I11 -> 940
A12: 13 | B12: =ROUND('SFF 8.3'!C16, 0) -> 53 | C12: =B12 -> 53 | D12: =C12 -> 53 | E12: =D12 -> 53 | F12: =E12 -> 53 | G12: ='Cap1hr1ln V8.32b'!C12 -> 1064 | H12: ='Cap1hr1ln V8.32b'!D12 -> 1021 | I12: ='Cap1hr1ln V8.32b'!E12 -> 990 | J12: ='Cap1hr1ln V8.32b'!F12 -> 968 | K12: ='Cap1hr1ln V8.32b'!G12 -> 947 | L12: ='Cap1hr1ln V8.32b'!H12 -> 927 | M12: ='Cap1hr1ln V8.32b'!I12 -> 907
A13: 14 | B13: =ROUND('SFF 8.3'!C17, 0) -> 48 | C13: =B13 -> 48 | D13: =C13 -> 48 | E13: =D13 -> 48 | F13: =E13 -> 48 | G13: ='Cap1hr1ln V8.32b'!C13 -> 1026 | H13: ='Cap1hr1ln V8.32b'!D13 -> 985 | I13: ='Cap1hr1ln V8.32b'!E13 -> 954 | J13: ='Cap1hr1ln V8.32b'!F13 -> 934 | K13: ='Cap1hr1ln V8.32b'!G13 -> 914 | L13: ='Cap1hr1ln V8.32b'!H13 -> 894 | M13: ='Cap1hr1ln V8.32b'!I13 -> 875
A14: 15 | B14: =ROUND('SFF 8.3'!C18, 0) -> 43 | C14: =B14 -> 43 | D14: =C14 -> 43 | E14: =D14 -> 43 | F14: =E14 -> 43 | G14: ='Cap1hr1ln V8.32b'!C14 -> 988 | H14: ='Cap1hr1ln V8.32b'!D14 -> 948 | I14: ='Cap1hr1ln V8.32b'!E14 -> 919 | J14: ='Cap1hr1ln V8.32b'!F14 -> 899 | K14: ='Cap1hr1ln V8.32b'!G14 -> 880 | L14: ='Cap1hr1ln V8.32b'!H14 -> 861 | M14: ='Cap1hr1ln V8.32b'!I14 -> 842
A15: 20 | B15: =ROUND('SFF 8.3'!C20, 0) -> 35 | C15: =B15 -> 35 | D15: =C15 -> 35 | E15: =D15 -> 35 | F15: =E15 -> 35 | G15: ='Cap1hr1ln V8.32b'!C15 -> 1325 | H15: ='Cap1hr1ln V8.32b'!D15 -> 1060 | I15: ='Cap1hr1ln V8.32b'!E15 -> 848 | J15: ='Cap1hr1ln V8.32b'!F15 -> 848 | K15: ='Cap1hr1ln V8.32b'!G15 -> 848 | L15: ='Cap1hr1ln V8.32b'!H15 -> 848 | M15: ='Cap1hr1ln V8.32b'!I15 -> 848
A16: 21 | B16: =ROUND('SFF 8.3'!C21, 0) -> 55 | C16: =B16 -> 55 | D16: =C16 -> 55 | E16: =D16 -> 55 | F16: =E16 -> 55 | G16: ='Cap1hr1ln V8.32b'!C16 -> 1473 | H16: ='Cap1hr1ln V8.32b'!D16 -> 1473 | I16: ='Cap1hr1ln V8.32b'!E16 -> 1473 | J16: ='Cap1hr1ln V8.32b'!F16 -> 1443 | K16: ='Cap1hr1ln V8.32b'!G16 -> 1399 | L16: ='Cap1hr1ln V8.32b'!H16 -> 1340 | M16: ='Cap1hr1ln V8.32b'!I16 -> 1296
A17: 22 | B17: =ROUND('SFF 8.3'!C22, 0) -> 65 | C17: =B17 -> 65 | D17: =C17 -> 65 | E17: =D17 -> 65 | F17: =E17 -> 65 | G17: ='Cap1hr1ln V8.32b'!C17 -> 1922 | H17: ='Cap1hr1ln V8.32b'!D17 -> 1922 | I17: ='Cap1hr1ln V8.32b'!E17 -> 1922 | J17: ='Cap1hr1ln V8.32b'!F17 -> 1884 | K17: ='Cap1hr1ln V8.32b'!G17 -> 1826 | L17: ='Cap1hr1ln V8.32b'!H17 -> 1749 | M17: ='Cap1hr1ln V8.32b'!I17 -> 1691
A18: 23 | B18: =ROUND('SFF 8.3'!C23, 0) -> 75 | C18: =B18 -> 75 | D18: =C18 -> 75 | E18: =D18 -> 75 | F18: =E18 -> 75 | G18: ='Cap1hr1ln V8.32b'!C18 -> 1964 | H18: ='Cap1hr1ln V8.32b'!D18 -> 1964 | I18: ='Cap1hr1ln V8.32b'!E18 -> 1964 | J18: ='Cap1hr1ln V8.32b'!F18 -> 1924 | K18: ='Cap1hr1ln V8.32b'!G18 -> 1866 | L18: ='Cap1hr1ln V8.32b'!H18 -> 1787 | M18: ='Cap1hr1ln V8.32b'!I18 -> 1728
A19: 24 | B19: =ROUND('SFF 8.3'!C24, 0) -> 73 | C19: =B19 -> 73 | D19: =C19 -> 73 | E19: =D19 -> 73 | F19: =E19 -> 73 | G19: ='Cap1hr1ln V8.32b'!C19 -> 2664 | H19: ='Cap1hr1ln V8.32b'!D19 -> 2314 | I19: ='Cap1hr1ln V8.32b'!E19 -> 2197 | J19: ='Cap1hr1ln V8.32b'!F19 -> 2099 | K19: ='Cap1hr1ln V8.32b'!G19 -> 2006 | L19: ='Cap1hr1ln V8.32b'!H19 -> 1904 | M19: ='Cap1hr1ln V8.32b'!I19 -> 1828
A20: 25 | B20: =ROUND('SFF 8.3'!C25, 0) -> 78 | C20: =B20 -> 78 | D20: =C20 -> 78 | E20: =D20 -> 78 | F20: =E20 -> 78 | G20: ='Cap1hr1ln V8.32b'!C20 -> 2006 | H20: ='Cap1hr1ln V8.32b'!D20 -> 2006 | I20: ='Cap1hr1ln V8.32b'!E20 -> 2006 | J20: ='Cap1hr1ln V8.32b'!F20 -> 1965 | K20: ='Cap1hr1ln V8.32b'!G20 -> 1905 | L20: ='Cap1hr1ln V8.32b'!H20 -> 1825 | M20: ='Cap1hr1ln V8.32b'!I20 -> 1765
A21: 26 | B21: =ROUND('SFF 8.3'!C26, 0) -> 75 | C21: =B21 -> 75 | D21: =C21 -> 75 | E21: =D21 -> 75 | F21: =E21 -> 75 | G21: ='Cap1hr1ln V8.32b'!C21 -> 2706 | H21: ='Cap1hr1ln V8.32b'!D21 -> 2356 | I21: ='Cap1hr1ln V8.32b'!E21 -> 2239 | J21: ='Cap1hr1ln V8.32b'!F21 -> 2140 | K21: ='Cap1hr1ln V8.32b'!G21 -> 2045 | L21: ='Cap1hr1ln V8.32b'!H21 -> 1942 | M21: ='Cap1hr1ln V8.32b'!I21 -> 1865
A22: 27 | B22: =ROUND('SFF 8.3'!C27, 0) -> 77 | C22: =B22 -> 77 | D22: =C22 -> 77 | E22: =D22 -> 77 | F22: =E22 -> 77 | G22: ='Cap1hr1ln V8.32b'!C22 -> 2706 | H22: ='Cap1hr1ln V8.32b'!D22 -> 2356 | I22: ='Cap1hr1ln V8.32b'!E22 -> 2239 | J22: ='Cap1hr1ln V8.32b'!F22 -> 2140 | K22: ='Cap1hr1ln V8.32b'!G22 -> 2045 | L22: ='Cap1hr1ln V8.32b'!H22 -> 1942 | M22: ='Cap1hr1ln V8.32b'!I22 -> 1865
A23: 28 | B23: =ROUND('SFF 8.3'!C28, 0) -> 23 | C23: =B23 -> 23 | D23: =C23 -> 23 | E23: =D23 -> 23 | F23: =E23 -> 23 | G23: ='Cap1hr1ln V8.32b'!C23 -> 1200 | H23: ='Cap1hr1ln V8.32b'!D23 -> 900 | I23: ='Cap1hr1ln V8.32b'!E23 -> 600 | J23: ='Cap1hr1ln V8.32b'!F23 -> 600 | K23: ='Cap1hr1ln V8.32b'!G23 -> 600 | L23: ='Cap1hr1ln V8.32b'!H23 -> 600 | M23: ='Cap1hr1ln V8.32b'!I23 -> 600
A24: 29 | B24: =ROUND('SFF 8.3'!C29, 0) -> 26 | C24: =B24 -> 26 | D24: =C24 -> 26 | E24: =D24 -> 26 | F24: =E24 -> 26 | G24: ='Cap1hr1ln V8.32b'!C24 -> 894 | H24: ='Cap1hr1ln V8.32b'!D24 -> 858 | I24: ='Cap1hr1ln V8.32b'!E24 -> 822 | J24: ='Cap1hr1ln V8.32b'!F24 -> 803 | K24: ='Cap1hr1ln V8.32b'!G24 -> 784 | L24: ='Cap1hr1ln V8.32b'!H24 -> 766 | M24: ='Cap1hr1ln V8.32b'!I24 -> 748
A25: 30 | B25: =ROUND('SFF 8.3'!C31, 0) -> 35 | C25: =B25 -> 35 | D25: =C25 -> 35 | E25: =D25 -> 35 | F25: =E25 -> 35 | G25: ='Cap1hr1ln V8.32b'!C25 -> 1325 | H25: ='Cap1hr1ln V8.32b'!D25 -> 1060 | I25: ='Cap1hr1ln V8.32b'!E25 -> 848 | J25: ='Cap1hr1ln V8.32b'!F25 -> 848 | K25: ='Cap1hr1ln V8.32b'!G25 -> 848 | L25: ='Cap1hr1ln V8.32b'!H25 -> 848 | M25: ='Cap1hr1ln V8.32b'!I25 -> 848
A26: 31 | B26: =ROUND('SFF 8.3'!C32, 0) -> 55 | C26: =B26 -> 55 | D26: =C26 -> 55 | E26: =D26 -> 55 | F26: =E26 -> 55 | G26: ='Cap1hr1ln V8.32b'!C26 -> 1473 | H26: ='Cap1hr1ln V8.32b'!D26 -> 1473 | I26: ='Cap1hr1ln V8.32b'!E26 -> 1473 | J26: ='Cap1hr1ln V8.32b'!F26 -> 1443 | K26: ='Cap1hr1ln V8.32b'!G26 -> 1399 | L26: ='Cap1hr1ln V8.32b'!H26 -> 1340 | M26: ='Cap1hr1ln V8.32b'!I26 -> 1296
A27: 32 | B27: =ROUND('SFF 8.3'!C33, 0) -> 65 | C27: =B27 -> 65 | D27: =C27 -> 65 | E27: =D27 -> 65 | F27: =E27 -> 65 | G27: ='Cap1hr1ln V8.32b'!C27 -> 1693 | H27: ='Cap1hr1ln V8.32b'!D27 -> 1693 | I27: ='Cap1hr1ln V8.32b'!E27 -> 1693 | J27: ='Cap1hr1ln V8.32b'!F27 -> 1660 | K27: ='Cap1hr1ln V8.32b'!G27 -> 1609 | L27: ='Cap1hr1ln V8.32b'!H27 -> 1541 | M27: ='Cap1hr1ln V8.32b'!I27 -> 1490
A28: 33 | B28: =ROUND('SFF 8.3'!C34, 0) -> 75 | C28: =B28 -> 75 | D28: =C28 -> 75 | E28: =D28 -> 75 | F28: =E28 -> 75 | G28: ='Cap1hr1ln V8.32b'!C28 -> 1730 | H28: ='Cap1hr1ln V8.32b'!D28 -> 1730 | I28: ='Cap1hr1ln V8.32b'!E28 -> 1730 | J28: ='Cap1hr1ln V8.32b'!F28 -> 1696 | K28: ='Cap1hr1ln V8.32b'!G28 -> 1644 | L28: ='Cap1hr1ln V8.32b'!H28 -> 1574 | M28: ='Cap1hr1ln V8.32b'!I28 -> 1523
A29: 34 | B29: =ROUND('SFF 8.3'!C35, 0) -> 73 | C29: =B29 -> 73 | D29: =C29 -> 73 | E29: =D29 -> 73 | F29: =E29 -> 73 | G29: ='Cap1hr1ln V8.32b'!C29 -> 2430 | H29: ='Cap1hr1ln V8.32b'!D29 -> 2080 | I29: ='Cap1hr1ln V8.32b'!E29 -> 1964 | J29: ='Cap1hr1ln V8.32b'!F29 -> 1871 | K29: ='Cap1hr1ln V8.32b'!G29 -> 1784 | L29: ='Cap1hr1ln V8.32b'!H29 -> 1691 | M29: ='Cap1hr1ln V8.32b'!I29 -> 1623
A30: 35 | B30: =ROUND('SFF 8.3'!C36, 0) -> 80 | C30: =B30 -> 80 | D30: =C30 -> 80 | E30: =D30 -> 80 | F30: =E30 -> 80 | G30: ='Cap1hr1ln V8.32b'!C30 -> 1767 | H30: ='Cap1hr1ln V8.32b'!D30 -> 1767 | I30: ='Cap1hr1ln V8.32b'!E30 -> 1767 | J30: ='Cap1hr1ln V8.32b'!F30 -> 1732 | K30: ='Cap1hr1ln V8.32b'!G30 -> 1679 | L30: ='Cap1hr1ln V8.32b'!H30 -> 1608 | M30: ='Cap1hr1ln V8.32b'!I30 -> 1555
A31: 36 | B31: =ROUND('SFF 8.3'!C37, 0) -> 77 | C31: =B31 -> 77 | D31: =C31 -> 77 | E31: =D31 -> 77 | F31: =E31 -> 77 | G31: ='Cap1hr1ln V8.32b'!C31 -> 2467 | H31: ='Cap1hr1ln V8.32b'!D31 -> 2117 | I31: ='Cap1hr1ln V8.32b'!E31 -> 2000 | J31: ='Cap1hr1ln V8.32b'!F31 -> 1907 | K31: ='Cap1hr1ln V8.32b'!G31 -> 1819 | L31: ='Cap1hr1ln V8.32b'!H31 -> 1725 | M31: ='Cap1hr1ln V8.32b'!I31 -> 1655
A32: 37 | B32: =ROUND('SFF 8.3'!C38, 0) -> 77 | C32: =B32 -> 77 | D32: =C32 -> 77 | E32: =D32 -> 77 | F32: =E32 -> 77 | G32: ='Cap1hr1ln V8.32b'!C32 -> 1767 | H32: ='Cap1hr1ln V8.32b'!D32 -> 1767 | I32: ='Cap1hr1ln V8.32b'!E32 -> 1767 | J32: ='Cap1hr1ln V8.32b'!F32 -> 1732 | K32: ='Cap1hr1ln V8.32b'!G32 -> 1679 | L32: ='Cap1hr1ln V8.32b'!H32 -> 1608 | M32: ='Cap1hr1ln V8.32b'!I32 -> 1555
A33: 38 | B33: =ROUND('SFF 8.3'!C39, 0) -> 77 | C33: =B33 -> 77 | D33: =C33 -> 77 | E33: =D33 -> 77 | F33: =E33 -> 77 | G33: ='Cap1hr1ln V8.32b'!C33 -> 1767 | H33: ='Cap1hr1ln V8.32b'!D33 -> 1767 | I33: ='Cap1hr1ln V8.32b'!E33 -> 1767 | J33: ='Cap1hr1ln V8.32b'!F33 -> 1732 | K33: ='Cap1hr1ln V8.32b'!G33 -> 1679 | L33: ='Cap1hr1ln V8.32b'!H33 -> 1608 | M33: ='Cap1hr1ln V8.32b'!I33 -> 1555
A34: 39 | B34: =ROUND('SFF 8.3'!C40, 0) -> 77 | C34: =B34 -> 77 | D34: =C34 -> 77 | E34: =D34 -> 77 | F34: =E34 -> 77 | G34: ='Cap1hr1ln V8.32b'!C34 -> 1767 | H34: ='Cap1hr1ln V8.32b'!D34 -> 1767 | I34: ='Cap1hr1ln V8.32b'!E34 -> 1767 | J34: ='Cap1hr1ln V8.32b'!F34 -> 1732 | K34: ='Cap1hr1ln V8.32b'!G34 -> 1679 | L34: ='Cap1hr1ln V8.32b'!H34 -> 1608 | M34: ='Cap1hr1ln V8.32b'!I34 -> 1555
A35: 40 | B35: =ROUND('SFF 8.3'!C41, 0) -> 84 | C35: =B35 -> 84 | D35: =C35 -> 84 | E35: =D35 -> 84 | F35: =E35 -> 84 | G35: ='Cap1hr1ln V8.32b'!C35 -> 2685 | H35: ='Cap1hr1ln V8.32b'!D35 -> 2335 | I35: ='Cap1hr1ln V8.32b'!E35 -> 2218 | J35: ='Cap1hr1ln V8.32b'!F35 -> 2120 | K35: ='Cap1hr1ln V8.32b'!G35 -> 2025 | L35: ='Cap1hr1ln V8.32b'!H35 -> 1923 | M35: ='Cap1hr1ln V8.32b'!I35 -> 1846
A36: 41 | B36: =ROUND('SFF 8.3'!C42, 0) -> 23 | C36: =B36 -> 23 | D36: =C36 -> 23 | E36: =D36 -> 23 | F36: =E36 -> 23 | G36: ='Cap1hr1ln V8.32b'!C36 -> 1200 | H36: ='Cap1hr1ln V8.32b'!D36 -> 900 | I36: ='Cap1hr1ln V8.32b'!E36 -> 600 | J36: ='Cap1hr1ln V8.32b'!F36 -> 600 | K36: ='Cap1hr1ln V8.32b'!G36 -> 600 | L36: ='Cap1hr1ln V8.32b'!H36 -> 600 | M36: ='Cap1hr1ln V8.32b'!I36 -> 600
A37: 42 | B37: =ROUND('SFF 8.3'!C43, 0) -> 26 | C37: =B37 -> 26 | D37: =C37 -> 26 | E37: =D37 -> 26 | F37: =E37 -> 26 | G37: ='Cap1hr1ln V8.32b'!C37 -> 894 | H37: ='Cap1hr1ln V8.32b'!D37 -> 858 | I37: ='Cap1hr1ln V8.32b'!E37 -> 822 | J37: ='Cap1hr1ln V8.32b'!F37 -> 803 | K37: ='Cap1hr1ln V8.32b'!G37 -> 784 | L37: ='Cap1hr1ln V8.32b'!H37 -> 766 | M37: ='Cap1hr1ln V8.32b'!I37 -> 748

Sheet SFF 8.3
A1: Free Flow Speed v8.3
C2: Speed by Area Type
A3: New | C3: 1 | D3: 2 | E3: 3 | F3: 4 | G3: 5
A4: FT | B4: Functional Type | C4: Rural | D4: Transition | E4: Suburban | F4: Urban | G4: CBD-Like
A5: 1 | B5: Centroid Connector / Local | C5: =1 / ((1/C53) + (C65*C$77/3600)) -> 30 | D5: =1 / ((1/D53) + (D65*D$77/3600)) -> 24 | E5: =1 / ((1/E53) + (E65*E$77/3600)) -> 20.16 | F5: =1 / ((1/F53) + (F65*F$77/3600)) -> 17.0347 | G5: =1 / ((1/G53) + (G65*G$77/3600)) -> 13.535792
A6: 2 | B6: Principal Arterial | C6: =1 / ((1/C54) + (C66*C$77/3600)) -> 58 | D6: =1 / ((1/D54) + (D66*D$77/3600)) -> 47.710843 | E6: =1 / ((1/E54) + (E66*E$77/3600)) -> 38.297872 | F6: =1 / ((1/F54) + (F66*F$77/3600)) -> 32.22394 | G6: =1 / ((1/G54) + (G66*G$77/3600)) -> 24.347826
A7: 3 | B7: Minor Arterial | C7: =1 / ((1/C55) + (C67*C$77/3600)) -> 55 | D7: =1 / ((1/D55) + (D67*D$77/3600)) -> 42.739726 | E7: =1 / ((1/E55) + (E67*E$77/3600)) -> 34.750462 | F7: =1 / ((1/F55) + (F67*F$77/3600)) -> 30.12094 | G7: =1 / ((1/G55) + (G67*G$77/3600)) -> 21.290323
A8: 4 | B8: Major Collector | C8: =1 / ((1/C56) + (C68*C$77/3600)) -> 48 | D8: =1 / ((1/D56) + (D68*D$77/3600)) -> 38.463287 | E8: =1 / ((1/E56) + (E68*E$77/3600)) -> 33.563032 | F8: =1 / ((1/F56) + (F68*F$77/3600)) -> 27.906977 | G8: =1 / ((1/G56) + (G68*G$77/3600)) -> 18.666667
A9: 5 | B9: Minor Collector | C9: =C8-6 -> 42 | D9: =D8-6 -> 32.463287 | E9: =E8-8 -> 25.563032 | F9: =F8-5 -> 22.906977 | G9: =G8-4 -> 14.666667
A10: 6 | B10: Local | C10: =C5 -> 30 | D10: =D5 -> 24 | E10: =E5 -> 20.16 | F10: =F5 -> 17.0347 | G10: =G5 -> 13.535792
A11: 7 | B11: Unpaved | C11: 15 | D11: =C11 -> 15 | E11: =D11 -> 15 | F11: =E11 -> 15 | G11: =F11 -> 15
A13: New | C13: New | D13: Old
A14: FT | B14: Functional Type | C14: Speed | D14: Speed | E14: (These do not vary by Area Type)
A15: 12 | B15: Expressway, posted 60-70 mph | C15: =1 / ((1/C58) + (C70*C79/3600)) -> 56.124722
A16: 13 | B16: Expressway, posted 55-65 mph | C16: =1 / ((1/C59) + (C71*C80/3600)) -> 53.333333
A17: 14 | B17: Expressway, posted 50-60 mph | C17: =1 / ((1/C60) + (C72*C81/3600)) -> 47.710843
A18: 15 | B18: Expressway, posted 45-55 mph | C18: =1 / ((1/C61) + (C73*C82/3600)) -> 42.60355
A20: 20 | B20: =#REF! -> #REF! | C20: =C31 -> 35
A21: 21 | B21: =#REF! -> #REF! | C21: =C32 -> 55
A22: 22 | B22: =#REF! -> #REF! | C22: =C33 -> 65
A23: 23 | B23: =#REF! -> #REF! | C23: =C34 -> 75
A24: 24 | B24: =#REF! -> #REF! | C24: =C35 -> 73
A25: 25 | B25: =#REF! -> #REF! | C25: 78
A26: 26 | B26: =#REF! -> #REF! | C26: 75
A27: 27 | B27: =#REF! -> #REF! | C27: =C38 -> 77
A28: 28 | B28: =#REF! -> #REF! | C28: =C42 -> 23
A29: 29 | B29: =#REF! -> #REF! | C29: =C43 -> 26
A31: 30 | B31: =#REF! -> #REF! | C31: 35
A32: 31 | B32: =#REF! -> #REF! | C32: 55
A33: 32 | B33: =#REF! -> #REF! | C33: 65
A34: 33 | B34: =#REF! -> #REF! | C34: 75
A35: 34 | B35: =#REF! -> #REF! | C35: 73
A36: 35 | B36: =#REF! -> #REF! | C36: 80
A37: 36 | B37: =#REF! -> #REF! | C37: 77
A38: 37 | B38: =#REF! -> #REF! | C38: 77
A39: 38 | B39: =#REF! -> #REF! | C39: 77
A40: 39 | B40: =#REF! -> #REF! | C40: 77
A41: 40 | B41: =#REF! -> #REF! | C41: 84
A42: 41 | B42: =#REF! -> #REF! | C42: 23
A43: 42 | B43: =#REF! -> #REF! | C43: 26
A45: Notes
A46: Arterial/collector speeds are reduced by 1 mph if only 1-lane per direction to account for inability to pass
A47: Arterial/collector speeds are increased by 5% if one-way link
A49: Free Flow Speed Calculation
A50: SFF = 1 / ((1 / unsignalized speed) + (Num stops per mile * Uncongested delay per V / 3600))
B51: Unsignalized Speed
C52: Rural | D52: Transition | E52: Suburban | F52: Urban | G52: CBD-Like
B53: Centroid Connector / Local | C53: 30 | D53: 30 | E53: 28 | F53: 27 | G53: 26
B54: Principle Arterial | C54: 58 | D54: 55 | E54: 48 | F54: 44 | G54: 35
B55: Minor Arterial | C55: 55 | D55: 52 | E55: 47 | F55: 44 | G55: 33
B56: Collectors | C56: 48 | D56: 47 | E56: 46 | F56: 40 | G56: 35
B58: =B15 -> Expressway, posted 60-70 mph | C58: 63
B59: =B16 -> Expressway, posted 55-65 mph | C59: 60
B60: =B17 -> Expressway, posted 50-60 mph | C60: 55
B61: =B18 -> Expressway, posted 45-55 mph | C61: 50
B63: Required stops/mile due to signals or stop signs
C64: Rural | D64: Transition | E64: Suburban | F64: Urban | G64: CBD-Like
B65: Centroid Connector / Local | C65: 0 | D65: 3 | E65: 5 | F65: 6 | G65: 8.5
B66: Principle Arterial | C66: 0 | D66: 1 | E66: 1.9 | F66: 2.3 | G66: 3
B67: Minor Arterial | C67: 0 | D67: 1.5 | E67: 2.7 | F67: 2.9 | G67: 4
B68: Collectors | C68: 0 | D68: 1.7 | E68: 2.9 | F68: 3 | G68: 6
B70: =B58 -> Expressway, posted 60-70 mph | C70: 0.7
B71: =B59 -> Expressway, posted 55-65 mph | C71: 0.75
B72: =B60 -> Expressway, posted 50-60 mph | C72: 1
B73: =B61 -> Expressway, posted 45-55 mph | C73: 1.25
B75: Uncongested delay per stop - all types (Sec/veh between LOS B-C)
C76: Rural | D76: Transition | E76: Suburban | F76: Urban | G76: CBD-Like
B77: All types | C77: 0 | D77: 10 | E77: 10 | F77: 13 | G77: 15
B79: =B70 -> Expressway, posted 60-70 mph | C79: 10
B80: =B71 -> Expressway, posted 55-65 mph | C80: 10
B81: =B72 -> Expressway, posted 50-60 mph | C81: 10
B82: =B73 -> Expressway, posted 45-55 mph | C82: 10

Sheet Cap1hr1ln V8.32b
B1: Capacity Lookup Table | K1: Arterial / Expressway Capacity Calculation Parameters | U1: Freeway Capacity Calculation Parameters | AE1: Update MM Capacity Based on VicRoads Capacity
B3: FT | C3: CAPLN1 | D3: CAPLN2 | E3: CAPLN3 | F3: CAPLN4 | G3: CAPLN5 | H3: CAPLN6 | I3: CAPLN7 | K3: Cap1hr1ln = Saturation Flow Rate * Fgrn * Fbb * Flu * Fatype | U3: Cap1hr = (Saturation Flow Rate * PHF * Flu * LANES) + AuxLaneCapacity
B4: 1 | C4: =ROUND(VLOOKUP($B4, $K$11:$S$23, COLUMNS($K$11:M$11), FALSE), 0) -> 10000 | D4: =ROUND(VLOOKUP($B4, $K$11:$S$23, COLUMNS($K$11:N$11), FALSE), 0) -> 10000 | E4: =ROUND(VLOOKUP($B4, $K$11:$S$23, COLUMNS($K$11:O$11), FALSE), 0) -> 10000 | F4: =ROUND(VLOOKUP($B4, $K$11:$S$23, COLUMNS($K$11:P$11), FALSE), 0) -> 10000 | G4: =ROUND(VLOOKUP($B4, $K$11:$S$23, COLUMNS($K$11:Q$11), FALSE), 0) -> 10000 | H4: =ROUND(VLOOKUP($B4, $K$11:$S$23, COLUMNS($K$11:R$11), FALSE), 0) -> 10000 | I4: =ROUND(VLOOKUP($B4, $K$11:$S$23, COLUMNS($K$11:S$11), FALSE), 0) -> 10000 | U4: Cap1hr1ln = Cap1hr / LANES ;distributes AuxVolAtCapacity across the GP lanes | AE4: Notes
B5: 2 | C5: =ROUND(VLOOKUP($B5, $K$11:$S$23, COLUMNS($K$11:M$11), FALSE), 0) -> 968 | D5: =ROUND(VLOOKUP($B5, $K$11:$S$23, COLUMNS($K$11:N$11), FALSE), 0) -> 929 | E5: =ROUND(VLOOKUP($B5, $K$11:$S$23, COLUMNS($K$11:O$11), FALSE), 0) -> 890 | F5: =ROUND(VLOOKUP($B5, $K$11:$S$23, COLUMNS($K$11:P$11), FALSE), 0) -> 869 | G5: =ROUND(VLOOKUP($B5, $K$11:$S$23, COLUMNS($K$11:Q$11), FALSE), 0) -> 849 | H5: =ROUND(VLOOKUP($B5, $K$11:$S$23, COLUMNS($K$11:R$11), FALSE), 0) -> 830 | I5: =ROUND(VLOOKUP($B5, $K$11:$S$23, COLUMNS($K$11:S$11), FALSE), 0) -> 810 | K5: Note: Travel model adjusts capacities for truck volumes , thus no heavy vehicle adjustment (Fhv) are applied | AE5: Current TDM assumes a bit too much capacity increase due to MM compared to VicRoads emperical data
B6: 3 | C6: =ROUND(VLOOKUP($B6, $K$11:$S$23, COLUMNS($K$11:M$11), FALSE), 0) -> 894 | D6: =ROUND(VLOOKUP($B6, $K$11:$S$23, COLUMNS($K$11:N$11), FALSE), 0) -> 858 | E6: =ROUND(VLOOKUP($B6, $K$11:$S$23, COLUMNS($K$11:O$11), FALSE), 0) -> 822 | F6: =ROUND(VLOOKUP($B6, $K$11:$S$23, COLUMNS($K$11:P$11), FALSE), 0) -> 803 | G6: =ROUND(VLOOKUP($B6, $K$11:$S$23, COLUMNS($K$11:Q$11), FALSE), 0) -> 784 | H6: =ROUND(VLOOKUP($B6, $K$11:$S$23, COLUMNS($K$11:R$11), FALSE), 0) -> 766 | I6: =ROUND(VLOOKUP($B6, $K$11:$S$23, COLUMNS($K$11:S$11), FALSE), 0) -> 748 | K6: Note: Arterial & collector capacities are adjusted up or down by 5% as area type moves away from suburban | U6: Note: Travel model adjusts capacities for truck volumes , thus no heavy vehicle adjustment (Fhv) are applied | AE6: Change TDM MM Capacity to reflect 18% improvement instead of 21%
B7: 4 | C7: =ROUND(VLOOKUP($B7, $K$11:$S$23, COLUMNS($K$11:M$11), FALSE), 0) -> 733 | D7: =ROUND(VLOOKUP($B7, $K$11:$S$23, COLUMNS($K$11:N$11), FALSE), 0) -> 703 | E7: =ROUND(VLOOKUP($B7, $K$11:$S$23, COLUMNS($K$11:O$11), FALSE), 0) -> 674 | F7: =ROUND(VLOOKUP($B7, $K$11:$S$23, COLUMNS($K$11:P$11), FALSE), 0) -> 658 | G7: =ROUND(VLOOKUP($B7, $K$11:$S$23, COLUMNS($K$11:Q$11), FALSE), 0) -> 643 | H7: =ROUND(VLOOKUP($B7, $K$11:$S$23, COLUMNS($K$11:R$11), FALSE), 0) -> 628 | I7: =ROUND(VLOOKUP($B7, $K$11:$S$23, COLUMNS($K$11:S$11), FALSE), 0) -> 613 | U7: Note: Fwy off ramp capacity is 10% higher than a minor arterial
B8: 5 | C8: =ROUND(VLOOKUP($B8, $K$11:$S$23, COLUMNS($K$11:M$11), FALSE), 0) -> 515 | D8: =ROUND(VLOOKUP($B8, $K$11:$S$23, COLUMNS($K$11:N$11), FALSE), 0) -> 494 | E8: =ROUND(VLOOKUP($B8, $K$11:$S$23, COLUMNS($K$11:O$11), FALSE), 0) -> 473 | F8: =ROUND(VLOOKUP($B8, $K$11:$S$23, COLUMNS($K$11:P$11), FALSE), 0) -> 462 | G8: =ROUND(VLOOKUP($B8, $K$11:$S$23, COLUMNS($K$11:Q$11), FALSE), 0) -> 451 | H8: =ROUND(VLOOKUP($B8, $K$11:$S$23, COLUMNS($K$11:R$11), FALSE), 0) -> 441 | I8: =ROUND(VLOOKUP($B8, $K$11:$S$23, COLUMNS($K$11:S$11), FALSE), 0) -> 431
B9: 6 | C9: =ROUND(VLOOKUP($B9, $K$11:$S$23, COLUMNS($K$11:M$11), FALSE), 0) -> 412 | D9: =ROUND(VLOOKUP($B9, $K$11:$S$23, COLUMNS($K$11:N$11), FALSE), 0) -> 395 | E9: =ROUND(VLOOKUP($B9, $K$11:$S$23, COLUMNS($K$11:O$11), FALSE), 0) -> 378 | F9: =ROUND(VLOOKUP($B9, $K$11:$S$23, COLUMNS($K$11:P$11), FALSE), 0) -> 370 | G9: =ROUND(VLOOKUP($B9, $K$11:$S$23, COLUMNS($K$11:Q$11), FALSE), 0) -> 361 | H9: =ROUND(VLOOKUP($B9, $K$11:$S$23, COLUMNS($K$11:R$11), FALSE), 0) -> 353 | I9: =ROUND(VLOOKUP($B9, $K$11:$S$23, COLUMNS($K$11:S$11), FALSE), 0) -> 344 | K9: Calculate capacity per hour per lane | U9: Calculate capacity per hour per lane | AE9: Lanes | AF9: Non-Managed Motorways | AG9: Managed Motorways | AH9: Difference | AI9: % Difference
B10: 7 | C10: =ROUND(VLOOKUP($B10, $K$11:$S$23, COLUMNS($K$11:M$11), FALSE), 0) -> 300 | D10: =ROUND(VLOOKUP($B10, $K$11:$S$23, COLUMNS($K$11:N$11), FALSE), 0) -> 300 | E10: =ROUND(VLOOKUP($B10, $K$11:$S$23, COLUMNS($K$11:O$11), FALSE), 0) -> 300 | F10: =ROUND(VLOOKUP($B10, $K$11:$S$23, COLUMNS($K$11:P$11), FALSE), 0) -> 300 | G10: =ROUND(VLOOKUP($B10, $K$11:$S$23, COLUMNS($K$11:Q$11), FALSE), 0) -> 300 | H10: =ROUND(VLOOKUP($B10, $K$11:$S$23, COLUMNS($K$11:R$11), FALSE), 0) -> 300 | I10: =ROUND(VLOOKUP($B10, $K$11:$S$23, COLUMNS($K$11:S$11), FALSE), 0) -> 300 | AE10: VicRoads
B11: 12 | C11: =ROUND(VLOOKUP($B11, $K$11:$S$23, COLUMNS($K$11:M$11), FALSE), 0) -> 1102 | D11: =ROUND(VLOOKUP($B11, $K$11:$S$23, COLUMNS($K$11:N$11), FALSE), 0) -> 1058 | E11: =ROUND(VLOOKUP($B11, $K$11:$S$23, COLUMNS($K$11:O$11), FALSE), 0) -> 1025 | F11: =ROUND(VLOOKUP($B11, $K$11:$S$23, COLUMNS($K$11:P$11), FALSE), 0) -> 1003 | G11: =ROUND(VLOOKUP($B11, $K$11:$S$23, COLUMNS($K$11:Q$11), FALSE), 0) -> 981 | H11: =ROUND(VLOOKUP($B11, $K$11:$S$23, COLUMNS($K$11:R$11), FALSE), 0) -> 960 | I11: =ROUND(VLOOKUP($B11, $K$11:$S$23, COLUMNS($K$11:S$11), FALSE), 0) -> 940 | K11: FT | L11: Description | M11: 1 lane | N11: 2 lanes | O11: 3 lanes | P11: 4 lanes | Q11: 5 lanes | R11: 6 lanes | S11: 7 lanes | U11: FT | V11: Description | W11: 1 lane | X11: 2 lanes | Y11: 3 lanes | Z11: 4 lanes | AA11: 5 lanes | AB11: 6 lanes | AC11: 7 lanes | AE11: 2 | AF11: 1775 | AG11: 2088 | AH11: =AG11-AF11 -> 313 | AI11: =AH11 / AF11 -> 0.17633803
B12: 13 | C12: =ROUND(VLOOKUP($B12, $K$11:$S$23, COLUMNS($K$11:M$11), FALSE), 0) -> 1064 | D12: =ROUND(VLOOKUP($B12, $K$11:$S$23, COLUMNS($K$11:N$11), FALSE), 0) -> 1021 | E12: =ROUND(VLOOKUP($B12, $K$11:$S$23, COLUMNS($K$11:O$11), FALSE), 0) -> 990 | F12: =ROUND(VLOOKUP($B12, $K$11:$S$23, COLUMNS($K$11:P$11), FALSE), 0) -> 968 | G12: =ROUND(VLOOKUP($B12, $K$11:$S$23, COLUMNS($K$11:Q$11), FALSE), 0) -> 947 | H12: =ROUND(VLOOKUP($B12, $K$11:$S$23, COLUMNS($K$11:R$11), FALSE), 0) -> 927 | I12: =ROUND(VLOOKUP($B12, $K$11:$S$23, COLUMNS($K$11:S$11), FALSE), 0) -> 907 | K12: 1 | L12: Centroid Connector | M12: 10000 | N12: =M12 -> 10000 | O12: =N12 -> 10000 | P12: =O12 -> 10000 | Q12: =P12 -> 10000 | R12: =Q12 -> 10000 | S12: =R12 -> 10000 | U12: 20 | V12: MM: fwy-to-fwy loop ramp | W12: =W23 -> 1325.25 | X12: =X23 -> 1060.2 | Y12: =Y23 -> 848.16 | Z12: =Z23 -> 848.16 | AA12: =AA23 -> 848.16 | AB12: =AB23 -> 848.16 | AC12: =AC23 -> 848.16 | AE12: 3 | AF12: 1717 | AG12: 2017 | AH12: =AG12-AF12 -> 300 | AI12: =AH12 / AF12 -> 0.17472335
B13: 14 | C13: =ROUND(VLOOKUP($B13, $K$11:$S$23, COLUMNS($K$11:M$11), FALSE), 0) -> 1026 | D13: =ROUND(VLOOKUP($B13, $K$11:$S$23, COLUMNS($K$11:N$11), FALSE), 0) -> 985 | E13: =ROUND(VLOOKUP($B13, $K$11:$S$23, COLUMNS($K$11:O$11), FALSE), 0) -> 954 | F13: =ROUND(VLOOKUP($B13, $K$11:$S$23, COLUMNS($K$11:P$11), FALSE), 0) -> 934 | G13: =ROUND(VLOOKUP($B13, $K$11:$S$23, COLUMNS($K$11:Q$11), FALSE), 0) -> 914 | H13: =ROUND(VLOOKUP($B13, $K$11:$S$23, COLUMNS($K$11:R$11), FALSE), 0) -> 894 | I13: =ROUND(VLOOKUP($B13, $K$11:$S$23, COLUMNS($K$11:S$11), FALSE), 0) -> 875 | K13: 2 | L13: Principal Arterial | M13: =$O34 * M$27 * M$29 -> 968.24 | N13: =$O34 * N$27 * N$29 -> 929.214 | O13: =$O34 * O$27 * O$29 -> 890.0892 | P13: =$O34 * P$27 * P$29 -> 869.44 | Q13: =P13*P13/O13 -> 849.26984 | R13: =Q13*Q13/P13 -> 829.56761 | S13: =R13*R13/Q13 -> 810.32245 | U13: 21 | V13: MM: C-D road, flyover ramp | W13: =W24 -> 1472.5 | X13: =X24 -> 1472.5 | Y13: =Y24 -> 1472.5 | Z13: =Z24 -> 1443.05 | AA13: =AA24 -> 1398.875 | AB13: =AB24 -> 1339.975 | AC13: =AC24 -> 1295.8 | AE13: 4 | AF13: 1656 | AG13: 1950 | AH13: =AG13-AF13 -> 294 | AI13: =AH13 / AF13 -> 0.17753623
B14: 15 | C14: =ROUND(VLOOKUP($B14, $K$11:$S$23, COLUMNS($K$11:M$11), FALSE), 0) -> 988 | D14: =ROUND(VLOOKUP($B14, $K$11:$S$23, COLUMNS($K$11:N$11), FALSE), 0) -> 948 | E14: =ROUND(VLOOKUP($B14, $K$11:$S$23, COLUMNS($K$11:O$11), FALSE), 0) -> 919 | F14: =ROUND(VLOOKUP($B14, $K$11:$S$23, COLUMNS($K$11:P$11), FALSE), 0) -> 899 | G14: =ROUND(VLOOKUP($B14, $K$11:$S$23, COLUMNS($K$11:Q$11), FALSE), 0) -> 880 | H14: =ROUND(VLOOKUP($B14, $K$11:$S$23, COLUMNS($K$11:R$11), FALSE), 0) -> 861 | I14: =ROUND(VLOOKUP($B14, $K$11:$S$23, COLUMNS($K$11:S$11), FALSE), 0) -> 842 | K14: 3 | L14: Minor Arterial | M14: =$O35 * M$27 * M$29 -> 893.76 | N14: =$O35 * N$27 * N$29 -> 857.736 | O14: =$O35 * O$27 * O$29 -> 821.6208 | P14: =$O35 * P$27 * P$29 -> 802.56 | Q14: =P14*P14/O14 -> 783.94139 | R14: =Q14*Q14/P14 -> 765.75472 | S14: =R14*R14/Q14 -> 747.98996 | U14: 22 | V14: MM: posted 55-60 mph | W14: =($Z48*W$39*W$38 + $AA48) / W$38 -> 1921.9806 | X14: =($Z48*X$39*X$38 + $AA48) / X$38 -> 1921.9806 | Y14: =($Z48*Y$39*Y$38 + $AA48) / Y$38 -> 1921.9806 | Z14: =($Z48*Z$39*Z$38 + $AA48) / Z$38 -> 1883.541 | AA14: =($Z48*AA$39*AA$38 + $AA48) / AA$38 -> 1825.8816 | AB14: =($Z48*AB$39*AB$38 + $AA48) / AB$38 -> 1749.0024 | AC14: =($Z48*AC$39*AC$38 + $AA48) / AC$38 -> 1691.3429 | AE14: 5 | AF14: 1575 | AG14: 1855 | AH14: =AG14-AF14 -> 280 | AI14: =AH14 / AF14 -> 0.17777778
B15: 20 | C15: =ROUND(VLOOKUP($B15, $U$11:$AC$35, COLUMNS($U$11:W$11), FALSE), 0) -> 1325 | D15: =ROUND(VLOOKUP($B15, $U$11:$AC$35, COLUMNS($U$11:X$11), FALSE), 0) -> 1060 | E15: =ROUND(VLOOKUP($B15, $U$11:$AC$35, COLUMNS($U$11:Y$11), FALSE), 0) -> 848 | F15: =ROUND(VLOOKUP($B15, $U$11:$AC$35, COLUMNS($U$11:Z$11), FALSE), 0) -> 848 | G15: =ROUND(VLOOKUP($B15, $U$11:$AC$35, COLUMNS($U$11:AA$11), FALSE), 0) -> 848 | H15: =ROUND(VLOOKUP($B15, $U$11:$AC$35, COLUMNS($U$11:AB$11), FALSE), 0) -> 848 | I15: =ROUND(VLOOKUP($B15, $U$11:$AC$35, COLUMNS($U$11:AC$11), FALSE), 0) -> 848 | K15: 4 | L15: Major Collector | M15: =$O36 * M$27 * M$29 -> 733.04 | N15: =$O36 * N$27 * N$29 -> 703.494 | O15: =$O36 * O$27 * O$29 -> 673.8732 | P15: =$O36 * P$27 * P$29 -> 658.24 | Q15: =P15*P15/O15 -> 642.96947 | R15: =Q15*Q15/P15 -> 628.05321 | S15: =R15*R15/Q15 -> 613.48299 | U15: 23 | V15: MM: posted 65 mph, no aux lane | W15: =($Z49*W$39*W$38 + $AA49) / W$38 -> 1963.7628 | X15: =($Z49*X$39*X$38 + $AA49) / X$38 -> 1963.7628 | Y15: =($Z49*Y$39*Y$38 + $AA49) / Y$38 -> 1963.7628 | Z15: =($Z49*Z$39*Z$38 + $AA49) / Z$38 -> 1924.4876 | AA15: =($Z49*AA$39*AA$38 + $AA49) / AA$38 -> 1865.5747 | AB15: =($Z49*AB$39*AB$38 + $AA49) / AB$38 -> 1787.0242 | AC15: =($Z49*AC$39*AC$38 + $AA49) / AC$38 -> 1728.1113
B16: 21 | C16: =ROUND(VLOOKUP($B16, $U$11:$AC$35, COLUMNS($U$11:W$11), FALSE), 0) -> 1473 | D16: =ROUND(VLOOKUP($B16, $U$11:$AC$35, COLUMNS($U$11:X$11), FALSE), 0) -> 1473 | E16: =ROUND(VLOOKUP($B16, $U$11:$AC$35, COLUMNS($U$11:Y$11), FALSE), 0) -> 1473 | F16: =ROUND(VLOOKUP($B16, $U$11:$AC$35, COLUMNS($U$11:Z$11), FALSE), 0) -> 1443 | G16: =ROUND(VLOOKUP($B16, $U$11:$AC$35, COLUMNS($U$11:AA$11), FALSE), 0) -> 1399 | H16: =ROUND(VLOOKUP($B16, $U$11:$AC$35, COLUMNS($U$11:AB$11), FALSE), 0) -> 1340 | I16: =ROUND(VLOOKUP($B16, $U$11:$AC$35, COLUMNS($U$11:AC$11), FALSE), 0) -> 1296 | K16: 5 | L16: Minor Collector | M16: =$O37 * M$27 * M$29 -> 514.5 | N16: =$O37 * N$27 * N$29 -> 493.7625 | O16: =$O37 * O$27 * O$29 -> 472.9725 | P16: =$O37 * P$27 * P$29 -> 462 | Q16: =P16*P16/O16 -> 451.28205 | R16: =Q16*Q16/P16 -> 440.81275 | S16: =R16*R16/Q16 -> 430.58632 | U16: 24 | V16: MM: posted 65 mph, aux lane | W16: =($Z50*W$39*W$38 + $AA50) / W$38 -> 2663.7628 | X16: =($Z50*X$39*X$38 + $AA50) / X$38 -> 2313.7628 | Y16: =($Z50*Y$39*Y$38 + $AA50) / Y$38 -> 2197.0961 | Z16: =($Z50*Z$39*Z$38 + $AA50) / Z$38 -> 2099.4876 | AA16: =($Z50*AA$39*AA$38 + $AA50) / AA$38 -> 2005.5747 | AB16: =($Z50*AB$39*AB$38 + $AA50) / AB$38 -> 1903.6908 | AC16: =($Z50*AC$39*AC$38 + $AA50) / AC$38 -> 1828.1113 | AE16: Travel Demand Model
B17: 22 | C17: =ROUND(VLOOKUP($B17, $U$11:$AC$35, COLUMNS($U$11:W$11), FALSE), 0) -> 1922 | D17: =ROUND(VLOOKUP($B17, $U$11:$AC$35, COLUMNS($U$11:X$11), FALSE), 0) -> 1922 | E17: =ROUND(VLOOKUP($B17, $U$11:$AC$35, COLUMNS($U$11:Y$11), FALSE), 0) -> 1922 | F17: =ROUND(VLOOKUP($B17, $U$11:$AC$35, COLUMNS($U$11:Z$11), FALSE), 0) -> 1884 | G17: =ROUND(VLOOKUP($B17, $U$11:$AC$35, COLUMNS($U$11:AA$11), FALSE), 0) -> 1826 | H17: =ROUND(VLOOKUP($B17, $U$11:$AC$35, COLUMNS($U$11:AB$11), FALSE), 0) -> 1749 | I17: =ROUND(VLOOKUP($B17, $U$11:$AC$35, COLUMNS($U$11:AC$11), FALSE), 0) -> 1691 | K17: 6 | L17: Local | M17: =M16 * 0.8 -> 411.6 | N17: =N16 * 0.8 -> 395.01 | O17: =O16 * 0.8 -> 378.378 | P17: =P16 * 0.8 -> 369.6 | Q17: =P17*P17/O17 -> 361.02564 | R17: =Q17*Q17/P17 -> 352.6502 | S17: =R17*R17/Q17 -> 344.46906 | U17: 25 | V17: MM: posted 75 mph, no aux lane | W17: =($Z51*W$39*W$38 + $AA51) / W$38 -> 2005.545 | X17: =($Z51*X$39*X$38 + $AA51) / X$38 -> 2005.545 | Y17: =($Z51*Y$39*Y$38 + $AA51) / Y$38 -> 2005.545 | Z17: =($Z51*Z$39*Z$38 + $AA51) / Z$38 -> 1965.4341 | AA17: =($Z51*AA$39*AA$38 + $AA51) / AA$38 -> 1905.2677 | AB17: =($Z51*AB$39*AB$38 + $AA51) / AB$38 -> 1825.046 | AC17: =($Z51*AC$39*AC$38 + $AA51) / AC$38 -> 1764.8796 | AE17: 2 | AF17: 1730 | AG17: 2100 | AH17: =AG17-AF17 -> 370 | AI17: =AH17 / AF17 -> 0.21387283
B18: 23 | C18: =ROUND(VLOOKUP($B18, $U$11:$AC$35, COLUMNS($U$11:W$11), FALSE), 0) -> 1964 | D18: =ROUND(VLOOKUP($B18, $U$11:$AC$35, COLUMNS($U$11:X$11), FALSE), 0) -> 1964 | E18: =ROUND(VLOOKUP($B18, $U$11:$AC$35, COLUMNS($U$11:Y$11), FALSE), 0) -> 1964 | F18: =ROUND(VLOOKUP($B18, $U$11:$AC$35, COLUMNS($U$11:Z$11), FALSE), 0) -> 1924 | G18: =ROUND(VLOOKUP($B18, $U$11:$AC$35, COLUMNS($U$11:AA$11), FALSE), 0) -> 1866 | H18: =ROUND(VLOOKUP($B18, $U$11:$AC$35, COLUMNS($U$11:AB$11), FALSE), 0) -> 1787 | I18: =ROUND(VLOOKUP($B18, $U$11:$AC$35, COLUMNS($U$11:AC$11), FALSE), 0) -> 1728 | K18: 7 | L18: Unpaved | M18: 300 | N18: =M18 -> 300 | O18: =N18 -> 300 | P18: =O18 -> 300 | Q18: =P18 -> 300 | R18: =Q18 -> 300 | S18: =R18 -> 300 | U18: 26 | V18: MM: posted 75 mph, aux lane | W18: =($Z52*W$39*W$38 + $AA52) / W$38 -> 2705.545 | X18: =($Z52*X$39*X$38 + $AA52) / X$38 -> 2355.545 | Y18: =($Z52*Y$39*Y$38 + $AA52) / Y$38 -> 2238.8783 | Z18: =($Z52*Z$39*Z$38 + $AA52) / Z$38 -> 2140.4341 | AA18: =($Z52*AA$39*AA$38 + $AA52) / AA$38 -> 2045.2677 | AB18: =($Z52*AB$39*AB$38 + $AA52) / AB$38 -> 1941.7126 | AC18: =($Z52*AC$39*AC$38 + $AA52) / AC$38 -> 1864.8796 | AE18: 3 | AF18: 1730 | AG18: 2100 | AH18: =AG18-AF18 -> 370 | AI18: =AH18 / AF18 -> 0.21387283
B19: 24 | C19: =ROUND(VLOOKUP($B19, $U$11:$AC$35, COLUMNS($U$11:W$11), FALSE), 0) -> 2664 | D19: =ROUND(VLOOKUP($B19, $U$11:$AC$35, COLUMNS($U$11:X$11), FALSE), 0) -> 2314 | E19: =ROUND(VLOOKUP($B19, $U$11:$AC$35, COLUMNS($U$11:Y$11), FALSE), 0) -> 2197 | F19: =ROUND(VLOOKUP($B19, $U$11:$AC$35, COLUMNS($U$11:Z$11), FALSE), 0) -> 2099 | G19: =ROUND(VLOOKUP($B19, $U$11:$AC$35, COLUMNS($U$11:AA$11), FALSE), 0) -> 2006 | H19: =ROUND(VLOOKUP($B19, $U$11:$AC$35, COLUMNS($U$11:AB$11), FALSE), 0) -> 1904 | I19: =ROUND(VLOOKUP($B19, $U$11:$AC$35, COLUMNS($U$11:AC$11), FALSE), 0) -> 1828 | U19: 27 | V19: place holder | W19: =W18 -> 2705.545 | X19: =X18 -> 2355.545 | Y19: =Y18 -> 2238.8783 | Z19: =Z18 -> 2140.4341 | AA19: =AA18 -> 2045.2677 | AB19: =AB18 -> 1941.7126 | AC19: =AC18 -> 1864.8796 | AE19: 4 | AF19: 1696 | AG19: 2058 | AH19: =AG19-AF19 -> 362 | AI19: =AH19 / AF19 -> 0.2134434
B20: 25 | C20: =ROUND(VLOOKUP($B20, $U$11:$AC$35, COLUMNS($U$11:W$11), FALSE), 0) -> 2006 | D20: =ROUND(VLOOKUP($B20, $U$11:$AC$35, COLUMNS($U$11:X$11), FALSE), 0) -> 2006 | E20: =ROUND(VLOOKUP($B20, $U$11:$AC$35, COLUMNS($U$11:Y$11), FALSE), 0) -> 2006 | F20: =ROUND(VLOOKUP($B20, $U$11:$AC$35, COLUMNS($U$11:Z$11), FALSE), 0) -> 1965 | G20: =ROUND(VLOOKUP($B20, $U$11:$AC$35, COLUMNS($U$11:AA$11), FALSE), 0) -> 1905 | H20: =ROUND(VLOOKUP($B20, $U$11:$AC$35, COLUMNS($U$11:AB$11), FALSE), 0) -> 1825 | I20: =ROUND(VLOOKUP($B20, $U$11:$AC$35, COLUMNS($U$11:AC$11), FALSE), 0) -> 1765 | K20: 12 | L20: Expressway, posted 60-70 mph | M20: =$O39 * M$28 * M$30 -> 1102 | N20: =$O39 * N$28 * N$30 -> 1057.92 | O20: =$O39 * O$28 * O$30 -> 1024.86 | P20: =$O39 * P$28 * P$30 -> 1002.82 | Q20: =P20*P20/O20 -> 981.25398 | R20: =Q20*Q20/P20 -> 960.15174 | S20: =R20*R20/Q20 -> 939.50332 | U20: 28 | V20: MM: On-ramp | W20: =W34 -> 1200 | X20: =X34 -> 900 | Y20: =Y34 -> 600 | Z20: =Z34 -> 600 | AA20: =AA34 -> 600 | AB20: =AB34 -> 600 | AC20: =AC34 -> 600 | AE20: 5 | AF20: 1644 | AG20: 1995 | AH20: =AG20-AF20 -> 351 | AI20: =AH20 / AF20 -> 0.21350365
B21: 26 | C21: =ROUND(VLOOKUP($B21, $U$11:$AC$35, COLUMNS($U$11:W$11), FALSE), 0) -> 2706 | D21: =ROUND(VLOOKUP($B21, $U$11:$AC$35, COLUMNS($U$11:X$11), FALSE), 0) -> 2356 | E21: =ROUND(VLOOKUP($B21, $U$11:$AC$35, COLUMNS($U$11:Y$11), FALSE), 0) -> 2239 | F21: =ROUND(VLOOKUP($B21, $U$11:$AC$35, COLUMNS($U$11:Z$11), FALSE), 0) -> 2140 | G21: =ROUND(VLOOKUP($B21, $U$11:$AC$35, COLUMNS($U$11:AA$11), FALSE), 0) -> 2045 | H21: =ROUND(VLOOKUP($B21, $U$11:$AC$35, COLUMNS($U$11:AB$11), FALSE), 0) -> 1942 | I21: =ROUND(VLOOKUP($B21, $U$11:$AC$35, COLUMNS($U$11:AC$11), FALSE), 0) -> 1865 | K21: 13 | L21: Expressway, posted 55-65 mph | M21: =$O40 * M$28 * M$30 -> 1064 | N21: =$O40 * N$28 * N$30 -> 1021.44 | O21: =$O40 * O$28 * O$30 -> 989.52 | P21: =$O40 * P$28 * P$30 -> 968.24 | Q21: =P21*P21/O21 -> 947.41763 | R21: =Q21*Q21/P21 -> 927.04306 | S21: =R21*R21/Q21 -> 907.10665 | U21: 29 | V21: MM: Off-ramp | W21: =W35 -> 893.76 | X21: =X35 -> 857.736 | Y21: =Y35 -> 821.6208 | Z21: =Z35 -> 802.56 | AA21: =AA35 -> 783.94139 | AB21: =AB35 -> 765.75472 | AC21: =AC35 -> 747.98996
B22: 27 | C22: =ROUND(VLOOKUP($B22, $U$11:$AC$35, COLUMNS($U$11:W$11), FALSE), 0) -> 2706 | D22: =ROUND(VLOOKUP($B22, $U$11:$AC$35, COLUMNS($U$11:X$11), FALSE), 0) -> 2356 | E22: =ROUND(VLOOKUP($B22, $U$11:$AC$35, COLUMNS($U$11:Y$11), FALSE), 0) -> 2239 | F22: =ROUND(VLOOKUP($B22, $U$11:$AC$35, COLUMNS($U$11:Z$11), FALSE), 0) -> 2140 | G22: =ROUND(VLOOKUP($B22, $U$11:$AC$35, COLUMNS($U$11:AA$11), FALSE), 0) -> 2045 | H22: =ROUND(VLOOKUP($B22, $U$11:$AC$35, COLUMNS($U$11:AB$11), FALSE), 0) -> 1942 | I22: =ROUND(VLOOKUP($B22, $U$11:$AC$35, COLUMNS($U$11:AC$11), FALSE), 0) -> 1865 | K22: 14 | L22: Expressway, posted 50-60 mph | M22: =$O41 * M$28 * M$30 -> 1026 | N22: =$O41 * N$28 * N$30 -> 984.96 | O22: =$O41 * O$28 * O$30 -> 954.18 | P22: =$O41 * P$28 * P$30 -> 933.66 | Q22: =P22*P22/O22 -> 913.58129 | R22: =Q22*Q22/P22 -> 893.93438 | S22: =R22*R22/Q22 -> 874.70999
B23: 28 | C23: =ROUND(VLOOKUP($B23, $U$11:$AC$35, COLUMNS($U$11:W$11), FALSE), 0) -> 1200 | D23: =ROUND(VLOOKUP($B23, $U$11:$AC$35, COLUMNS($U$11:X$11), FALSE), 0) -> 900 | E23: =ROUND(VLOOKUP($B23, $U$11:$AC$35, COLUMNS($U$11:Y$11), FALSE), 0) -> 600 | F23: =ROUND(VLOOKUP($B23, $U$11:$AC$35, COLUMNS($U$11:Z$11), FALSE), 0) -> 600 | G23: =ROUND(VLOOKUP($B23, $U$11:$AC$35, COLUMNS($U$11:AA$11), FALSE), 0) -> 600 | H23: =ROUND(VLOOKUP($B23, $U$11:$AC$35, COLUMNS($U$11:AB$11), FALSE), 0) -> 600 | I23: =ROUND(VLOOKUP($B23, $U$11:$AC$35, COLUMNS($U$11:AC$11), FALSE), 0) -> 600 | K23: 15 | L23: Expressway, posted 45-55 mph | M23: =$O42 * M$28 * M$30 -> 988 | N23: =$O42 * N$28 * N$30 -> 948.48 | O23: =$O42 * O$28 * O$30 -> 918.84 | P23: =$O42 * P$28 * P$30 -> 899.08 | Q23: =P23*P23/O23 -> 879.74495 | R23: =Q23*Q23/P23 -> 860.8257 | S23: =R23*R23/Q23 -> 842.31332 | U23: 30 | V23: Fwy: fwy-to-fwy loop ramp | W23: =($Y46*W$39*W$38 + $AA46) / W$38 -> 1325.25 | X23: =W23*0.8 -> 1060.2 | Y23: =X23*0.8 -> 848.16 | Z23: =Y23 -> 848.16 | AA23: =Z23 -> 848.16 | AB23: =AA23 -> 848.16 | AC23: =AB23 -> 848.16
B24: 29 | C24: =ROUND(VLOOKUP($B24, $U$11:$AC$35, COLUMNS($U$11:W$11), FALSE), 0) -> 894 | D24: =ROUND(VLOOKUP($B24, $U$11:$AC$35, COLUMNS($U$11:X$11), FALSE), 0) -> 858 | E24: =ROUND(VLOOKUP($B24, $U$11:$AC$35, COLUMNS($U$11:Y$11), FALSE), 0) -> 822 | F24: =ROUND(VLOOKUP($B24, $U$11:$AC$35, COLUMNS($U$11:Z$11), FALSE), 0) -> 803 | G24: =ROUND(VLOOKUP($B24, $U$11:$AC$35, COLUMNS($U$11:AA$11), FALSE), 0) -> 784 | H24: =ROUND(VLOOKUP($B24, $U$11:$AC$35, COLUMNS($U$11:AB$11), FALSE), 0) -> 766 | I24: =ROUND(VLOOKUP($B24, $U$11:$AC$35, COLUMNS($U$11:AC$11), FALSE), 0) -> 748 | U24: 31 | V24: Fwy: C-D road, flyover ramp | W24: =($Y47*W$39*W$38 + $AA47) / W$38 -> 1472.5 | X24: =($Y47*X$39*X$38 + $AA47) / X$38 -> 1472.5 | Y24: =($Y47*Y$39*Y$38 + $AA47) / Y$38 -> 1472.5 | Z24: =($Y47*Z$39*Z$38 + $AA47) / Z$38 -> 1443.05 | AA24: =($Y47*AA$39*AA$38 + $AA47) / AA$38 -> 1398.875 | AB24: =($Y47*AB$39*AB$38 + $AA47) / AB$38 -> 1339.975 | AC24: =($Y47*AC$39*AC$38 + $AA47) / AC$38 -> 1295.8 | AE24: Typical Freeway
B25: 30 | C25: =ROUND(VLOOKUP($B25, $U$11:$AC$35, COLUMNS($U$11:W$11), FALSE), 0) -> 1325 | D25: =ROUND(VLOOKUP($B25, $U$11:$AC$35, COLUMNS($U$11:X$11), FALSE), 0) -> 1060 | E25: =ROUND(VLOOKUP($B25, $U$11:$AC$35, COLUMNS($U$11:Y$11), FALSE), 0) -> 848 | F25: =ROUND(VLOOKUP($B25, $U$11:$AC$35, COLUMNS($U$11:Z$11), FALSE), 0) -> 848 | G25: =ROUND(VLOOKUP($B25, $U$11:$AC$35, COLUMNS($U$11:AA$11), FALSE), 0) -> 848 | H25: =ROUND(VLOOKUP($B25, $U$11:$AC$35, COLUMNS($U$11:AB$11), FALSE), 0) -> 848 | I25: =ROUND(VLOOKUP($B25, $U$11:$AC$35, COLUMNS($U$11:AC$11), FALSE), 0) -> 848 | U25: 32 | V25: Fwy: posted 55-60 mph | W25: =($Y48*W$39*W$38 + $AA48) / W$38 -> 1693.375 | X25: =($Y48*X$39*X$38 + $AA48) / X$38 -> 1693.375 | Y25: =($Y48*Y$39*Y$38 + $AA48) / Y$38 -> 1693.375 | Z25: =($Y48*Z$39*Z$38 + $AA48) / Z$38 -> 1659.5075 | AA25: =($Y48*AA$39*AA$38 + $AA48) / AA$38 -> 1608.7062 | AB25: =($Y48*AB$39*AB$38 + $AA48) / AB$38 -> 1540.9712 | AC25: =($Y48*AC$39*AC$38 + $AA48) / AC$38 -> 1490.17 | AE25: Lanes | AF25: VicRoads | AG25: TDM | AH25: Difference | AI25: % Difference
B26: 31 | C26: =ROUND(VLOOKUP($B26, $U$11:$AC$35, COLUMNS($U$11:W$11), FALSE), 0) -> 1473 | D26: =ROUND(VLOOKUP($B26, $U$11:$AC$35, COLUMNS($U$11:X$11), FALSE), 0) -> 1473 | E26: =ROUND(VLOOKUP($B26, $U$11:$AC$35, COLUMNS($U$11:Y$11), FALSE), 0) -> 1473 | F26: =ROUND(VLOOKUP($B26, $U$11:$AC$35, COLUMNS($U$11:Z$11), FALSE), 0) -> 1443 | G26: =ROUND(VLOOKUP($B26, $U$11:$AC$35, COLUMNS($U$11:AA$11), FALSE), 0) -> 1399 | H26: =ROUND(VLOOKUP($B26, $U$11:$AC$35, COLUMNS($U$11:AB$11), FALSE), 0) -> 1340 | I26: =ROUND(VLOOKUP($B26, $U$11:$AC$35, COLUMNS($U$11:AC$11), FALSE), 0) -> 1296 | L26: Lanes | M26: 1 | N26: 2 | O26: 3 | P26: 4 | U26: 33 | V26: Fwy: posted 65 mph, no aux lane | W26: =($Y49*W$39*W$38 + $AA49) / W$38 -> 1730.1875 | X26: =($Y49*X$39*X$38 + $AA49) / X$38 -> 1730.1875 | Y26: =($Y49*Y$39*Y$38 + $AA49) / Y$38 -> 1730.1875 | Z26: =($Y49*Z$39*Z$38 + $AA49) / Z$38 -> 1695.5838 | AA26: =($Y49*AA$39*AA$38 + $AA49) / AA$38 -> 1643.6781 | AB26: =($Y49*AB$39*AB$38 + $AA49) / AB$38 -> 1574.4706 | AC26: =($Y49*AC$39*AC$38 + $AA49) / AC$38 -> 1522.565 | AE26: 2 | AF26: =AF11 -> 1775 | AG26: =AF17 -> 1730 | AH26: =AG26-AF26 -> -45 | AI26: =AH26/AF26 -> -0.025352113
B27: 32 | C27: =ROUND(VLOOKUP($B27, $U$11:$AC$35, COLUMNS($U$11:W$11), FALSE), 0) -> 1693 | D27: =ROUND(VLOOKUP($B27, $U$11:$AC$35, COLUMNS($U$11:X$11), FALSE), 0) -> 1693 | E27: =ROUND(VLOOKUP($B27, $U$11:$AC$35, COLUMNS($U$11:Y$11), FALSE), 0) -> 1693 | F27: =ROUND(VLOOKUP($B27, $U$11:$AC$35, COLUMNS($U$11:Z$11), FALSE), 0) -> 1660 | G27: =ROUND(VLOOKUP($B27, $U$11:$AC$35, COLUMNS($U$11:AA$11), FALSE), 0) -> 1609 | H27: =ROUND(VLOOKUP($B27, $U$11:$AC$35, COLUMNS($U$11:AB$11), FALSE), 0) -> 1541 | I27: =ROUND(VLOOKUP($B27, $U$11:$AC$35, COLUMNS($U$11:AC$11), FALSE), 0) -> 1490 | L27: Bus Blockage Factors (Fbb) - Arterials | M27: 0.98 | N27: 0.99 | O27: 0.99 | P27: 1 | U27: 34 | V27: Fwy: posted 65 mph, aux lane | W27: =($Y50*W$39*W$38 + $AA50) / W$38 -> 2430.1875 | X27: =($Y50*X$39*X$38 + $AA50) / X$38 -> 2080.1875 | Y27: =($Y50*Y$39*Y$38 + $AA50) / Y$38 -> 1963.5208 | Z27: =($Y50*Z$39*Z$38 + $AA50) / Z$38 -> 1870.5838 | AA27: =($Y50*AA$39*AA$38 + $AA50) / AA$38 -> 1783.6781 | AB27: =($Y50*AB$39*AB$38 + $AA50) / AB$38 -> 1691.1373 | AC27: =($Y50*AC$39*AC$38 + $AA50) / AC$38 -> 1622.565 | AE27: 3 | AF27: =AF12 -> 1717 | AG27: =AF18 -> 1730 | AH27: =AG27-AF27 -> 13 | AI27: =AH27/AF27 -> 0.0075713454
B28: 33 | C28: =ROUND(VLOOKUP($B28, $U$11:$AC$35, COLUMNS($U$11:W$11), FALSE), 0) -> 1730 | D28: =ROUND(VLOOKUP($B28, $U$11:$AC$35, COLUMNS($U$11:X$11), FALSE), 0) -> 1730 | E28: =ROUND(VLOOKUP($B28, $U$11:$AC$35, COLUMNS($U$11:Y$11), FALSE), 0) -> 1730 | F28: =ROUND(VLOOKUP($B28, $U$11:$AC$35, COLUMNS($U$11:Z$11), FALSE), 0) -> 1696 | G28: =ROUND(VLOOKUP($B28, $U$11:$AC$35, COLUMNS($U$11:AA$11), FALSE), 0) -> 1644 | H28: =ROUND(VLOOKUP($B28, $U$11:$AC$35, COLUMNS($U$11:AB$11), FALSE), 0) -> 1574 | I28: =ROUND(VLOOKUP($B28, $U$11:$AC$35, COLUMNS($U$11:AC$11), FALSE), 0) -> 1523 | L28: Bus Blockage Factors (Fbb) - Expressways | M28: 1 | N28: 1 | O28: 1 | P28: 1 | U28: 35 | V28: Fwy: posted 75 mph, no aux lane | W28: =($Y51*W$39*W$38 + $AA51) / W$38 -> 1767 | X28: =($Y51*X$39*X$38 + $AA51) / X$38 -> 1767 | Y28: =($Y51*Y$39*Y$38 + $AA51) / Y$38 -> 1767 | Z28: =($Y51*Z$39*Z$38 + $AA51) / Z$38 -> 1731.66 | AA28: =($Y51*AA$39*AA$38 + $AA51) / AA$38 -> 1678.65 | AB28: =($Y51*AB$39*AB$38 + $AA51) / AB$38 -> 1607.97 | AC28: =($Y51*AC$39*AC$38 + $AA51) / AC$38 -> 1554.96 | AE28: 4 | AF28: =AF13 -> 1656 | AG28: =AF19 -> 1696 | AH28: =AG28-AF28 -> 40 | AI28: =AH28/AF28 -> 0.024154589
B29: 34 | C29: =ROUND(VLOOKUP($B29, $U$11:$AC$35, COLUMNS($U$11:W$11), FALSE), 0) -> 2430 | D29: =ROUND(VLOOKUP($B29, $U$11:$AC$35, COLUMNS($U$11:X$11), FALSE), 0) -> 2080 | E29: =ROUND(VLOOKUP($B29, $U$11:$AC$35, COLUMNS($U$11:Y$11), FALSE), 0) -> 1964 | F29: =ROUND(VLOOKUP($B29, $U$11:$AC$35, COLUMNS($U$11:Z$11), FALSE), 0) -> 1871 | G29: =ROUND(VLOOKUP($B29, $U$11:$AC$35, COLUMNS($U$11:AA$11), FALSE), 0) -> 1784 | H29: =ROUND(VLOOKUP($B29, $U$11:$AC$35, COLUMNS($U$11:AB$11), FALSE), 0) -> 1691 | I29: =ROUND(VLOOKUP($B29, $U$11:$AC$35, COLUMNS($U$11:AC$11), FALSE), 0) -> 1623 | L29: Lane Utilization Factor (Flu) - Arterials | M29: 1 | N29: 0.95 | O29: 0.91 | P29: 0.88 | U29: 36 | V29: Fwy: posted 75 mph, aux lane | W29: =($Y52*W$39*W$38 + $AA52) / W$38 -> 2467 | X29: =($Y52*X$39*X$38 + $AA52) / X$38 -> 2117 | Y29: =($Y52*Y$39*Y$38 + $AA52) / Y$38 -> 2000.3333 | Z29: =($Y52*Z$39*Z$38 + $AA52) / Z$38 -> 1906.66 | AA29: =($Y52*AA$39*AA$38 + $AA52) / AA$38 -> 1818.65 | AB29: =($Y52*AB$39*AB$38 + $AA52) / AB$38 -> 1724.6367 | AC29: =($Y52*AC$39*AC$38 + $AA52) / AC$38 -> 1654.96 | AE29: 5 | AF29: =AF14 -> 1575 | AG29: =AF20 -> 1644 | AH29: =AG29-AF29 -> 69 | AI29: =AH29/AF29 -> 0.043809524
B30: 35 | C30: =ROUND(VLOOKUP($B30, $U$11:$AC$35, COLUMNS($U$11:W$11), FALSE), 0) -> 1767 | D30: =ROUND(VLOOKUP($B30, $U$11:$AC$35, COLUMNS($U$11:X$11), FALSE), 0) -> 1767 | E30: =ROUND(VLOOKUP($B30, $U$11:$AC$35, COLUMNS($U$11:Y$11), FALSE), 0) -> 1767 | F30: =ROUND(VLOOKUP($B30, $U$11:$AC$35, COLUMNS($U$11:Z$11), FALSE), 0) -> 1732 | G30: =ROUND(VLOOKUP($B30, $U$11:$AC$35, COLUMNS($U$11:AA$11), FALSE), 0) -> 1679 | H30: =ROUND(VLOOKUP($B30, $U$11:$AC$35, COLUMNS($U$11:AB$11), FALSE), 0) -> 1608 | I30: =ROUND(VLOOKUP($B30, $U$11:$AC$35, COLUMNS($U$11:AC$11), FALSE), 0) -> 1555 | L30: Lane Utilization Factor (Flu) - Expressways | M30: 1 | N30: 0.96 | O30: 0.93 | P30: 0.91 | U30: 37 | V30: Fwy: HOV lane | W30: =($Y53*W$39*W$38 + $AA53) / W$38 -> 1767 | X30: =($Y53*X$39*X$38 + $AA53) / X$38 -> 1767 | Y30: =($Y53*Y$39*Y$38 + $AA53) / Y$38 -> 1767 | Z30: =($Y53*Z$39*Z$38 + $AA53) / Z$38 -> 1731.66 | AA30: =($Y53*AA$39*AA$38 + $AA53) / AA$38 -> 1678.65 | AB30: =($Y53*AB$39*AB$38 + $AA53) / AB$38 -> 1607.97 | AC30: =($Y53*AC$39*AC$38 + $AA53) / AC$38 -> 1554.96
B31: 36 | C31: =ROUND(VLOOKUP($B31, $U$11:$AC$35, COLUMNS($U$11:W$11), FALSE), 0) -> 2467 | D31: =ROUND(VLOOKUP($B31, $U$11:$AC$35, COLUMNS($U$11:X$11), FALSE), 0) -> 2117 | E31: =ROUND(VLOOKUP($B31, $U$11:$AC$35, COLUMNS($U$11:Y$11), FALSE), 0) -> 2000 | F31: =ROUND(VLOOKUP($B31, $U$11:$AC$35, COLUMNS($U$11:Z$11), FALSE), 0) -> 1907 | G31: =ROUND(VLOOKUP($B31, $U$11:$AC$35, COLUMNS($U$11:AA$11), FALSE), 0) -> 1819 | H31: =ROUND(VLOOKUP($B31, $U$11:$AC$35, COLUMNS($U$11:AB$11), FALSE), 0) -> 1725 | I31: =ROUND(VLOOKUP($B31, $U$11:$AC$35, COLUMNS($U$11:AC$11), FALSE), 0) -> 1655 | U31: 38 | V31: Fwy: Managed lane | W31: =W30 -> 1767 | X31: =X30 -> 1767 | Y31: =Y30 -> 1767 | Z31: =Z30 -> 1731.66 | AA31: =AA30 -> 1678.65 | AB31: =AB30 -> 1607.97 | AC31: =AC30 -> 1554.96 | AE31: Managed Motorways
B32: 37 | C32: =ROUND(VLOOKUP($B32, $U$11:$AC$35, COLUMNS($U$11:W$11), FALSE), 0) -> 1767 | D32: =ROUND(VLOOKUP($B32, $U$11:$AC$35, COLUMNS($U$11:X$11), FALSE), 0) -> 1767 | E32: =ROUND(VLOOKUP($B32, $U$11:$AC$35, COLUMNS($U$11:Y$11), FALSE), 0) -> 1767 | F32: =ROUND(VLOOKUP($B32, $U$11:$AC$35, COLUMNS($U$11:Z$11), FALSE), 0) -> 1732 | G32: =ROUND(VLOOKUP($B32, $U$11:$AC$35, COLUMNS($U$11:AA$11), FALSE), 0) -> 1679 | H32: =ROUND(VLOOKUP($B32, $U$11:$AC$35, COLUMNS($U$11:AB$11), FALSE), 0) -> 1608 | I32: =ROUND(VLOOKUP($B32, $U$11:$AC$35, COLUMNS($U$11:AC$11), FALSE), 0) -> 1555 | U32: 39 | V32: Fwy: Managed lane access | W32: =W31 -> 1767 | X32: =X31 -> 1767 | Y32: =Y31 -> 1767 | Z32: =Z31 -> 1731.66 | AA32: =AA31 -> 1678.65 | AB32: =AB31 -> 1607.97 | AC32: =AC31 -> 1554.96 | AE32: Lanes | AF32: VicRoads | AG32: TDM | AH32: Difference | AI32: % Difference
B33: 38 | C33: =ROUND(VLOOKUP($B33, $U$11:$AC$35, COLUMNS($U$11:W$11), FALSE), 0) -> 1767 | D33: =ROUND(VLOOKUP($B33, $U$11:$AC$35, COLUMNS($U$11:X$11), FALSE), 0) -> 1767 | E33: =ROUND(VLOOKUP($B33, $U$11:$AC$35, COLUMNS($U$11:Y$11), FALSE), 0) -> 1767 | F33: =ROUND(VLOOKUP($B33, $U$11:$AC$35, COLUMNS($U$11:Z$11), FALSE), 0) -> 1732 | G33: =ROUND(VLOOKUP($B33, $U$11:$AC$35, COLUMNS($U$11:AA$11), FALSE), 0) -> 1679 | H33: =ROUND(VLOOKUP($B33, $U$11:$AC$35, COLUMNS($U$11:AB$11), FALSE), 0) -> 1608 | I33: =ROUND(VLOOKUP($B33, $U$11:$AC$35, COLUMNS($U$11:AC$11), FALSE), 0) -> 1555 | K33: FT | L33: Description | M33: Saturation Flow Rate | N33: % Green Time Factor (Fgrn) | O33: Saturation Flow Rate w/ Fgrn | U33: 40 | V33: Fwy: Tollway | W33: =AVERAGE(W16,W18) -> 2684.6539 | X33: =AVERAGE(X16,X18) -> 2334.6539 | Y33: =AVERAGE(Y16,Y18) -> 2217.9872 | Z33: =AVERAGE(Z16,Z18) -> 2119.9608 | AA33: =AVERAGE(AA16,AA18) -> 2025.4212 | AB33: =AVERAGE(AB16,AB18) -> 1922.7017 | AC33: =AVERAGE(AC16,AC18) -> 1846.4954 | AE33: 2 | AF33: =AG11 -> 2088 | AG33: =AG17 -> 2100 | AH33: =AG33-AF33 -> 12 | AI33: =AH33/AF33 -> 0.0057471264
B34: 39 | C34: =ROUND(VLOOKUP($B34, $U$11:$AC$35, COLUMNS($U$11:W$11), FALSE), 0) -> 1767 | D34: =ROUND(VLOOKUP($B34, $U$11:$AC$35, COLUMNS($U$11:X$11), FALSE), 0) -> 1767 | E34: =ROUND(VLOOKUP($B34, $U$11:$AC$35, COLUMNS($U$11:Y$11), FALSE), 0) -> 1767 | F34: =ROUND(VLOOKUP($B34, $U$11:$AC$35, COLUMNS($U$11:Z$11), FALSE), 0) -> 1732 | G34: =ROUND(VLOOKUP($B34, $U$11:$AC$35, COLUMNS($U$11:AA$11), FALSE), 0) -> 1679 | H34: =ROUND(VLOOKUP($B34, $U$11:$AC$35, COLUMNS($U$11:AB$11), FALSE), 0) -> 1608 | I34: =ROUND(VLOOKUP($B34, $U$11:$AC$35, COLUMNS($U$11:AC$11), FALSE), 0) -> 1555 | K34: 2 | L34: Principal Arterial | M34: 1900 | N34: 0.52 | O34: =M34 * N34 -> 988 | U34: 41 | V34: Fwy: On-ramp | W34: 1200 | X34: 900 | Y34: 600 | Z34: =Y34 -> 600 | AA34: =Z34 -> 600 | AB34: =AA34 -> 600 | AC34: =AB34 -> 600 | AE34: 3 | AF34: =AG12 -> 2017 | AG34: =AG18 -> 2100 | AH34: =AG34-AF34 -> 83 | AI34: =AH34/AF34 -> 0.041150223
B35: 40 | C35: =ROUND(VLOOKUP($B35, $U$11:$AC$35, COLUMNS($U$11:W$11), FALSE), 0) -> 2685 | D35: =ROUND(VLOOKUP($B35, $U$11:$AC$35, COLUMNS($U$11:X$11), FALSE), 0) -> 2335 | E35: =ROUND(VLOOKUP($B35, $U$11:$AC$35, COLUMNS($U$11:Y$11), FALSE), 0) -> 2218 | F35: =ROUND(VLOOKUP($B35, $U$11:$AC$35, COLUMNS($U$11:Z$11), FALSE), 0) -> 2120 | G35: =ROUND(VLOOKUP($B35, $U$11:$AC$35, COLUMNS($U$11:AA$11), FALSE), 0) -> 2025 | H35: =ROUND(VLOOKUP($B35, $U$11:$AC$35, COLUMNS($U$11:AB$11), FALSE), 0) -> 1923 | I35: =ROUND(VLOOKUP($B35, $U$11:$AC$35, COLUMNS($U$11:AC$11), FALSE), 0) -> 1846 | K35: 3 | L35: Minor Arterial | M35: 1900 | N35: 0.48 | O35: =M35 * N35 -> 912 | U35: 42 | V35: Fwy: Off-ramp | W35: =M14 -> 893.76 | X35: =N14 -> 857.736 | Y35: =O14 -> 821.6208 | Z35: =P14 -> 802.56 | AA35: =Q14 -> 783.94139 | AB35: =R14 -> 765.75472 | AC35: =S14 -> 747.98996 | AE35: 4 | AF35: =AG13 -> 1950 | AG35: =AG19 -> 2058 | AH35: =AG35-AF35 -> 108 | AI35: =AH35/AF35 -> 0.055384615
B36: 41 | C36: =ROUND(VLOOKUP($B36, $U$11:$AC$35, COLUMNS($U$11:W$11), FALSE), 0) -> 1200 | D36: =ROUND(VLOOKUP($B36, $U$11:$AC$35, COLUMNS($U$11:X$11), FALSE), 0) -> 900 | E36: =ROUND(VLOOKUP($B36, $U$11:$AC$35, COLUMNS($U$11:Y$11), FALSE), 0) -> 600 | F36: =ROUND(VLOOKUP($B36, $U$11:$AC$35, COLUMNS($U$11:Z$11), FALSE), 0) -> 600 | G36: =ROUND(VLOOKUP($B36, $U$11:$AC$35, COLUMNS($U$11:AA$11), FALSE), 0) -> 600 | H36: =ROUND(VLOOKUP($B36, $U$11:$AC$35, COLUMNS($U$11:AB$11), FALSE), 0) -> 600 | I36: =ROUND(VLOOKUP($B36, $U$11:$AC$35, COLUMNS($U$11:AC$11), FALSE), 0) -> 600 | K36: 4 | L36: Major Collector | M36: 1700 | N36: 0.44 | O36: =M36 * N36 -> 748 | AE36: 5 | AF36: =AG14 -> 1855 | AG36: =AG20 -> 1995 | AH36: =AG36-AF36 -> 140 | AI36: =AH36/AF36 -> 0.075471698
B37: 42 | C37: =ROUND(VLOOKUP($B37, $U$11:$AC$35, COLUMNS($U$11:W$11), FALSE), 0) -> 894 | D37: =ROUND(VLOOKUP($B37, $U$11:$AC$35, COLUMNS($U$11:X$11), FALSE), 0) -> 858 | E37: =ROUND(VLOOKUP($B37, $U$11:$AC$35, COLUMNS($U$11:Y$11), FALSE), 0) -> 822 | F37: =ROUND(VLOOKUP($B37, $U$11:$AC$35, COLUMNS($U$11:Z$11), FALSE), 0) -> 803 | G37: =ROUND(VLOOKUP($B37, $U$11:$AC$35, COLUMNS($U$11:AA$11), FALSE), 0) -> 784 | H37: =ROUND(VLOOKUP($B37, $U$11:$AC$35, COLUMNS($U$11:AB$11), FALSE), 0) -> 766 | I37: =ROUND(VLOOKUP($B37, $U$11:$AC$35, COLUMNS($U$11:AC$11), FALSE), 0) -> 748 | K37: 5 | L37: Minor Collector | M37: 1500 | N37: 0.35 | O37: =M37 * N37 -> 525
V38: Lanes | W38: 1 | X38: 2 | Y38: 3 | Z38: 4 | AA38: 5 | AB38: 6 | AC38: 7
K39: 12 | L39: Expressway, posted 60-70 mph | M39: 1900 | N39: 0.58 | O39: =M39 * N39 -> 1102 | V39: Lane Utilization Factor (Flu) | W39: 1 | X39: 1 | Y39: 1 | Z39: 0.98 | AA39: 0.95 | AB39: 0.91 | AC39: 0.88
K40: 13 | L40: Expressway, posted 55-65 mph | M40: 1900 | N40: 0.56 | O40: =M40 * N40 -> 1064
K41: 14 | L41: Expressway, posted 50-60 mph | M41: 1900 | N41: 0.54 | O41: =M41 * N41 -> 1026
K42: 15 | L42: Expressway, posted 45-55 mph | M42: 1900 | N42: 0.52 | O42: =M42 * N42 -> 988 | X42: adj fac | Y42: PHF | Z42: MM fac
X43: 0.775 | Y43: 0.95 | Z43: 1.135
U45: FT | V45: Description | W45: Theoritical Saturation Flow Rate | X45: Breakdown Saturation Flow Rate | Y45: Saturation Flow Rate wPHF | Z45: MM Saturation Flow Rate | AA45: Aux Lane Capacity
M46: 1 | N46: 2 | O46: 3 | P46: 4 | Q46: 5 | U46: 30 | V46: Fwy: fwy-to-fwy loop ramp | W46: 1800 | X46: =W46 * X$43 -> 1395 | Y46: =X46 * Y$43 -> 1325.25
M47: Rural | N47: Transition | O47: Suburban | P47: Urban | Q47: CBD | U47: 31 | V47: Fwy: C-D road, flyover ramp | W47: 2000 | X47: =W47 * X$43 -> 1550 | Y47: =X47 * Y$43 -> 1472.5
L48: Area Type Adjustment Factors | M48: 1.1 | N48: 1.05 | O48: 1 | P48: 0.95 | Q48: 0.9 | U48: 32 | V48: Fwy: posted 55-60 mph | W48: 2300 | X48: =W48 * X$43 -> 1782.5 | Y48: =X48 * Y$43 -> 1693.375 | Z48: =Y48 * Z$43 -> 1921.9806
L49: (applied in travel model code) | U49: 33 | V49: Fwy: posted 65 mph, no aux lane | W49: 2350 | X49: =W49 * X$43 -> 1821.25 | Y49: =X49 * Y$43 -> 1730.1875 | Z49: =Y49 * Z$43 -> 1963.7628
U50: 34 | V50: Fwy: posted 65 mph, aux lane | W50: =W49 -> 2350 | X50: =W50 * X$43 -> 1821.25 | Y50: =X50 * Y$43 -> 1730.1875 | Z50: =Y50 * Z$43 -> 1963.7628 | AA50: 700
U51: 35 | V51: Fwy: posted 75 mph, no aux lane | W51: 2400 | X51: =W51 * X$43 -> 1860 | Y51: =X51 * Y$43 -> 1767 | Z51: =Y51 * Z$43 -> 2005.545
K52: Check | U52: 36 | V52: Fwy: posted 75 mph, aux lane | W52: =W51 -> 2400 | X52: =W52 * X$43 -> 1860 | Y52: =X52 * Y$43 -> 1767 | Z52: =Y52 * Z$43 -> 2005.545 | AA52: 700
K53: v832b | U53: 37 | V53: Fwy: HOV lane | W53: 2400 | X53: =W53 * X$43 -> 1860 | Y53: =X53 * Y$43 -> 1767
P54: Capacity per hour per lane | U54: 38 | V54: Fwy: Managed lane | W54: 2400 | X54: =W54 * X$43 -> 1860 | Y54: =X54 * Y$43 -> 1767
M55: 1 lane | N55: 2 lanes | O55: 3 lanes | P55: 4 lanes | Q55: 5 lanes | R55: 6 lanes | S55: 7 lanes | U55: 39 | V55: Fwy: Managed lane access | W55: 2400 | X55: =W55 * X$43 -> 1860 | Y55: =X55 * Y$43 -> 1767
K56: 1 | L56: Centroid Connector | M56: =M12 -> 10000 | N56: =N12 -> 10000 | O56: =O12 -> 10000 | P56: =P12 -> 10000 | Q56: =Q12 -> 10000 | R56: =R12 -> 10000 | S56: =S12 -> 10000 | U56: 40 | V56: Fwy: Tollway | W56: 2400 | X56: =W56 * X$43 -> 1860 | Y56: =X56 * Y$43 -> 1767
K57: 2 | L57: Principal Arterial | M57: =M13 -> 968.24 | N57: =N13 -> 929.214 | O57: =O13 -> 890.0892 | P57: =P13 -> 869.44 | Q57: =Q13 -> 849.26984 | R57: =R13 -> 829.56761 | S57: =S13 -> 810.32245
K58: 3 | L58: Minor Arterial | M58: =M14 -> 893.76 | N58: =N14 -> 857.736 | O58: =O14 -> 821.6208 | P58: =P14 -> 802.56 | Q58: =Q14 -> 783.94139 | R58: =R14 -> 765.75472 | S58: =S14 -> 747.98996
K59: 4 | L59: Major Collector | M59: =M15 -> 733.04 | N59: =N15 -> 703.494 | O59: =O15 -> 673.8732 | P59: =P15 -> 658.24 | Q59: =Q15 -> 642.96947 | R59: =R15 -> 628.05321 | S59: =S15 -> 613.48299 | U59: Check
K60: 5 | L60: Minor Collector | M60: =M16 -> 514.5 | N60: =N16 -> 493.7625 | O60: =O16 -> 472.9725 | P60: =P16 -> 462 | Q60: =Q16 -> 451.28205 | R60: =R16 -> 440.81275 | S60: =S16 -> 430.58632 | U60: v832b
K61: 6 | L61: Local | M61: =M17 -> 411.6 | N61: =N17 -> 395.01 | O61: =O17 -> 378.378 | P61: =P17 -> 369.6 | Q61: =Q17 -> 361.02564 | R61: =R17 -> 352.6502 | S61: =S17 -> 344.46906 | Z61: Capacity per hour per lane
K62: 7 | L62: Unpaved | M62: =M18 -> 300 | N62: =N18 -> 300 | O62: =O18 -> 300 | P62: =P18 -> 300 | Q62: =Q18 -> 300 | R62: =R18 -> 300 | S62: =S18 -> 300 | W62: 1 lane | X62: 2 lanes | Y62: 3 lanes | Z62: 4 lanes | AA62: 5 lanes | AB62: 6 lanes | AC62: 7 lanes
U63: 22 | V63: MM: posted 55-60 mph | W63: =W14 -> 1921.9806 | X63: =X14 -> 1921.9806 | Y63: =Y14 -> 1921.9806 | Z63: =Z14 -> 1883.541 | AA63: =AA14 -> 1825.8816 | AB63: =AB14 -> 1749.0024 | AC63: =AC14 -> 1691.3429
K64: 12 | L64: Expressway, posted 60-70 mph | M64: =M20 -> 1102 | N64: =N20 -> 1057.92 | O64: =O20 -> 1024.86 | P64: =P20 -> 1002.82 | Q64: =Q20 -> 981.25398 | R64: =R20 -> 960.15174 | S64: =S20 -> 939.50332 | U64: 23 | V64: MM: posted 65 mph, no aux lane | W64: =W15 -> 1963.7628 | X64: =X15 -> 1963.7628 | Y64: =Y15 -> 1963.7628 | Z64: =Z15 -> 1924.4876 | AA64: =AA15 -> 1865.5747 | AB64: =AB15 -> 1787.0242 | AC64: =AC15 -> 1728.1113
K65: 13 | L65: Expressway, posted 55-65 mph | M65: =M21 -> 1064 | N65: =N21 -> 1021.44 | O65: =O21 -> 989.52 | P65: =P21 -> 968.24 | Q65: =Q21 -> 947.41763 | R65: =R21 -> 927.04306 | S65: =S21 -> 907.10665 | U65: 24 | V65: MM: posted 65 mph, aux lane | W65: =W16 -> 2663.7628 | X65: =X16 -> 2313.7628 | Y65: =Y16 -> 2197.0961 | Z65: =Z16 -> 2099.4876 | AA65: =AA16 -> 2005.5747 | AB65: =AB16 -> 1903.6908 | AC65: =AC16 -> 1828.1113
K66: 14 | L66: Expressway, posted 50-60 mph | M66: =M22 -> 1026 | N66: =N22 -> 984.96 | O66: =O22 -> 954.18 | P66: =P22 -> 933.66 | Q66: =Q22 -> 913.58129 | R66: =R22 -> 893.93438 | S66: =S22 -> 874.70999 | U66: 25 | V66: MM: posted 75 mph, no aux lane | W66: =W17 -> 2005.545 | X66: =X17 -> 2005.545 | Y66: =Y17 -> 2005.545 | Z66: =Z17 -> 1965.4341 | AA66: =AA17 -> 1905.2677 | AB66: =AB17 -> 1825.046 | AC66: =AC17 -> 1764.8796
K67: 15 | L67: Expressway, posted 45-55 mph | M67: =M23 -> 988 | N67: =N23 -> 948.48 | O67: =O23 -> 918.84 | P67: =P23 -> 899.08 | Q67: =Q23 -> 879.74495 | R67: =R23 -> 860.8257 | S67: =S23 -> 842.31332 | U67: 26 | V67: MM: posted 75 mph, aux lane | W67: =W18 -> 2705.545 | X67: =X18 -> 2355.545 | Y67: =Y18 -> 2238.8783 | Z67: =Z18 -> 2140.4341 | AA67: =AA18 -> 2045.2677 | AB67: =AB18 -> 1941.7126 | AC67: =AC18 -> 1864.8796
K69: v83x | U69: 32 | V69: Fwy: posted 55-60 mph | W69: =W25 -> 1693.375 | X69: =X25 -> 1693.375 | Y69: =Y25 -> 1693.375 | Z69: =Z25 -> 1659.5075 | AA69: =AA25 -> 1608.7062 | AB69: =AB25 -> 1540.9712 | AC69: =AC25 -> 1490.17
P70: Capacity per hour per lane | U70: 33 | V70: Fwy: posted 65 mph, no aux lane | W70: =W26 -> 1730.1875 | X70: =X26 -> 1730.1875 | Y70: =Y26 -> 1730.1875 | Z70: =Z26 -> 1695.5838 | AA70: =AA26 -> 1643.6781 | AB70: =AB26 -> 1574.4706 | AC70: =AC26 -> 1522.565
M71: 1 lane | N71: 2 lanes | O71: 3 lanes | P71: 4 lanes | Q71: 5 lanes | R71: 6 lanes | S71: 7 lanes | U71: 34 | V71: Fwy: posted 65 mph, aux lane | W71: =W27 -> 2430.1875 | X71: =X27 -> 2080.1875 | Y71: =Y27 -> 1963.5208 | Z71: =Z27 -> 1870.5838 | AA71: =AA27 -> 1783.6781 | AB71: =AB27 -> 1691.1373 | AC71: =AC27 -> 1622.565
K72: 1 | L72: Centroid Connector | M72: 10000 | N72: 10000 | O72: 10000 | P72: 10000 | Q72: 10000 | R72: 10000 | S72: 10000 | U72: 35 | V72: Fwy: posted 75 mph, no aux lane | W72: =W28 -> 1767 | X72: =X28 -> 1767 | Y72: =Y28 -> 1767 | Z72: =Z28 -> 1731.66 | AA72: =AA28 -> 1678.65 | AB72: =AB28 -> 1607.97 | AC72: =AC28 -> 1554.96
K73: 2 | L73: Principal Arterial | M73: 968.24 | N73: 929.214 | O73: 890.0892 | P73: 869.44 | Q73: 849.26984 | R73: 829.56761 | S73: 810.32245 | U73: 36 | V73: Fwy: posted 75 mph, aux lane | W73: =W29 -> 2467 | X73: =X29 -> 2117 | Y73: =Y29 -> 2000.3333 | Z73: =Z29 -> 1906.66 | AA73: =AA29 -> 1818.65 | AB73: =AB29 -> 1724.6367 | AC73: =AC29 -> 1654.96
K74: 3 | L74: Minor Arterial | M74: 893.76 | N74: 857.736 | O74: 821.6208 | P74: 802.56 | Q74: 783.94139 | R74: 765.75472 | S74: 747.98996
K75: 4 | L75: Major Collector | M75: 748 | N75: 710.6 | O75: 680.68 | P75: 658.24 | Q75: 636.53978 | R75: 615.55495 | S75: 595.26193 | V75: MM: posted 55-60 mph | W75: =W63/W69 - 1 -> 0.135 | X75: =X63/X69 - 1 -> 0.135 | Y75: =Y63/Y69 - 1 -> 0.135 | Z75: =Z63/Z69 - 1 -> 0.135 | AA75: =AA63/AA69 - 1 -> 0.135 | AB75: =AB63/AB69 - 1 -> 0.135 | AC75: =AC63/AC69 - 1 -> 0.135
K76: 5 | L76: Minor Collector | M76: 525 | N76: 498.75 | O76: 477.75 | P76: 462 | Q76: 446.76923 | R76: 432.04057 | S76: 417.79748 | V76: MM: posted 65 mph, no aux lane | W76: =W64/W70 - 1 -> 0.135 | X76: =X64/X70 - 1 -> 0.135 | Y76: =Y64/Y70 - 1 -> 0.135 | Z76: =Z64/Z70 - 1 -> 0.135 | AA76: =AA64/AA70 - 1 -> 0.135 | AB76: =AB64/AB70 - 1 -> 0.135 | AC76: =AC64/AC70 - 1 -> 0.135
K77: 6 | L77: Local | M77: 420 | N77: 399 | O77: 382.2 | P77: 369.6 | Q77: 357.41538 | R77: 345.63246 | S77: 334.23798 | V77: MM: posted 65 mph, aux lane | W77: =W65/W71 - 1 -> 0.096114112 | X77: =X65/X71 - 1 -> 0.1122857 | Y77: =Y65/Y71 - 1 -> 0.11895739 | Z77: =Z65/Z71 - 1 -> 0.12237025 | AA77: =AA65/AA71 - 1 -> 0.12440392 | AB77: =AB65/AB71 - 1 -> 0.12568674 | AC77: =AC65/AC71 - 1 -> 0.12667984
K78: 7 | L78: Unpaved | M78: 300 | N78: 300 | O78: 300 | P78: 300 | Q78: 300 | R78: 300 | S78: 300 | V78: MM: posted 75 mph, no aux lane | W78: =W66/W72 - 1 -> 0.135 | X78: =X66/X72 - 1 -> 0.135 | Y78: =Y66/Y72 - 1 -> 0.135 | Z78: =Z66/Z72 - 1 -> 0.135 | AA78: =AA66/AA72 - 1 -> 0.135 | AB78: =AB66/AB72 - 1 -> 0.135 | AC78: =AC66/AC72 - 1 -> 0.135
V79: MM: posted 75 mph, aux lane | W79: =W67/W73 - 1 -> 0.096694366 | X79: =X67/X73 - 1 -> 0.11268068 | Y79: =Y67/Y73 - 1 -> 0.11925262 | Z79: =Z67/Z73 - 1 -> 0.12260922 | AA79: =AA67/AA73 - 1 -> 0.12460768 | AB79: =AB67/AB73 - 1 -> 0.12586764 | AC79: =AC67/AC73 - 1 -> 0.1268427
K80: 12 | L80: Expressway, posted 60-70 mph | M80: 1102 | N80: 1057.92 | O80: 1024.86 | P80: 1002.82 | Q80: 981.25398 | R80: 960.15174 | S80: 939.50332
K81: 13 | L81: Expressway, posted 55-65 mph | M81: 1064 | N81: 1021.44 | O81: 989.52 | P81: 968.24 | Q81: 947.41763 | R81: 927.04306 | S81: 907.10665 | U81: v83x
K82: 14 | L82: Expressway, posted 50-60 mph | M82: 1026 | N82: 984.96 | O82: 954.18 | P82: 933.66 | Q82: 913.58129 | R82: 893.93438 | S82: 874.70999 | Z82: Capacity per hour per lane
K83: 15 | L83: Expressway, posted 45-55 mph | M83: 988 | N83: 948.48 | O83: 918.84 | P83: 899.08 | Q83: 879.74495 | R83: 860.8257 | S83: 842.31332 | W83: 1 lane | X83: 2 lanes | Y83: 3 lanes | Z83: 4 lanes | AA83: 5 lanes | AB83: 6 lanes | AC83: 7 lanes
U84: 22 | V84: MM: posted 55-60 mph | W84: 2100 | X84: 2100 | Y84: 2100 | Z84: 2058 | AA84: 1995 | AB84: 1911 | AC84: 1848
K85: Difference | U85: 23 | V85: MM: posted 65 mph, no aux lane | W85: 2100 | X85: 2100 | Y85: 2100 | Z85: 2058 | AA85: 1995 | AB85: 1911 | AC85: 1848
P86: Capacity per hour per lane | U86: 24 | V86: MM: posted 65 mph, aux lane | W86: 2450 | X86: 2450 | Y86: 2333.3333 | Z86: 2233 | AA86: 2135 | AB86: 2027.6667 | AC86: 1948
M87: 1 lane | N87: 2 lanes | O87: 3 lanes | P87: 4 lanes | Q87: 5 lanes | R87: 6 lanes | S87: 7 lanes | U87: 25 | V87: MM: posted 75 mph, no aux lane | W87: 2100 | X87: 2100 | Y87: 2100 | Z87: 2058 | AA87: 1995 | AB87: 1911 | AC87: 1848
K88: 1 | L88: Centroid Connector | M88: =M56 - M72 -> 0 | N88: =N56 - N72 -> 0 | O88: =O56 - O72 -> 0 | P88: =P56 - P72 -> 0 | Q88: =Q56 - Q72 -> 0 | R88: =R56 - R72 -> 0 | S88: =S56 - S72 -> 0 | U88: 26 | V88: MM: posted 75 mph, aux lane | W88: 2450 | X88: 2450 | Y88: 2333.3333 | Z88: 2233 | AA88: 2135 | AB88: 2027.6667 | AC88: 1948
K89: 2 | L89: Principal Arterial | M89: =M57 - M73 -> 0 | N89: =N57 - N73 -> 0 | O89: =O57 - O73 -> 0 | P89: =P57 - P73 -> 0 | Q89: =Q57 - Q73 -> 0 | R89: =R57 - R73 -> 0 | S89: =S57 - S73 -> 0
K90: 3 | L90: Minor Arterial | M90: =M58 - M74 -> 0 | N90: =N58 - N74 -> 0 | O90: =O58 - O74 -> 0 | P90: =P58 - P74 -> 0 | Q90: =Q58 - Q74 -> 0 | R90: =R58 - R74 -> 0 | S90: =S58 - S74 -> 0 | U90: 32 | V90: Fwy: posted 55-60 mph | W90: 1693.375 | X90: 1693.375 | Y90: 1693.375 | Z90: 1659.5075 | AA90: 1608.7062 | AB90: 1540.9712 | AC90: 1490.17
K91: 4 | L91: Major Collector | M91: =M59 - M75 -> -14.96 | N91: =N59 - N75 -> -7.106 | O91: =O59 - O75 -> -6.8068 | P91: =P59 - P75 -> 0 | Q91: =Q59 - Q75 -> 6.4296947 | R91: =R59 - R75 -> 12.498259 | S91: =S59 - S75 -> 18.221058 | U91: 33 | V91: Fwy: posted 65 mph, no aux lane | W91: 1730.1875 | X91: 1730.1875 | Y91: 1730.1875 | Z91: 1695.5838 | AA91: 1643.6781 | AB91: 1574.4706 | AC91: 1522.565
K92: 5 | L92: Minor Collector | M92: =M60 - M76 -> -10.5 | N92: =N60 - N76 -> -4.9875 | O92: =O60 - O76 -> -4.7775 | P92: =P60 - P76 -> 0 | Q92: =Q60 - Q76 -> 4.5128205 | R92: =R60 - R76 -> 8.7721737 | S92: =S60 - S76 -> 12.788844 | U92: 34 | V92: Fwy: posted 65 mph, aux lane | W92: 2080.1875 | X92: 2080.1875 | Y92: 1963.5208 | Z92: 1870.5838 | AA92: 1783.6781 | AB92: 1691.1373 | AC92: 1622.565
K93: 6 | L93: Local | M93: =M61 - M77 -> -8.4 | N93: =N61 - N77 -> -3.99 | O93: =O61 - O77 -> -3.822 | P93: =P61 - P77 -> 0 | Q93: =Q61 - Q77 -> 3.6102564 | R93: =R61 - R77 -> 7.017739 | S93: =S61 - S77 -> 10.231076 | U93: 35 | V93: Fwy: posted 75 mph, no aux lane | W93: 1767 | X93: 1767 | Y93: 1767 | Z93: 1731.66 | AA93: 1678.65 | AB93: 1607.97 | AC93: 1554.96
K94: 7 | L94: Unpaved | M94: =M62 - M78 -> 0 | N94: =N62 - N78 -> 0 | O94: =O62 - O78 -> 0 | P94: =P62 - P78 -> 0 | Q94: =Q62 - Q78 -> 0 | R94: =R62 - R78 -> 0 | S94: =S62 - S78 -> 0 | U94: 36 | V94: Fwy: posted 75 mph, aux lane | W94: 2117 | X94: 2117 | Y94: 2000.3333 | Z94: 1906.66 | AA94: 1818.65 | AB94: 1724.6367 | AC94: 1654.96
K96: 12 | L96: Expressway, posted 60-70 mph | M96: =M64 - M80 -> 0 | N96: =N64 - N80 -> 0 | O96: =O64 - O80 -> 0 | P96: =P64 - P80 -> 0 | Q96: =Q64 - Q80 -> 0 | R96: =R64 - R80 -> 0 | S96: =S64 - S80 -> 0 | V96: MM: posted 55-60 mph | W96: =W84/W90 - 1 -> 0.24012697 | X96: =X84/X90 - 1 -> 0.24012697 | Y96: =Y84/Y90 - 1 -> 0.24012697 | Z96: =Z84/Z90 - 1 -> 0.24012697 | AA96: =AA84/AA90 - 1 -> 0.24012697 | AB96: =AB84/AB90 - 1 -> 0.24012697 | AC96: =AC84/AC90 - 1 -> 0.24012697
K97: 13 | L97: Expressway, posted 55-65 mph | M97: =M65 - M81 -> 0 | N97: =N65 - N81 -> 0 | O97: =O65 - O81 -> 0 | P97: =P65 - P81 -> 0 | Q97: =Q65 - Q81 -> 0 | R97: =R65 - R81 -> 0 | S97: =S65 - S81 -> 0 | V97: MM: posted 65 mph, no aux lane | W97: =W85/W91 - 1 -> 0.21374129 | X97: =X85/X91 - 1 -> 0.21374129 | Y97: =Y85/Y91 - 1 -> 0.21374129 | Z97: =Z85/Z91 - 1 -> 0.21374129 | AA97: =AA85/AA91 - 1 -> 0.21374129 | AB97: =AB85/AB91 - 1 -> 0.21374129 | AC97: =AC85/AC91 - 1 -> 0.21374129
K98: 14 | L98: Expressway, posted 50-60 mph | M98: =M66 - M82 -> 0 | N98: =N66 - N82 -> 0 | O98: =O66 - O82 -> 0 | P98: =P66 - P82 -> 0 | Q98: =Q66 - Q82 -> 0 | R98: =R66 - R82 -> 0 | S98: =S66 - S82 -> 0 | V98: MM: posted 65 mph, aux lane | W98: =W86/W92 - 1 -> 0.17777845 | X98: =X86/X92 - 1 -> 0.17777845 | Y98: =Y86/Y92 - 1 -> 0.18834152 | Z98: =Z86/Z92 - 1 -> 0.193745 | AA98: =AA86/AA92 - 1 -> 0.19696484 | AB98: =AB86/AB92 - 1 -> 0.19899589 | AC98: =AC86/AC92 - 1 -> 0.20056824
K99: 15 | L99: Expressway, posted 45-55 mph | M99: =M67 - M83 -> 0 | N99: =N67 - N83 -> 0 | O99: =O67 - O83 -> 0 | P99: =P67 - P83 -> 0 | Q99: =Q67 - Q83 -> 0 | R99: =R67 - R83 -> 0 | S99: =S67 - S83 -> 0 | V99: MM: posted 75 mph, no aux lane | W99: =W87/W93 - 1 -> 0.18845501 | X99: =X87/X93 - 1 -> 0.18845501 | Y99: =Y87/Y93 - 1 -> 0.18845501 | Z99: =Z87/Z93 - 1 -> 0.18845501 | AA99: =AA87/AA93 - 1 -> 0.18845501 | AB99: =AB87/AB93 - 1 -> 0.18845501 | AC99: =AC87/AC93 - 1 -> 0.18845501
V100: MM: posted 75 mph, aux lane | W100: =W88/W94 - 1 -> 0.15729806 | X100: =X88/X94 - 1 -> 0.15729806 | Y100: =Y88/Y94 - 1 -> 0.16647225 | Z100: =Z88/Z94 - 1 -> 0.17115794 | AA100: =AA88/AA94 - 1 -> 0.17394771 | AB100: =AB88/AB94 - 1 -> 0.17570657 | AC100: =AC88/AC94 - 1 -> 0.17706772
K101: 1 | L101: Centroid Connector | M101: =M88 / M72 -> 0 | N101: =N88 / N72 -> 0 | O101: =O88 / O72 -> 0 | P101: =P88 / P72 -> 0 | Q101: =Q88 / Q72 -> 0 | R101: =R88 / R72 -> 0 | S101: =S88 / S72 -> 0
K102: 2 | L102: Principal Arterial | M102: =M89 / M73 -> 0 | N102: =N89 / N73 -> 0 | O102: =O89 / O73 -> 0 | P102: =P89 / P73 -> 0 | Q102: =Q89 / Q73 -> 0 | R102: =R89 / R73 -> 0 | S102: =S89 / S73 -> 0 | U102: Difference
K103: 3 | L103: Minor Arterial | M103: =M90 / M74 -> 0 | N103: =N90 / N74 -> 0 | O103: =O90 / O74 -> 0 | P103: =P90 / P74 -> 0 | Q103: =Q90 / Q74 -> 0 | R103: =R90 / R74 -> 0 | S103: =S90 / S74 -> 0 | Z103: Capacity per hour per lane
K104: 4 | L104: Major Collector | M104: =M91 / M75 -> -0.02 | N104: =N91 / N75 -> -0.01 | O104: =O91 / O75 -> -0.01 | P104: =P91 / P75 -> 0 | Q104: =Q91 / Q75 -> 0.01010101 | R104: =R91 / R75 -> 0.020304051 | S104: =S91 / S75 -> 0.030610152 | W104: 1 lane | X104: 2 lanes | Y104: 3 lanes | Z104: 4 lanes | AA104: 5 lanes | AB104: 6 lanes | AC104: 7 lanes
...

Sheet VDF V8.3x
A1: Volume Delay Function Curves v8.3
B3: Fwy | C3: Ramp | D3: Exp | E3: Art | F3: Col | G3: MM | H3: Bng | I3: Art | J3: Col
A4: Typ FFS | B4: 67 | C4: 23 | D4: 50 | E4: 40 | F4: 30 | G4: =B4 -> 67 | H4: 50 | I4: 35 | J4: 20
A5: Coeficient | B5: 0.7 | C5: 0.7 | D5: 0.6 | E5: 0.6 | F5: 0.6 | G5: =B5 -> 0.7 | H5: 0.7 | I5: 0.6 | J5: 0.2
A6: Exponent | B6: 8 | C6: 3 | D6: 6 | E6: 4 | F6: 3 | G6: =B6 -> 8 | H6: 6 | I6: 4 | J6: 5
A7: Max | B7: 1.44 | C7: 1.65 | D7: 1.55 | E7: 1.8 | F7: 1.85 | G7: 1.44
A8: Max V/C ratio (to prevent speeds from getting unrealistically low during assignment)
A10: V/C | B10: =CONCATENATE(B3, " (x=", B5, ", y=", B6, ")") -> Fwy (x=0.7, y=8) | C10: =CONCATENATE(C3, " (x=", C5, ", y=", C6, ")") -> Ramp (x=0.7, y=3) | D10: =CONCATENATE(D3, " (x=", D5, ", y=", D6, ")") -> Exp (x=0.6, y=6) | E10: =CONCATENATE(E3, " (x=", E5, ", y=", E6, ")") -> Art (x=0.6, y=4) | F10: =CONCATENATE(F3, " (x=", F5, ", y=", F6, ")") -> Col (x=0.6, y=3) | G10: =CONCATENATE(G3, " (x=", G5, ", y=", G6, ")") -> MM (x=0.7, y=8) | H10: =CONCATENATE(H3, " (x=", H5, ", y=", H6, ")") -> Bng (x=0.7, y=6) | I10: =CONCATENATE(I3, " (x=", I5, ", y=", I6, ")") -> Art (x=0.6, y=4) | J10: =CONCATENATE(J3, " (x=", J5, ", y=", J6, ")") -> Col (x=0.2, y=5)
A11: 0 | B11: =MAX(IF($A11>B$7, B$4/(1+B$5*(B$7^B$6)), B$4/(1+B$5*($A11^B$6)) ), B$7) -> 67 | C11: =MAX(IF($A11>C$7, C$4/(1+C$5*(C$7^C$6)), C$4/(1+C$5*($A11^C$6)) ), C$7) -> 23 | D11: =MAX(IF($A11>D$7, D$4/(1+D$5*(D$7^D$6)), D$4/(1+D$5*($A11^D$6)) ), D$7) -> 50 | E11: =MAX(IF($A11>E$7, E$4/(1+E$5*(E$7^E$6)), E$4/(1+E$5*($A11^E$6)) ), E$7) -> 40 | F11: =MAX(IF($A11>F$7, F$4/(1+F$5*(F$7^F$6)), F$4/(1+F$5*($A11^F$6)) ), F$7) -> 30 | G11: =MAX(IF($A11>G$7, G$4/(1+G$5*(G$7^G$6)), G$4/(1+G$5*($A11^G$6)) ), G$7) -> 67 | H11: =H$4/(1+H$5*($A11^H$6)) -> 50 | I11: =I$4/(1+I$5*($A11^I$6)) -> 35 | J11: =J$4/(1+J$5*($A11^J$6)) -> 20
A12: 0.1 | B12: =MAX(IF($A12>B$7, B$4/(1+B$5*(B$7^B$6)), B$4/(1+B$5*($A12^B$6)) ), B$7) -> 67 | C12: =MAX(IF($A12>C$7, C$4/(1+C$5*(C$7^C$6)), C$4/(1+C$5*($A12^C$6)) ), C$7) -> 22.983911 | D12: =MAX(IF($A12>D$7, D$4/(1+D$5*(D$7^D$6)), D$4/(1+D$5*($A12^D$6)) ), D$7) -> 49.99997 | E12: =MAX(IF($A12>E$7, E$4/(1+E$5*(E$7^E$6)), E$4/(1+E$5*($A12^E$6)) ), E$7) -> 39.9976 | F12: =MAX(IF($A12>F$7, F$4/(1+F$5*(F$7^F$6)), F$4/(1+F$5*($A12^F$6)) ), F$7) -> 29.982011 | G12: =MAX(IF($A12>G$7, G$4/(1+G$5*(G$7^G$6)), G$4/(1+G$5*($A12^G$6)) ), G$7) -> 67 | H12: =H$4/(1+H$5*($A12^H$6)) -> 49.999965 | I12: =I$4/(1+I$5*($A12^I$6)) -> 34.9979 | J12: =J$4/(1+J$5*($A12^J$6)) -> 19.99996
A13: 0.5 | B13: =MAX(IF($A13>B$7, B$4/(1+B$5*(B$7^B$6)), B$4/(1+B$5*($A13^B$6)) ), B$7) -> 66.817296 | C13: =MAX(IF($A13>C$7, C$4/(1+C$5*(C$7^C$6)), C$4/(1+C$5*($A13^C$6)) ), C$7) -> 21.149425 | D13: =MAX(IF($A13>D$7, D$4/(1+D$5*(D$7^D$6)), D$4/(1+D$5*($A13^D$6)) ), D$7) -> 49.535604 | E13: =MAX(IF($A13>E$7, E$4/(1+E$5*(E$7^E$6)), E$4/(1+E$5*($A13^E$6)) ), E$7) -> 38.554217 | F13: =MAX(IF($A13>F$7, F$4/(1+F$5*(F$7^F$6)), F$4/(1+F$5*($A13^F$6)) ), F$7) -> 27.906977 | G13: =MAX(IF($A13>G$7, G$4/(1+G$5*(G$7^G$6)), G$4/(1+G$5*($A13^G$6)) ), G$7) -> 66.817296 | H13: =H$4/(1+H$5*($A13^H$6)) -> 49.459042 | I13: =I$4/(1+I$5*($A13^I$6)) -> 33.73494 | J13: =J$4/(1+J$5*($A13^J$6)) -> 19.875776
A14: =A13+0.1 -> 0.6 | B14: =MAX(IF($A14>B$7, B$4/(1+B$5*(B$7^B$6)), B$4/(1+B$5*($A14^B$6)) ), B$7) -> 66.221414 | C14: =MAX(IF($A14>C$7, C$4/(1+C$5*(C$7^C$6)), C$4/(1+C$5*($A14^C$6)) ), C$7) -> 19.979152 | D14: =MAX(IF($A14>D$7, D$4/(1+D$5*(D$7^D$6)), D$4/(1+D$5*($A14^D$6)) ), D$7) -> 48.638435 | E14: =MAX(IF($A14>E$7, E$4/(1+E$5*(E$7^E$6)), E$4/(1+E$5*($A14^E$6)) ), E$7) -> 37.114014 | F14: =MAX(IF($A14>F$7, F$4/(1+F$5*(F$7^F$6)), F$4/(1+F$5*($A14^F$6)) ), F$7) -> 26.558074 | G14: =MAX(IF($A14>G$7, G$4/(1+G$5*(G$7^G$6)), G$4/(1+G$5*($A14^G$6)) ), G$7) -> 66.221414 | H14: =H$4/(1+H$5*($A14^H$6)) -> 48.418684 | I14: =I$4/(1+I$5*($A14^I$6)) -> 32.474762 | J14: =J$4/(1+J$5*($A14^J$6)) -> 19.693723
A15: =A14+0.1 -> 0.7 | B15: =MAX(IF($A15>B$7, B$4/(1+B$5*(B$7^B$6)), B$4/(1+B$5*($A15^B$6)) ), B$7) -> 64.40118 | C15: =MAX(IF($A15>C$7, C$4/(1+C$5*(C$7^C$6)), C$4/(1+C$5*($A15^C$6)) ), C$7) -> 18.546891 | D15: =MAX(IF($A15>D$7, D$4/(1+D$5*(D$7^D$6)), D$4/(1+D$5*($A15^D$6)) ), D$7) -> 46.703246 | E15: =MAX(IF($A15>E$7, E$4/(1+E$5*(E$7^E$6)), E$4/(1+E$5*($A15^E$6)) ), E$7) -> 34.963201 | F15: =MAX(IF($A15>F$7, F$4/(1+F$5*(F$7^F$6)), F$4/(1+F$5*($A15^F$6)) ), F$7) -> 24.879748 | G15: =MAX(IF($A15>G$7, G$4/(1+G$5*(G$7^G$6)), G$4/(1+G$5*($A15^G$6)) ), G$7) -> 64.40118 | H15: =H$4/(1+H$5*($A15^H$6)) -> 46.195594 | I15: =I$4/(1+I$5*($A15^I$6)) -> 30.592801 | J15: =J$4/(1+J$5*($A15^J$6)) -> 19.349583
A16: =A15+0.1 -> 0.8 | B16: =MAX(IF($A16>B$7, B$4/(1+B$5*(B$7^B$6)), B$4/(1+B$5*($A16^B$6)) ), B$7) -> 59.958449 | C16: =MAX(IF($A16>C$7, C$4/(1+C$5*(C$7^C$6)), C$4/(1+C$5*($A16^C$6)) ), C$7) -> 16.931684 | D16: =MAX(IF($A16>D$7, D$4/(1+D$5*(D$7^D$6)), D$4/(1+D$5*($A16^D$6)) ), D$7) -> 43.204517 | E16: =MAX(IF($A16>E$7, E$4/(1+E$5*(E$7^E$6)), E$4/(1+E$5*($A16^E$6)) ), E$7) -> 32.108913 | F16: =MAX(IF($A16>F$7, F$4/(1+F$5*(F$7^F$6)), F$4/(1+F$5*($A16^F$6)) ), F$7) -> 22.949816 | G16: =MAX(IF($A16>G$7, G$4/(1+G$5*(G$7^G$6)), G$4/(1+G$5*($A16^G$6)) ), G$7) -> 59.958449 | H16: =H$4/(1+H$5*($A16^H$6)) -> 42.247542 | I16: =I$4/(1+I$5*($A16^I$6)) -> 28.095299 | J16: =J$4/(1+J$5*($A16^J$6)) -> 18.769896
A17: =A16+0.1 -> 0.9 | B17: =MAX(IF($A17>B$7, B$4/(1+B$5*(B$7^B$6)), B$4/(1+B$5*($A17^B$6)) ), B$7) -> 51.485904 | C17: =MAX(IF($A17>C$7, C$4/(1+C$5*(C$7^C$6)), C$4/(1+C$5*($A17^C$6)) ), C$7) -> 15.228762 | D17: =MAX(IF($A17>D$7, D$4/(1+D$5*(D$7^D$6)), D$4/(1+D$5*($A17^D$6)) ), D$7) -> 37.911397 | E17: =MAX(IF($A17>E$7, E$4/(1+E$5*(E$7^E$6)), E$4/(1+E$5*($A17^E$6)) ), E$7) -> 28.701405 | F17: =MAX(IF($A17>F$7, F$4/(1+F$5*(F$7^F$6)), F$4/(1+F$5*($A17^F$6)) ), F$7) -> 20.871017 | G17: =MAX(IF($A17>G$7, G$4/(1+G$5*(G$7^G$6)), G$4/(1+G$5*($A17^G$6)) ), G$7) -> 51.485904 | H17: =H$4/(1+H$5*($A17^H$6)) -> 36.442918 | I17: =I$4/(1+I$5*($A17^I$6)) -> 25.113729 | J17: =J$4/(1+J$5*($A17^J$6)) -> 17.88752
A18: =A17+0.1 -> 1 | B18: =MAX(IF($A18>B$7, B$4/(1+B$5*(B$7^B$6)), B$4/(1+B$5*($A18^B$6)) ), B$7) -> 39.411765 | C18: =MAX(IF($A18>C$7, C$4/(1+C$5*(C$7^C$6)), C$4/(1+C$5*($A18^C$6)) ), C$7) -> 13.529412 | D18: =MAX(IF($A18>D$7, D$4/(1+D$5*(D$7^D$6)), D$4/(1+D$5*($A18^D$6)) ), D$7) -> 31.25 | E18: =MAX(IF($A18>E$7, E$4/(1+E$5*(E$7^E$6)), E$4/(1+E$5*($A18^E$6)) ), E$7) -> 25 | F18: =MAX(IF($A18>F$7, F$4/(1+F$5*(F$7^F$6)), F$4/(1+F$5*($A18^F$6)) ), F$7) -> 18.75 | G18: =MAX(IF($A18>G$7, G$4/(1+G$5*(G$7^G$6)), G$4/(1+G$5*($A18^G$6)) ), G$7) -> 39.411765 | H18: =H$4/(1+H$5*($A18^H$6)) -> 29.411765 | I18: =I$4/(1+I$5*($A18^I$6)) -> 21.875 | J18: =J$4/(1+J$5*($A18^J$6)) -> 16.666667
A19: =A18+0.1 -> 1.1 | B19: =MAX(IF($A19>B$7, B$4/(1+B$5*(B$7^B$6)), B$4/(1+B$5*($A19^B$6)) ), B$7) -> 26.794511 | C19: =MAX(IF($A19>C$7, C$4/(1+C$5*(C$7^C$6)), C$4/(1+C$5*($A19^C$6)) ), C$7) -> 11.906611 | D19: =MAX(IF($A19>D$7, D$4/(1+D$5*(D$7^D$6)), D$4/(1+D$5*($A19^D$6)) ), D$7) -> 24.237294 | E19: =MAX(IF($A19>E$7, E$4/(1+E$5*(E$7^E$6)), E$4/(1+E$5*($A19^E$6)) ), E$7) -> 21.294039 | F19: =MAX(IF($A19>F$7, F$4/(1+F$5*(F$7^F$6)), F$4/(1+F$5*($A19^F$6)) ), F$7) -> 16.67964 | G19: =MAX(IF($A19>G$7, G$4/(1+G$5*(G$7^G$6)), G$4/(1+G$5*($A19^G$6)) ), G$7) -> 26.794511 | H19: =H$4/(1+H$5*($A19^H$6)) -> 22.320505 | I19: =I$4/(1+I$5*($A19^I$6)) -> 18.632284 | J19: =J$4/(1+J$5*($A19^J$6)) -> 15.127426
A20: =A19+0.1 -> 1.2 | B20: =MAX(IF($A20>B$7, B$4/(1+B$5*(B$7^B$6)), B$4/(1+B$5*($A20^B$6)) ), B$7) -> 16.708763 | C20: =MAX(IF($A20>C$7, C$4/(1+C$5*(C$7^C$6)), C$4/(1+C$5*($A20^C$6)) ), C$7) -> 10.409124 | D20: =MAX(IF($A20>D$7, D$4/(1+D$5*(D$7^D$6)), D$4/(1+D$5*($A20^D$6)) ), D$7) -> 17.910937 | E20: =MAX(IF($A20>E$7, E$4/(1+E$5*(E$7^E$6)), E$4/(1+E$5*($A20^E$6)) ), E$7) -> 17.824041 | F20: =MAX(IF($A20>F$7, F$4/(1+F$5*(F$7^F$6)), F$4/(1+F$5*($A20^F$6)) ), F$7) -> 14.728987 | G20: =MAX(IF($A20>G$7, G$4/(1+G$5*(G$7^G$6)), G$4/(1+G$5*($A20^G$6)) ), G$7) -> 16.708763 | H20: =H$4/(1+H$5*($A20^H$6)) -> 16.180241 | I20: =I$4/(1+I$5*($A20^I$6)) -> 15.596036 | J20: =J$4/(1+J$5*($A20^J$6)) -> 13.35413
A21: =A20+0.1 -> 1.3 | B21: =MAX(IF($A21>B$7, B$4/(1+B$5*(B$7^B$6)), B$4/(1+B$5*($A21^B$6)) ), B$7) -> 9.9849257 | C21: =MAX(IF($A21>C$7, C$4/(1+C$5*(C$7^C$6)), C$4/(1+C$5*($A21^C$6)) ), C$7) -> 9.0626108 | D21: =MAX(IF($A21>D$7, D$4/(1+D$5*(D$7^D$6)), D$4/(1+D$5*($A21^D$6)) ), D$7) -> 12.833394 | E21: =MAX(IF($A21>E$7, E$4/(1+E$5*(E$7^E$6)), E$4/(1+E$5*($A21^E$6)) ), E$7) -> 14.74024 | F21: =MAX(IF($A21>F$7, F$4/(1+F$5*(F$7^F$6)), F$4/(1+F$5*($A21^F$6)) ), F$7) -> 12.941075 | G21: =MAX(IF($A21>G$7, G$4/(1+G$5*(G$7^G$6)), G$4/(1+G$5*($A21^G$6)) ), G$7) -> 9.9849257 | H21: =H$4/(1+H$5*($A21^H$6)) -> 11.418741 | I21: =I$4/(1+I$5*($A21^I$6)) -> 12.89771 | J21: =J$4/(1+J$5*($A21^J$6)) -> 11.477195
A22: =A21+0.1 -> 1.4 | B22: =MAX(IF($A22>B$7, B$4/(1+B$5*(B$7^B$6)), B$4/(1+B$5*($A22^B$6)) ), B$7) -> 5.9132308 | C22: =MAX(IF($A22>C$7, C$4/(1+C$5*(C$7^C$6)), C$4/(1+C$5*($A22^C$6)) ), C$7) -> 7.8745549 | D22: =MAX(IF($A22>D$7, D$4/(1+D$5*(D$7^D$6)), D$4/(1+D$5*($A22^D$6)) ), D$7) -> 9.0617113 | E22: =MAX(IF($A22>E$7, E$4/(1+E$5*(E$7^E$6)), E$4/(1+E$5*($A22^E$6)) ), E$7) -> 12.103021 | F22: =MAX(IF($A22>F$7, F$4/(1+F$5*(F$7^F$6)), F$4/(1+F$5*($A22^F$6)) ), F$7) -> 11.336155 | G22: =MAX(IF($A22>G$7, G$4/(1+G$5*(G$7^G$6)), G$4/(1+G$5*($A22^G$6)) ), G$7) -> 5.9132308 | H22: =H$4/(1+H$5*($A22^H$6)) -> 7.973623 | I22: =I$4/(1+I$5*($A22^I$6)) -> 10.590143 | J22: =J$4/(1+J$5*($A22^J$6)) -> 9.6355451
A23: =A22+0.1 -> 1.5 | B23: =MAX(IF($A23>B$7, B$4/(1+B$5*(B$7^B$6)), B$4/(1+B$5*($A23^B$6)) ), B$7) -> 4.8056584 | C23: =MAX(IF($A23>C$7, C$4/(1+C$5*(C$7^C$6)), C$4/(1+C$5*($A23^C$6)) ), C$7) -> 6.8401487 | D23: =MAX(IF($A23>D$7, D$4/(1+D$5*(D$7^D$6)), D$4/(1+D$5*($A23^D$6)) ), D$7) -> 6.38213 | E23: =MAX(IF($A23>E$7, E$4/(1+E$5*(E$7^E$6)), E$4/(1+E$5*($A23^E$6)) ), E$7) -> 9.9071207 | F23: =MAX(IF($A23>F$7, F$4/(1+F$5*(F$7^F$6)), F$4/(1+F$5*($A23^F$6)) ), F$7) -> 9.9173554 | G23: =MAX(IF($A23>G$7, G$4/(1+G$5*(G$7^G$6)), G$4/(1+G$5*($A23^G$6)) ), G$7) -> 4.8056584 | H23: =H$4/(1+H$5*($A23^H$6)) -> 5.5720007 | I23: =I$4/(1+I$5*($A23^I$6)) -> 8.6687307 | J23: =J$4/(1+J$5*($A23^J$6)) -> 7.9404467
A24: =A23+0.1 -> 1.6 | B24: =MAX(IF($A24>B$7, B$4/(1+B$5*(B$7^B$6)), B$4/(1+B$5*($A24^B$6)) ), B$7) -> 4.8056584 | C24: =MAX(IF($A24>C$7, C$4/(1+C$5*(C$7^C$6)), C$4/(1+C$5*($A24^C$6)) ), C$7) -> 5.9474555 | D24: =MAX(IF($A24>D$7, D$4/(1+D$5*(D$7^D$6)), D$4/(1+D$5*($A24^D$6)) ), D$7) -> 5.3646071 | E24: =MAX(IF($A24>E$7, E$4/(1+E$5*(E$7^E$6)), E$4/(1+E$5*($A24^E$6)) ), E$7) -> 8.110037 | F24: =MAX(IF($A24>F$7, F$4/(1+F$5*(F$7^F$6)), F$4/(1+F$5*($A24^F$6)) ), F$7) -> 8.6765386 | G24: =MAX(IF($A24>G$7, G$4/(1+G$5*(G$7^G$6)), G$4/(1+G$5*($A24^G$6)) ), G$7) -> 4.8056584 | H24: =H$4/(1+H$5*($A24^H$6)) -> 3.9233992 | I24: =I$4/(1+I$5*($A24^I$6)) -> 7.0962824 | J24: =J$4/(1+J$5*($A24^J$6)) -> 6.4575455
A25: =A24+0.1 -> 1.7 | B25: =MAX(IF($A25>B$7, B$4/(1+B$5*(B$7^B$6)), B$4/(1+B$5*($A25^B$6)) ), B$7) -> 4.8056584 | C25: =MAX(IF($A25>C$7, C$4/(1+C$5*(C$7^C$6)), C$4/(1+C$5*($A25^C$6)) ), C$7) -> 5.5495402 | D25: =MAX(IF($A25>D$7, D$4/(1+D$5*(D$7^D$6)), D$4/(1+D$5*($A25^D$6)) ), D$7) -> 5.3646071 | E25: =MAX(IF($A25>E$7, E$4/(1+E$5*(E$7^E$6)), E$4/(1+E$5*($A25^E$6)) ), E$7) -> 6.654179 | F25: =MAX(IF($A25>F$7, F$4/(1+F$5*(F$7^F$6)), F$4/(1+F$5*($A25^F$6)) ), F$7) -> 7.5991692 | G25: =MAX(IF($A25>G$7, G$4/(1+G$5*(G$7^G$6)), G$4/(1+G$5*($A25^G$6)) ), G$7) -> 4.8056584 | H25: =H$4/(1+H$5*($A25^H$6)) -> 2.7938739 | I25: =I$4/(1+I$5*($A25^I$6)) -> 5.8224066 | J25: =J$4/(1+J$5*($A25^J$6)) -> 5.2087213
A26: 2 | B26: =MAX(IF($A26>B$7, B$4/(1+B$5*(B$7^B$6)), B$4/(1+B$5*($A26^B$6)) ), B$7) -> 4.8056584 | C26: =MAX(IF($A26>C$7, C$4/(1+C$5*(C$7^C$6)), C$4/(1+C$5*($A26^C$6)) ), C$7) -> 5.5495402 | D26: =MAX(IF($A26>D$7, D$4/(1+D$5*(D$7^D$6)), D$4/(1+D$5*($A26^D$6)) ), D$7) -> 5.3646071 | E26: =MAX(IF($A26>E$7, E$4/(1+E$5*(E$7^E$6)), E$4/(1+E$5*($A26^E$6)) ), E$7) -> 5.4805331 | F26: =MAX(IF($A26>F$7, F$4/(1+F$5*(F$7^F$6)), F$4/(1+F$5*($A26^F$6)) ), F$7) -> 6.2513349 | G26: =MAX(IF($A26>G$7, G$4/(1+G$5*(G$7^G$6)), G$4/(1+G$5*($A26^G$6)) ), G$7) -> 4.8056584 | H26: =H$4/(1+H$5*($A26^H$6)) -> 1.0917031 | I26: =I$4/(1+I$5*($A26^I$6)) -> 3.3018868 | J26: =J$4/(1+J$5*($A26^J$6)) -> 2.7027027
A27: 2.5 | B27: =MAX(IF($A27>B$7, B$4/(1+B$5*(B$7^B$6)), B$4/(1+B$5*($A27^B$6)) ), B$7) -> 4.8056584 | C27: =MAX(IF($A27>C$7, C$4/(1+C$5*(C$7^C$6)), C$4/(1+C$5*($A27^C$6)) ), C$7) -> 5.5495402 | D27: =MAX(IF($A27>D$7, D$4/(1+D$5*(D$7^D$6)), D$4/(1+D$5*($A27^D$6)) ), D$7) -> 5.3646071 | E27: =MAX(IF($A27>E$7, E$4/(1+E$5*(E$7^E$6)), E$4/(1+E$5*($A27^E$6)) ), E$7) -> 5.4805331 | F27: =MAX(IF($A27>F$7, F$4/(1+F$5*(F$7^F$6)), F$4/(1+F$5*($A27^F$6)) ), F$7) -> 6.2513349 | G27: =MAX(IF($A27>G$7, G$4/(1+G$5*(G$7^G$6)), G$4/(1+G$5*($A27^G$6)) ), G$7) -> 4.8056584 | H27: =H$4/(1+H$5*($A27^H$6)) -> 0.29086943 | I27: =I$4/(1+I$5*($A27^I$6)) -> 1.4322251 | J27: =J$4/(1+J$5*($A27^J$6)) -> 0.97412481
A29: All VDF's are of the standard BPR form, but vary in their parameters
A30: TC[1]=BASE_TIME*(1 + 0.15*(V/C)^4)
A31: SpdC = SFF / (1+ coef*(V/C)^exp)

Sheet Cap1hr1ln V8.3x
A1: Capacity v8.3
AI2: How much of the daily volume is assumed to occur in the peak hour?
A3: FT | B3: Functional Type | D3: Capacity per hour per lane | I3: Area Type | AI3: 0.09 | AJ3: (used in calculation of Equiv. AWDT)
A4: 1 | B4: Centroid Connector | D4: 10000 | I4: Suburban
F6: Capacity per hour per lane | Z6: Rural | AA6: Transition | AB6: Suburban | AC6: Urban | AD6: CBD | AJ6: Daily two-way capacity
C7: 1 lane | D7: 2 lanes | E7: 3 lanes | F7: 4 lanes | G7: 5 lanes | H7: 6 lanes | I7: 7 lanes | W7: =B8 & ", " & D7 -> Principal Arterial, 2 lanes | Z7: =VLOOKUP($B8,ArtExpFactors,2,FALSE)*VLOOKUP($B8,ArtExpFactors,3,FALSE)*SUMIFS($D$67:$D$68,$B$67:$B$68,"*"&RIGHT($B8,4))*SUMIFS($D$72:$D$74,$B$72:$B$74,"*"&RIGHT($B8,4))*VLOOKUP($B8,ArtExpFactors,4,FALSE)*C$78 -> 1022.1354 | AA7: =VLOOKUP($B8,ArtExpFactors,2,FALSE)*VLOOKUP($B8,ArtExpFactors,3,FALSE)*SUMIFS($D$67:$D$68,$B$67:$B$68,"*"&RIGHT($B8,4))*SUMIFS($D$72:$D$74,$B$72:$B$74,"*"&RIGHT($B8,4))*VLOOKUP($B8,ArtExpFactors,4,FALSE)*D$78 -> 975.6747 | AB7: =VLOOKUP($B8,ArtExpFactors,2,FALSE)*VLOOKUP($B8,ArtExpFactors,3,FALSE)*SUMIFS($D$67:$D$68,$B$67:$B$68,"*"&RIGHT($B8,4))*SUMIFS($D$72:$D$74,$B$72:$B$74,"*"&RIGHT($B8,4))*VLOOKUP($B8,ArtExpFactors,4,FALSE)*E$78 -> 929.214 | AC7: =VLOOKUP($B8,ArtExpFactors,2,FALSE)*VLOOKUP($B8,ArtExpFactors,3,FALSE)*SUMIFS($D$67:$D$68,$B$67:$B$68,"*"&RIGHT($B8,4))*SUMIFS($D$72:$D$74,$B$72:$B$74,"*"&RIGHT($B8,4))*VLOOKUP($B8,ArtExpFactors,4,FALSE)*F$78 -> 882.7533 | AD7: =VLOOKUP($B8,ArtExpFactors,2,FALSE)*VLOOKUP($B8,ArtExpFactors,3,FALSE)*SUMIFS($D$67:$D$68,$B$67:$B$68,"*"&RIGHT($B8,4))*SUMIFS($D$72:$D$74,$B$72:$B$74,"*"&RIGHT($B8,4))*VLOOKUP($B8,ArtExpFactors,4,FALSE)*G$78 -> 836.2926 | AI7: 1 lane | AJ7: 2 lanes | AK7: 3 lanes
A8: 2 | B8: Principal Arterial | C8: =VLOOKUP($B8,ArtExpFactors,2,FALSE)*VLOOKUP($B8,ArtExpFactors,3,FALSE)*SUMIFS(C$67:C$68,$B$67:$B$68,"*"&RIGHT($B8,4))*SUMIFS(C$72:C$74,$B$72:$B$74,"*"&RIGHT($B8,4))*VLOOKUP($B8,ArtExpFactors,4,FALSE)*HLOOKUP($I$4,ATypeCap,2,FALSE) -> 968.24 | D8: =VLOOKUP($B8,ArtExpFactors,2,FALSE)*VLOOKUP($B8,ArtExpFactors,3,FALSE)*SUMIFS(D$67:D$68,$B$67:$B$68,"*"&RIGHT($B8,4))*SUMIFS(D$72:D$74,$B$72:$B$74,"*"&RIGHT($B8,4))*VLOOKUP($B8,ArtExpFactors,4,FALSE)*HLOOKUP($I$4,ATypeCap,2,FALSE) -> 929.214 | E8: =VLOOKUP($B8,ArtExpFactors,2,FALSE)*VLOOKUP($B8,ArtExpFactors,3,FALSE)*SUMIFS(E$67:E$68,$B$67:$B$68,"*"&RIGHT($B8,4))*SUMIFS(E$72:E$74,$B$72:$B$74,"*"&RIGHT($B8,4))*VLOOKUP($B8,ArtExpFactors,4,FALSE)*HLOOKUP($I$4,ATypeCap,2,FALSE) -> 890.0892 | F8: =VLOOKUP($B8,ArtExpFactors,2,FALSE)*VLOOKUP($B8,ArtExpFactors,3,FALSE)*SUMIFS(F$67:F$68,$B$67:$B$68,"*"&RIGHT($B8,4))*SUMIFS(F$72:F$74,$B$72:$B$74,"*"&RIGHT($B8,4))*VLOOKUP($B8,ArtExpFactors,4,FALSE)*HLOOKUP($I$4,ATypeCap,2,FALSE) -> 869.44 | G8: =F8*F8/E8 -> 849.26984 | H8: =G8*G8/F8 -> 829.56761 | I8: =H8*H8/G8 -> 810.32245 | W8: =B8 & ", " & E7 -> Principal Arterial, 3 lanes | Z8: =VLOOKUP($B8,ArtExpFactors,2,FALSE)*VLOOKUP($B8,ArtExpFactors,3,FALSE)*SUMIFS($E$67:$E$68,$B$67:$B$68,"*"&RIGHT($B8,4))*SUMIFS($E$72:$E$74,$B$72:$B$74,"*"&RIGHT($B8,4))*VLOOKUP($B8,ArtExpFactors,4,FALSE)*C$78 -> 979.09812 | AA8: =VLOOKUP($B8,ArtExpFactors,2,FALSE)*VLOOKUP($B8,ArtExpFactors,3,FALSE)*SUMIFS($E$67:$E$68,$B$67:$B$68,"*"&RIGHT($B8,4))*SUMIFS($E$72:$E$74,$B$72:$B$74,"*"&RIGHT($B8,4))*VLOOKUP($B8,ArtExpFactors,4,FALSE)*D$78 -> 934.59366 | AB8: =VLOOKUP($B8,ArtExpFactors,2,FALSE)*VLOOKUP($B8,ArtExpFactors,3,FALSE)*SUMIFS($E$67:$E$68,$B$67:$B$68,"*"&RIGHT($B8,4))*SUMIFS($E$72:$E$74,$B$72:$B$74,"*"&RIGHT($B8,4))*VLOOKUP($B8,ArtExpFactors,4,FALSE)*E$78 -> 890.0892 | AC8: =VLOOKUP($B8,ArtExpFactors,2,FALSE)*VLOOKUP($B8,ArtExpFactors,3,FALSE)*SUMIFS($E$67:$E$68,$B$67:$B$68,"*"&RIGHT($B8,4))*SUMIFS($E$72:$E$74,$B$72:$B$74,"*"&RIGHT($B8,4))*VLOOKUP($B8,ArtExpFactors,4,FALSE)*F$78 -> 845.58474 | AD8: =VLOOKUP($B8,ArtExpFactors,2,FALSE)*VLOOKUP($B8,ArtExpFactors,3,FALSE)*SUMIFS($E$67:$E$68,$B$67:$B$68,"*"&RIGHT($B8,4))*SUMIFS($E$72:$E$74,$B$72:$B$74,"*"&RIGHT($B8,4))*VLOOKUP($B8,ArtExpFactors,4,FALSE)*G$78 -> 801.08028 | AI8: =IFERROR(ROUND(C8/$AI$3*2*LEFT(AI$7,1),-3),"") -> 22000 | AJ8: =IFERROR(ROUND(D8/$AI$3*2*LEFT(AJ$7,1),-3),"") -> 41000 | AK8: =IFERROR(ROUND(E8/$AI$3*2*LEFT(AK$7,1),-3),"") -> 59000
A9: 3 | B9: Minor Arterial | C9: =VLOOKUP($B9,ArtExpFactors,2,FALSE)*VLOOKUP($B9,ArtExpFactors,3,FALSE)*SUMIFS(C$67:C$68,$B$67:$B$68,"*"&RIGHT($B9,4))*SUMIFS(C$72:C$74,$B$72:$B$74,"*"&RIGHT($B9,4))*VLOOKUP($B9,ArtExpFactors,4,FALSE)*HLOOKUP($I$4,ATypeCap,2,FALSE) -> 893.76 | D9: =VLOOKUP($B9,ArtExpFactors,2,FALSE)*VLOOKUP($B9,ArtExpFactors,3,FALSE)*SUMIFS(D$67:D$68,$B$67:$B$68,"*"&RIGHT($B9,4))*SUMIFS(D$72:D$74,$B$72:$B$74,"*"&RIGHT($B9,4))*VLOOKUP($B9,ArtExpFactors,4,FALSE)*HLOOKUP($I$4,ATypeCap,2,FALSE) -> 857.736 | E9: =VLOOKUP($B9,ArtExpFactors,2,FALSE)*VLOOKUP($B9,ArtExpFactors,3,FALSE)*SUMIFS(E$67:E$68,$B$67:$B$68,"*"&RIGHT($B9,4))*SUMIFS(E$72:E$74,$B$72:$B$74,"*"&RIGHT($B9,4))*VLOOKUP($B9,ArtExpFactors,4,FALSE)*HLOOKUP($I$4,ATypeCap,2,FALSE) -> 821.6208 | F9: =VLOOKUP($B9,ArtExpFactors,2,FALSE)*VLOOKUP($B9,ArtExpFactors,3,FALSE)*SUMIFS(F$67:F$68,$B$67:$B$68,"*"&RIGHT($B9,4))*SUMIFS(F$72:F$74,$B$72:$B$74,"*"&RIGHT($B9,4))*VLOOKUP($B9,ArtExpFactors,4,FALSE)*HLOOKUP($I$4,ATypeCap,2,FALSE) -> 802.56 | G9: =F9*F9/E9 -> 783.94139 | H9: =G9*G9/F9 -> 765.75472 | I9: =H9*H9/G9 -> 747.98996 | W9: =B9 & ", " & D7 -> Minor Arterial, 2 lanes | Z9: =VLOOKUP($B9,ArtExpFactors,2,FALSE)*VLOOKUP($B9,ArtExpFactors,3,FALSE)*SUMIFS($D$67:$D$68,$B$67:$B$68,"*"&RIGHT($B9,4))*SUMIFS($D$72:$D$74,$B$72:$B$74,"*"&RIGHT($B9,4))*VLOOKUP($B9,ArtExpFactors,4,FALSE)*C$78 -> 943.5096 | AA9: =VLOOKUP($B9,ArtExpFactors,2,FALSE)*VLOOKUP($B9,ArtExpFactors,3,FALSE)*SUMIFS($D$67:$D$68,$B$67:$B$68,"*"&RIGHT($B9,4))*SUMIFS($D$72:$D$74,$B$72:$B$74,"*"&RIGHT($B9,4))*VLOOKUP($B9,ArtExpFactors,4,FALSE)*D$78 -> 900.6228 | AB9: =VLOOKUP($B9,ArtExpFactors,2,FALSE)*VLOOKUP($B9,ArtExpFactors,3,FALSE)*SUMIFS($D$67:$D$68,$B$67:$B$68,"*"&RIGHT($B9,4))*SUMIFS($D$72:$D$74,$B$72:$B$74,"*"&RIGHT($B9,4))*VLOOKUP($B9,ArtExpFactors,4,FALSE)*E$78 -> 857.736 | AC9: =VLOOKUP($B9,ArtExpFactors,2,FALSE)*VLOOKUP($B9,ArtExpFactors,3,FALSE)*SUMIFS($D$67:$D$68,$B$67:$B$68,"*"&RIGHT($B9,4))*SUMIFS($D$72:$D$74,$B$72:$B$74,"*"&RIGHT($B9,4))*VLOOKUP($B9,ArtExpFactors,4,FALSE)*F$78 -> 814.8492 | AD9: =VLOOKUP($B9,ArtExpFactors,2,FALSE)*VLOOKUP($B9,ArtExpFactors,3,FALSE)*SUMIFS($D$67:$D$68,$B$67:$B$68,"*"&RIGHT($B9,4))*SUMIFS($D$72:$D$74,$B$72:$B$74,"*"&RIGHT($B9,4))*VLOOKUP($B9,ArtExpFactors,4,FALSE)*G$78 -> 771.9624 | AI9: =IFERROR(ROUND(C9/$AI$3*2*LEFT(AI$7,1),-3),"") -> 20000 | AJ9: =IFERROR(ROUND(D9/$AI$3*2*LEFT(AJ$7,1),-3),"") -> 38000 | AK9: =IFERROR(ROUND(E9/$AI$3*2*LEFT(AK$7,1),-3),"") -> 55000
A10: 4 | B10: Major Collector | C10: =VLOOKUP($B10,ArtExpFactors,2,FALSE)*VLOOKUP($B10,ArtExpFactors,3,FALSE)*SUMIFS(C$67:C$68,$B$67:$B$68,"*"&RIGHT($B10,4))*SUMIFS(C$72:C$74,$B$72:$B$74,"*"&RIGHT($B10,4))*VLOOKUP($B10,ArtExpFactors,4,FALSE)*HLOOKUP($I$4,ATypeCap,2,FALSE) -> 748 | D10: =VLOOKUP($B10,ArtExpFactors,2,FALSE)*VLOOKUP($B10,ArtExpFactors,3,FALSE)*SUMIFS(D$67:D$68,$B$67:$B$68,"*"&RIGHT($B10,4))*SUMIFS(D$72:D$74,$B$72:$B$74,"*"&RIGHT($B10,4))*VLOOKUP($B10,ArtExpFactors,4,FALSE)*HLOOKUP($I$4,ATypeCap,2,FALSE) -> 710.6 | E10: =VLOOKUP($B10,ArtExpFactors,2,FALSE)*VLOOKUP($B10,ArtExpFactors,3,FALSE)*SUMIFS(E$67:E$68,$B$67:$B$68,"*"&RIGHT($B10,4))*SUMIFS(E$72:E$74,$B$72:$B$74,"*"&RIGHT($B10,4))*VLOOKUP($B10,ArtExpFactors,4,FALSE)*HLOOKUP($I$4,ATypeCap,2,FALSE) -> 680.68 | F10: =VLOOKUP($B10,ArtExpFactors,2,FALSE)*VLOOKUP($B10,ArtExpFactors,3,FALSE)*SUMIFS(F$67:F$68,$B$67:$B$68,"*"&RIGHT($B10,4))*SUMIFS(F$72:F$74,$B$72:$B$74,"*"&RIGHT($B10,4))*VLOOKUP($B10,ArtExpFactors,4,FALSE)*HLOOKUP($I$4,ATypeCap,2,FALSE) -> 658.24 | G10: =F10*F10/E10 -> 636.53978 | H10: =G10*G10/F10 -> 615.55495 | I10: =H10*H10/G10 -> 595.26193 | W10: =B9 & ", " & E7 -> Minor Arterial, 3 lanes | Z10: =VLOOKUP($B9,ArtExpFactors,2,FALSE)*VLOOKUP($B9,ArtExpFactors,3,FALSE)*SUMIFS($E$67:$E$68,$B$67:$B$68,"*"&RIGHT($B9,4))*SUMIFS($E$72:$E$74,$B$72:$B$74,"*"&RIGHT($B9,4))*VLOOKUP($B9,ArtExpFactors,4,FALSE)*C$78 -> 903.78288 | AA10: =VLOOKUP($B9,ArtExpFactors,2,FALSE)*VLOOKUP($B9,ArtExpFactors,3,FALSE)*SUMIFS($E$67:$E$68,$B$67:$B$68,"*"&RIGHT($B9,4))*SUMIFS($E$72:$E$74,$B$72:$B$74,"*"&RIGHT($B9,4))*VLOOKUP($B9,ArtExpFactors,4,FALSE)*D$78 -> 862.70184 | AB10: =VLOOKUP($B9,ArtExpFactors,2,FALSE)*VLOOKUP($B9,ArtExpFactors,3,FALSE)*SUMIFS($E$67:$E$68,$B$67:$B$68,"*"&RIGHT($B9,4))*SUMIFS($E$72:$E$74,$B$72:$B$74,"*"&RIGHT($B9,4))*VLOOKUP($B9,ArtExpFactors,4,FALSE)*E$78 -> 821.6208 | AC10: =VLOOKUP($B9,ArtExpFactors,2,FALSE)*VLOOKUP($B9,ArtExpFactors,3,FALSE)*SUMIFS($E$67:$E$68,$B$67:$B$68,"*"&RIGHT($B9,4))*SUMIFS($E$72:$E$74,$B$72:$B$74,"*"&RIGHT($B9,4))*VLOOKUP($B9,ArtExpFactors,4,FALSE)*F$78 -> 780.53976 | AD10: =VLOOKUP($B9,ArtExpFactors,2,FALSE)*VLOOKUP($B9,ArtExpFactors,3,FALSE)*SUMIFS($E$67:$E$68,$B$67:$B$68,"*"&RIGHT($B9,4))*SUMIFS($E$72:$E$74,$B$72:$B$74,"*"&RIGHT($B9,4))*VLOOKUP($B9,ArtExpFactors,4,FALSE)*G$78 -> 739.45872 | AI10: =IFERROR(ROUND(C10/$AI$3*2*LEFT(AI$7,1),-3),"") -> 17000 | AJ10: =IFERROR(ROUND(D10/$AI$3*2*LEFT(AJ$7,1),-3),"") -> 32000 | AK10: =IFERROR(ROUND(E10/$AI$3*2*LEFT(AK$7,1),-3),"") -> 45000
A11: 5 | B11: Minor Collector | C11: =VLOOKUP($B11,ArtExpFactors,2,FALSE)*VLOOKUP($B11,ArtExpFactors,3,FALSE)*SUMIFS(C$67:C$68,$B$67:$B$68,"*"&RIGHT($B11,4))*SUMIFS(C$72:C$74,$B$72:$B$74,"*"&RIGHT($B11,4))*VLOOKUP($B11,ArtExpFactors,4,FALSE)*HLOOKUP($I$4,ATypeCap,2,FALSE) -> 525 | D11: =VLOOKUP($B11,ArtExpFactors,2,FALSE)*VLOOKUP($B11,ArtExpFactors,3,FALSE)*SUMIFS(D$67:D$68,$B$67:$B$68,"*"&RIGHT($B11,4))*SUMIFS(D$72:D$74,$B$72:$B$74,"*"&RIGHT($B11,4))*VLOOKUP($B11,ArtExpFactors,4,FALSE)*HLOOKUP($I$4,ATypeCap,2,FALSE) -> 498.75 | E11: =VLOOKUP($B11,ArtExpFactors,2,FALSE)*VLOOKUP($B11,ArtExpFactors,3,FALSE)*SUMIFS(E$67:E$68,$B$67:$B$68,"*"&RIGHT($B11,4))*SUMIFS(E$72:E$74,$B$72:$B$74,"*"&RIGHT($B11,4))*VLOOKUP($B11,ArtExpFactors,4,FALSE)*HLOOKUP($I$4,ATypeCap,2,FALSE) -> 477.75 | F11: =VLOOKUP($B11,ArtExpFactors,2,FALSE)*VLOOKUP($B11,ArtExpFactors,3,FALSE)*SUMIFS(F$67:F$68,$B$67:$B$68,"*"&RIGHT($B11,4))*SUMIFS(F$72:F$74,$B$72:$B$74,"*"&RIGHT($B11,4))*VLOOKUP($B11,ArtExpFactors,4,FALSE)*HLOOKUP($I$4,ATypeCap,2,FALSE) -> 462 | G11: =F11*F11/E11 -> 446.76923 | H11: =G11*G11/F11 -> 432.04057 | I11: =H11*H11/G11 -> 417.79748 | W11: =B10 & ", " & C7 -> Major Collector, 1 lane | Z11: =VLOOKUP($B10,ArtExpFactors,2,FALSE)*VLOOKUP($B10,ArtExpFactors,3,FALSE)*SUMIFS($C$67:$C$68,$B$67:$B$68,"*"&RIGHT($B10,4))*SUMIFS($C$72:$C$74,$B$72:$B$74,"*"&RIGHT($B10,4))*VLOOKUP($B10,ArtExpFactors,4,FALSE)*C$78 -> 822.8 | AA11: =VLOOKUP($B10,ArtExpFactors,2,FALSE)*VLOOKUP($B10,ArtExpFactors,3,FALSE)*SUMIFS($C$67:$C$68,$B$67:$B$68,"*"&RIGHT($B10,4))*SUMIFS($C$72:$C$74,$B$72:$B$74,"*"&RIGHT($B10,4))*VLOOKUP($B10,ArtExpFactors,4,FALSE)*D$78 -> 785.4 | AB11: =VLOOKUP($B10,ArtExpFactors,2,FALSE)*VLOOKUP($B10,ArtExpFactors,3,FALSE)*SUMIFS($C$67:$C$68,$B$67:$B$68,"*"&RIGHT($B10,4))*SUMIFS($C$72:$C$74,$B$72:$B$74,"*"&RIGHT($B10,4))*VLOOKUP($B10,ArtExpFactors,4,FALSE)*E$78 -> 748 | AC11: =VLOOKUP($B10,ArtExpFactors,2,FALSE)*VLOOKUP($B10,ArtExpFactors,3,FALSE)*SUMIFS($C$67:$C$68,$B$67:$B$68,"*"&RIGHT($B10,4))*SUMIFS($C$72:$C$74,$B$72:$B$74,"*"&RIGHT($B10,4))*VLOOKUP($B10,ArtExpFactors,4,FALSE)*F$78 -> 710.6 | AD11: =VLOOKUP($B10,ArtExpFactors,2,FALSE)*VLOOKUP($B10,ArtExpFactors,3,FALSE)*SUMIFS($C$67:$C$68,$B$67:$B$68,"*"&RIGHT($B10,4))*SUMIFS($C$72:$C$74,$B$72:$B$74,"*"&RIGHT($B10,4))*VLOOKUP($B10,ArtExpFactors,4,FALSE)*G$78 -> 673.2 | AI11: =IFERROR(ROUND(C11/$AI$3*2*LEFT(AI$7,1),-3),"") -> 12000 | AJ11: =IFERROR(ROUND(D11/$AI$3*2*LEFT(AJ$7,1),-3),"") -> 22000 | AK11: =IFERROR(ROUND(E11/$AI$3*2*LEFT(AK$7,1),-3),"") -> 32000
A12: 6 | B12: Local | C12: =C11*0.8 -> 420 | D12: =D11*0.8 -> 399 | E12: =E11*0.8 -> 382.2 | F12: =F11*0.8 -> 369.6 | G12: =G11*0.8 -> 357.41538 | H12: =H11*0.8 -> 345.63246 | I12: =I11*0.8 -> 334.23798 | W12: =B10 & ", " & D7 -> Major Collector, 2 lanes | Z12: =VLOOKUP($B10,ArtExpFactors,2,FALSE)*VLOOKUP($B10,ArtExpFactors,3,FALSE)*SUMIFS($D$67:$D$68,$B$67:$B$68,"*"&RIGHT($B10,4))*SUMIFS($D$72:$D$74,$B$72:$B$74,"*"&RIGHT($B10,4))*VLOOKUP($B10,ArtExpFactors,4,FALSE)*C$78 -> 781.66 | AA12: =VLOOKUP($B10,ArtExpFactors,2,FALSE)*VLOOKUP($B10,ArtExpFactors,3,FALSE)*SUMIFS($D$67:$D$68,$B$67:$B$68,"*"&RIGHT($B10,4))*SUMIFS($D$72:$D$74,$B$72:$B$74,"*"&RIGHT($B10,4))*VLOOKUP($B10,ArtExpFactors,4,FALSE)*D$78 -> 746.13 | AB12: =VLOOKUP($B10,ArtExpFactors,2,FALSE)*VLOOKUP($B10,ArtExpFactors,3,FALSE)*SUMIFS($D$67:$D$68,$B$67:$B$68,"*"&RIGHT($B10,4))*SUMIFS($D$72:$D$74,$B$72:$B$74,"*"&RIGHT($B10,4))*VLOOKUP($B10,ArtExpFactors,4,FALSE)*E$78 -> 710.6 | AC12: =VLOOKUP($B10,ArtExpFactors,2,FALSE)*VLOOKUP($B10,ArtExpFactors,3,FALSE)*SUMIFS($D$67:$D$68,$B$67:$B$68,"*"&RIGHT($B10,4))*SUMIFS($D$72:$D$74,$B$72:$B$74,"*"&RIGHT($B10,4))*VLOOKUP($B10,ArtExpFactors,4,FALSE)*F$78 -> 675.07 | AD12: =VLOOKUP($B10,ArtExpFactors,2,FALSE)*VLOOKUP($B10,ArtExpFactors,3,FALSE)*SUMIFS($D$67:$D$68,$B$67:$B$68,"*"&RIGHT($B10,4))*SUMIFS($D$72:$D$74,$B$72:$B$74,"*"&RIGHT($B10,4))*VLOOKUP($B10,ArtExpFactors,4,FALSE)*G$78 -> 639.54 | AI12: =IFERROR(ROUND(C12/$AI$3*2*LEFT(AI$7,1),-3),"") -> 9000
A13: 7 | B13: Unpaved | C13: 300 | D13: =C13 -> 300 | E13: =D13 -> 300 | F13: =E13 -> 300 | G13: =F13 -> 300 | H13: =G13 -> 300 | I13: =H13 -> 300 | W13: =B11 & ", " & C7 -> Minor Collector, 1 lane | Z13: =VLOOKUP($B11,ArtExpFactors,2,FALSE)*VLOOKUP($B11,ArtExpFactors,3,FALSE)*SUMIFS($C$67:$C$68,$B$67:$B$68,"*"&RIGHT($B11,4))*SUMIFS($C$72:$C$74,$B$72:$B$74,"*"&RIGHT($B11,4))*VLOOKUP($B11,ArtExpFactors,4,FALSE)*C$78 -> 577.5 | AA13: =VLOOKUP($B11,ArtExpFactors,2,FALSE)*VLOOKUP($B11,ArtExpFactors,3,FALSE)*SUMIFS($C$67:$C$68,$B$67:$B$68,"*"&RIGHT($B11,4))*SUMIFS($C$72:$C$74,$B$72:$B$74,"*"&RIGHT($B11,4))*VLOOKUP($B11,ArtExpFactors,4,FALSE)*D$78 -> 551.25 | AB13: =VLOOKUP($B11,ArtExpFactors,2,FALSE)*VLOOKUP($B11,ArtExpFactors,3,FALSE)*SUMIFS($C$67:$C$68,$B$67:$B$68,"*"&RIGHT($B11,4))*SUMIFS($C$72:$C$74,$B$72:$B$74,"*"&RIGHT($B11,4))*VLOOKUP($B11,ArtExpFactors,4,FALSE)*E$78 -> 525 | AC13: =VLOOKUP($B11,ArtExpFactors,2,FALSE)*VLOOKUP($B11,ArtExpFactors,3,FALSE)*SUMIFS($C$67:$C$68,$B$67:$B$68,"*"&RIGHT($B11,4))*SUMIFS($C$72:$C$74,$B$72:$B$74,"*"&RIGHT($B11,4))*VLOOKUP($B11,ArtExpFactors,4,FALSE)*F$78 -> 498.75 | AD13: =VLOOKUP($B11,ArtExpFactors,2,FALSE)*VLOOKUP($B11,ArtExpFactors,3,FALSE)*SUMIFS($C$67:$C$68,$B$67:$B$68,"*"&RIGHT($B11,4))*SUMIFS($C$72:$C$74,$B$72:$B$74,"*"&RIGHT($B11,4))*VLOOKUP($B11,ArtExpFactors,4,FALSE)*G$78 -> 472.5
A14: * Capacity on one-way arterials/collectors increases by 20%
A16: 12 | B16: ='SFF 8.3'!B15 -> Expressway, posted 60-70 mph | C16: =VLOOKUP($B16,ArtExpFactors,2,FALSE)*VLOOKUP($B16,ArtExpFactors,3,FALSE)*SUMIFS(C$67:C$69,$B$67:$B$69,LEFT($B16,4)&"*")*SUMIFS(C$72:C$74,$B$72:$B$74,LEFT($B16,4)&"*")*VLOOKUP($B16,ArtExpFactors,4,FALSE) -> 1102 | D16: =VLOOKUP($B16,ArtExpFactors,2,FALSE)*VLOOKUP($B16,ArtExpFactors,3,FALSE)*SUMIFS(D$67:D$69,$B$67:$B$69,LEFT($B16,4)&"*")*SUMIFS(D$72:D$74,$B$72:$B$74,LEFT($B16,4)&"*")*VLOOKUP($B16,ArtExpFactors,4,FALSE) -> 1057.92 | E16: =VLOOKUP($B16,ArtExpFactors,2,FALSE)*VLOOKUP($B16,ArtExpFactors,3,FALSE)*SUMIFS(E$67:E$69,$B$67:$B$69,LEFT($B16,4)&"*")*SUMIFS(E$72:E$74,$B$72:$B$74,LEFT($B16,4)&"*")*VLOOKUP($B16,ArtExpFactors,4,FALSE) -> 1024.86 | F16: =VLOOKUP($B16,ArtExpFactors,2,FALSE)*VLOOKUP($B16,ArtExpFactors,3,FALSE)*SUMIFS(F$67:F$69,$B$67:$B$69,LEFT($B16,4)&"*")*SUMIFS(F$72:F$74,$B$72:$B$74,LEFT($B16,4)&"*")*VLOOKUP($B16,ArtExpFactors,4,FALSE) -> 1002.82 | G16: =F16*F16/E16 -> 981.25398 | H16: =G16*G16/F16 -> 960.15174 | I16: =H16*H16/G16 -> 939.50332 | AI16: =IFERROR(ROUND(C16/$AI$3*2*LEFT(AI$7,1),-3),"") -> 24000 | AJ16: =IFERROR(ROUND(D16/$AI$3*2*LEFT(AJ$7,1),-3),"") -> 47000 | AK16: =IFERROR(ROUND(E16/$AI$3*2*LEFT(AK$7,1),-3),"") -> 68000
A17: 13 | B17: ='SFF 8.3'!B16 -> Expressway, posted 55-65 mph | C17: =VLOOKUP($B17,ArtExpFactors,2,FALSE)*VLOOKUP($B17,ArtExpFactors,3,FALSE)*SUMIFS(C$67:C$69,$B$67:$B$69,LEFT($B17,4)&"*")*SUMIFS(C$72:C$74,$B$72:$B$74,LEFT($B17,4)&"*")*VLOOKUP($B17,ArtExpFactors,4,FALSE) -> 1064 | D17: =VLOOKUP($B17,ArtExpFactors,2,FALSE)*VLOOKUP($B17,ArtExpFactors,3,FALSE)*SUMIFS(D$67:D$69,$B$67:$B$69,LEFT($B17,4)&"*")*SUMIFS(D$72:D$74,$B$72:$B$74,LEFT($B17,4)&"*")*VLOOKUP($B17,ArtExpFactors,4,FALSE) -> 1021.44 | E17: =VLOOKUP($B17,ArtExpFactors,2,FALSE)*VLOOKUP($B17,ArtExpFactors,3,FALSE)*SUMIFS(E$67:E$69,$B$67:$B$69,LEFT($B17,4)&"*")*SUMIFS(E$72:E$74,$B$72:$B$74,LEFT($B17,4)&"*")*VLOOKUP($B17,ArtExpFactors,4,FALSE) -> 989.52 | F17: =VLOOKUP($B17,ArtExpFactors,2,FALSE)*VLOOKUP($B17,ArtExpFactors,3,FALSE)*SUMIFS(F$67:F$69,$B$67:$B$69,LEFT($B17,4)&"*")*SUMIFS(F$72:F$74,$B$72:$B$74,LEFT($B17,4)&"*")*VLOOKUP($B17,ArtExpFactors,4,FALSE) -> 968.24 | G17: =F17*F17/E17 -> 947.41763 | H17: =G17*G17/F17 -> 927.04306 | I17: =H17*H17/G17 -> 907.10665 | AI17: =IFERROR(ROUND(C17/$AI$3*2*LEFT(AI$7,1),-3),"") -> 24000 | AJ17: =IFERROR(ROUND(D17/$AI$3*2*LEFT(AJ$7,1),-3),"") -> 45000 | AK17: =IFERROR(ROUND(E17/$AI$3*2*LEFT(AK$7,1),-3),"") -> 66000
A18: 14 | B18: ='SFF 8.3'!B17 -> Expressway, posted 50-60 mph | C18: =VLOOKUP($B18,ArtExpFactors,2,FALSE)*VLOOKUP($B18,ArtExpFactors,3,FALSE)*SUMIFS(C$67:C$69,$B$67:$B$69,LEFT($B18,4)&"*")*SUMIFS(C$72:C$74,$B$72:$B$74,LEFT($B18,4)&"*")*VLOOKUP($B18,ArtExpFactors,4,FALSE) -> 1026 | D18: =VLOOKUP($B18,ArtExpFactors,2,FALSE)*VLOOKUP($B18,ArtExpFactors,3,FALSE)*SUMIFS(D$67:D$69,$B$67:$B$69,LEFT($B18,4)&"*")*SUMIFS(D$72:D$74,$B$72:$B$74,LEFT($B18,4)&"*")*VLOOKUP($B18,ArtExpFactors,4,FALSE) -> 984.96 | E18: =VLOOKUP($B18,ArtExpFactors,2,FALSE)*VLOOKUP($B18,ArtExpFactors,3,FALSE)*SUMIFS(E$67:E$69,$B$67:$B$69,LEFT($B18,4)&"*")*SUMIFS(E$72:E$74,$B$72:$B$74,LEFT($B18,4)&"*")*VLOOKUP($B18,ArtExpFactors,4,FALSE) -> 954.18 | F18: =VLOOKUP($B18,ArtExpFactors,2,FALSE)*VLOOKUP($B18,ArtExpFactors,3,FALSE)*SUMIFS(F$67:F$69,$B$67:$B$69,LEFT($B18,4)&"*")*SUMIFS(F$72:F$74,$B$72:$B$74,LEFT($B18,4)&"*")*VLOOKUP($B18,ArtExpFactors,4,FALSE) -> 933.66 | G18: =F18*F18/E18 -> 913.58129 | H18: =G18*G18/F18 -> 893.93438 | I18: =H18*H18/G18 -> 874.70999 | AI18: =IFERROR(ROUND(C18/$AI$3*2*LEFT(AI$7,1),-3),"") -> 23000 | AJ18: =IFERROR(ROUND(D18/$AI$3*2*LEFT(AJ$7,1),-3),"") -> 44000 | AK18: =IFERROR(ROUND(E18/$AI$3*2*LEFT(AK$7,1),-3),"") -> 64000
A19: 15 | B19: ='SFF 8.3'!B18 -> Expressway, posted 45-55 mph | C19: =VLOOKUP($B19,ArtExpFactors,2,FALSE)*VLOOKUP($B19,ArtExpFactors,3,FALSE)*SUMIFS(C$67:C$69,$B$67:$B$69,LEFT($B19,4)&"*")*SUMIFS(C$72:C$74,$B$72:$B$74,LEFT($B19,4)&"*")*VLOOKUP($B19,ArtExpFactors,4,FALSE) -> 988 | D19: =VLOOKUP($B19,ArtExpFactors,2,FALSE)*VLOOKUP($B19,ArtExpFactors,3,FALSE)*SUMIFS(D$67:D$69,$B$67:$B$69,LEFT($B19,4)&"*")*SUMIFS(D$72:D$74,$B$72:$B$74,LEFT($B19,4)&"*")*VLOOKUP($B19,ArtExpFactors,4,FALSE) -> 948.48 | E19: =VLOOKUP($B19,ArtExpFactors,2,FALSE)*VLOOKUP($B19,ArtExpFactors,3,FALSE)*SUMIFS(E$67:E$69,$B$67:$B$69,LEFT($B19,4)&"*")*SUMIFS(E$72:E$74,$B$72:$B$74,LEFT($B19,4)&"*")*VLOOKUP($B19,ArtExpFactors,4,FALSE) -> 918.84 | F19: =VLOOKUP($B19,ArtExpFactors,2,FALSE)*VLOOKUP($B19,ArtExpFactors,3,FALSE)*SUMIFS(F$67:F$69,$B$67:$B$69,LEFT($B19,4)&"*")*SUMIFS(F$72:F$74,$B$72:$B$74,LEFT($B19,4)&"*")*VLOOKUP($B19,ArtExpFactors,4,FALSE) -> 899.08 | G19: =F19*F19/E19 -> 879.74495 | H19: =G19*G19/F19 -> 860.8257 | I19: =H19*H19/G19 -> 842.31332 | AI19: =IFERROR(ROUND(C19/$AI$3*2*LEFT(AI$7,1),-3),"") -> 22000 | AJ19: =IFERROR(ROUND(D19/$AI$3*2*LEFT(AJ$7,1),-3),"") -> 42000 | AK19: =IFERROR(ROUND(E19/$AI$3*2*LEFT(AK$7,1),-3),"") -> 61000
F21: Capacity per hour per lane
C22: 1 lane | D22: 2 lanes | E22: 3 lanes | F22: 4 lanes | G22: 5 lanes | H22: 6 lanes | I22: 7 lanes | AI22: Cap1hr1ln
A23: 20 | B23: MM: fwy-to-fwy loop ramp | C23: =C34 -> 1350 | D23: =D34 -> 1080 | E23: =E34 -> 864 | F23: =F34 -> 864 | G23: =G34 -> 864 | H23: =H34 -> 864 | I23: =I34 -> 864
A24: 21 | B24: MM: C-D road, flyover ramp | C24: =C35 -> 1472.5 | D24: =D35 -> 1472.5 | E24: =E35 -> 1472.5 | F24: =F35 -> 1443.05 | G24: =G35 -> 1398.875 | H24: =H35 -> 1339.975 | I24: =I35 -> 1295.8
A25: 22 | B25: MM: posted 55-60 mph | C25: =$C$86 * VLOOKUP(C$22,FwyFleLookup,2,FALSE) -> 2100 | D25: =$C$86 * VLOOKUP(D$22,FwyFleLookup,2,FALSE) -> 2100 | E25: =$C$86 * VLOOKUP(E$22,FwyFleLookup,2,FALSE) -> 2100 | F25: =$C$86 * VLOOKUP(F$22,FwyFleLookup,2,FALSE) -> 2058 | G25: =$C$86 * VLOOKUP(G$22,FwyFleLookup,2,FALSE) -> 1995 | H25: =$C$86 * VLOOKUP(H$22,FwyFleLookup,2,FALSE) -> 1911 | I25: =$C$86 * VLOOKUP(I$22,FwyFleLookup,2,FALSE) -> 1848
A26: 23 | B26: MM: posted 65 mph, no aux lane | C26: =$C$86 * VLOOKUP(C$22,FwyFleLookup,2,FALSE) -> 2100 | D26: =$C$86 * VLOOKUP(D$22,FwyFleLookup,2,FALSE) -> 2100 | E26: =$C$86 * VLOOKUP(E$22,FwyFleLookup,2,FALSE) -> 2100 | F26: =$C$86 * VLOOKUP(F$22,FwyFleLookup,2,FALSE) -> 2058 | G26: =$C$86 * VLOOKUP(G$22,FwyFleLookup,2,FALSE) -> 1995 | H26: =$C$86 * VLOOKUP(H$22,FwyFleLookup,2,FALSE) -> 1911 | I26: =$C$86 * VLOOKUP(I$22,FwyFleLookup,2,FALSE) -> 1848
A27: 24 | B27: MM: posted 65 mph, aux lane | C27: =D27 -> 2450 | D27: =$C$86 * VLOOKUP(D$22,FwyFleLookup,2,FALSE) + $D91/LEFT(D$22,2) -> 2450 | E27: =$C$86 * VLOOKUP(E$22,FwyFleLookup,2,FALSE) + $D91/LEFT(E$22,2) -> 2333.3333 | F27: =$C$86 * VLOOKUP(F$22,FwyFleLookup,2,FALSE) + $D91/LEFT(F$22,2) -> 2233 | G27: =$C$86 * VLOOKUP(G$22,FwyFleLookup,2,FALSE) + $D91/LEFT(G$22,2) -> 2135 | H27: =$C$86 * VLOOKUP(H$22,FwyFleLookup,2,FALSE) + $D91/LEFT(H$22,2) -> 2027.6667 | I27: =$C$86 * VLOOKUP(I$22,FwyFleLookup,2,FALSE) + $D91/LEFT(I$22,2) -> 1948
A28: 25 | B28: MM: posted 75 mph, no aux lane | C28: =$C$86 * VLOOKUP(C$22,FwyFleLookup,2,FALSE) -> 2100 | D28: =$C$86 * VLOOKUP(D$22,FwyFleLookup,2,FALSE) -> 2100 | E28: =$C$86 * VLOOKUP(E$22,FwyFleLookup,2,FALSE) -> 2100 | F28: =$C$86 * VLOOKUP(F$22,FwyFleLookup,2,FALSE) -> 2058 | G28: =$C$86 * VLOOKUP(G$22,FwyFleLookup,2,FALSE) -> 1995 | H28: =$C$86 * VLOOKUP(H$22,FwyFleLookup,2,FALSE) -> 1911 | I28: =$C$86 * VLOOKUP(I$22,FwyFleLookup,2,FALSE) -> 1848
A29: 26 | B29: MM: posted 75 mph, aux lane | C29: =D29 -> 2450 | D29: =$C$86 * VLOOKUP(D$22,FwyFleLookup,2,FALSE) + $D93/LEFT(D$22,2) -> 2450 | E29: =$C$86 * VLOOKUP(E$22,FwyFleLookup,2,FALSE) + $D93/LEFT(E$22,2) -> 2333.3333 | F29: =$C$86 * VLOOKUP(F$22,FwyFleLookup,2,FALSE) + $D93/LEFT(F$22,2) -> 2233 | G29: =$C$86 * VLOOKUP(G$22,FwyFleLookup,2,FALSE) + $D93/LEFT(G$22,2) -> 2135 | H29: =$C$86 * VLOOKUP(H$22,FwyFleLookup,2,FALSE) + $D93/LEFT(H$22,2) -> 2027.6667 | I29: =$C$86 * VLOOKUP(I$22,FwyFleLookup,2,FALSE) + $D93/LEFT(I$22,2) -> 1948
A30: 27 | B30: place holder | C30: =$C$86 * VLOOKUP(C$22,FwyFleLookup,2,FALSE) -> 2100 | D30: =$C$86 * VLOOKUP(D$22,FwyFleLookup,2,FALSE) -> 2100 | E30: =$C$86 * VLOOKUP(E$22,FwyFleLookup,2,FALSE) -> 2100 | F30: =$C$86 * VLOOKUP(F$22,FwyFleLookup,2,FALSE) -> 2058 | G30: =$C$86 * VLOOKUP(G$22,FwyFleLookup,2,FALSE) -> 1995 | H30: =$C$86 * VLOOKUP(H$22,FwyFleLookup,2,FALSE) -> 1911 | I30: =$C$86 * VLOOKUP(I$22,FwyFleLookup,2,FALSE) -> 1848
A31: 28 | B31: MM: On-ramp | C31: =C45 -> 1200 | D31: =D45 -> 900 | E31: =E45 -> 600 | F31: =F45 -> 600 | G31: =G45 -> 600 | H31: =H45 -> 600 | I31: =I45 -> 600
A32: 29 | B32: MM: Off-ramp | C32: =C46 -> 983.136 | D32: =D46 -> 943.5096 | E32: =E46 -> 903.78288 | F32: =F46 -> 882.816 | G32: =G46 -> 862.33553 | H32: =H46 -> 842.33019 | I32: =I46 -> 822.78895
A34: 30 | B34: Fwy: fwy-to-fwy loop ramp | C34: =MROUND((VLOOKUP($B34,FwyCapFactors,2,FALSE)*LEFT(C$22,1)*$C$99*VLOOKUP(C$22,FwyFleLookup,2,FALSE)*$C$100+VLOOKUP($B34,FwyCapFactors,3,FALSE))/LEFT(C$22,1),50) -> 1350 | D34: =C34*0.8 -> 1080 | E34: =D34*0.8 -> 864 | F34: =E34 -> 864 | G34: =F34 -> 864 | H34: =G34 -> 864 | I34: =H34 -> 864 | AI34: Lanes | AJ34: Sat Flow | AK34: Cap1hr1ln
A35: 31 | B35: Fwy: C-D road, flyover ramp | C35: =(VLOOKUP($B35,FwyCapFactors,2,FALSE)*LEFT(C$22,1)*$C$99*VLOOKUP(C$22,FwyFleLookup,2,FALSE)*$C$100+VLOOKUP($B35,FwyCapFactors,3,FALSE))/LEFT(C$22,1) -> 1472.5 | D35: =(VLOOKUP($B35,FwyCapFactors,2,FALSE)*LEFT(D$22,1)*$C$99*VLOOKUP(D$22,FwyFleLookup,2,FALSE)*$C$100+VLOOKUP($B35,FwyCapFactors,3,FALSE))/LEFT(D$22,1) -> 1472.5 | E35: =(VLOOKUP($B35,FwyCapFactors,2,FALSE)*LEFT(E$22,1)*$C$99*VLOOKUP(E$22,FwyFleLookup,2,FALSE)*$C$100+VLOOKUP($B35,FwyCapFactors,3,FALSE))/LEFT(E$22,1) -> 1472.5 | F35: =(VLOOKUP($B35,FwyCapFactors,2,FALSE)*LEFT(F$22,1)*$C$99*VLOOKUP(F$22,FwyFleLookup,2,FALSE)*$C$100+VLOOKUP($B35,FwyCapFactors,3,FALSE))/LEFT(F$22,1) -> 1443.05 | G35: =(VLOOKUP($B35,FwyCapFactors,2,FALSE)*LEFT(G$22,1)*$C$99*VLOOKUP(G$22,FwyFleLookup,2,FALSE)*$C$100+VLOOKUP($B35,FwyCapFactors,3,FALSE))/LEFT(G$22,1) -> 1398.875 | H35: =(VLOOKUP($B35,FwyCapFactors,2,FALSE)*LEFT(H$22,1)*$C$99*VLOOKUP(H$22,FwyFleLookup,2,FALSE)*$C$100+VLOOKUP($B35,FwyCapFactors,3,FALSE))/LEFT(H$22,1) -> 1339.975 | I35: =(VLOOKUP($B35,FwyCapFactors,2,FALSE)*LEFT(I$22,1)*$C$99*VLOOKUP(I$22,FwyFleLookup,2,FALSE)*$C$100+VLOOKUP($B35,FwyCapFactors,3,FALSE))/LEFT(I$22,1) -> 1295.8 | AI35: 2 | AJ35: =C91 -> 1821.25 | AK35: =D38 -> 2080.1875
A36: 32 | B36: Fwy: posted 55-60 mph | C36: =(VLOOKUP($B36,FwyCapFactors,2,FALSE)*LEFT(C$22,1)*$C$99*VLOOKUP(C$22,FwyFleLookup,2,FALSE)*$C$100+VLOOKUP($B36,FwyCapFactors,3,FALSE))/LEFT(C$22,1) -> 1693.375 | D36: =(VLOOKUP($B36,FwyCapFactors,2,FALSE)*LEFT(D$22,1)*$C$99*VLOOKUP(D$22,FwyFleLookup,2,FALSE)*$C$100+VLOOKUP($B36,FwyCapFactors,3,FALSE))/LEFT(D$22,1) -> 1693.375 | E36: =(VLOOKUP($B36,FwyCapFactors,2,FALSE)*LEFT(E$22,1)*$C$99*VLOOKUP(E$22,FwyFleLookup,2,FALSE)*$C$100+VLOOKUP($B36,FwyCapFactors,3,FALSE))/LEFT(E$22,1) -> 1693.375 | F36: =(VLOOKUP($B36,FwyCapFactors,2,FALSE)*LEFT(F$22,1)*$C$99*VLOOKUP(F$22,FwyFleLookup,2,FALSE)*$C$100+VLOOKUP($B36,FwyCapFactors,3,FALSE))/LEFT(F$22,1) -> 1659.5075 | G36: =(VLOOKUP($B36,FwyCapFactors,2,FALSE)*LEFT(G$22,1)*$C$99*VLOOKUP(G$22,FwyFleLookup,2,FALSE)*$C$100+VLOOKUP($B36,FwyCapFactors,3,FALSE))/LEFT(G$22,1) -> 1608.7062 | H36: =(VLOOKUP($B36,FwyCapFactors,2,FALSE)*LEFT(H$22,1)*$C$99*VLOOKUP(H$22,FwyFleLookup,2,FALSE)*$C$100+VLOOKUP($B36,FwyCapFactors,3,FALSE))/LEFT(H$22,1) -> 1540.9712 | I36: =(VLOOKUP($B36,FwyCapFactors,2,FALSE)*LEFT(I$22,1)*$C$99*VLOOKUP(I$22,FwyFleLookup,2,FALSE)*$C$100+VLOOKUP($B36,FwyCapFactors,3,FALSE))/LEFT(I$22,1) -> 1490.17 | AI36: 3 | AJ36: =AJ35 -> 1821.25 | AK36: =E38 -> 1963.5208
A37: 33 | B37: Fwy: posted 65 mph, no aux lane | C37: =(VLOOKUP($B37,FwyCapFactors,2,FALSE)*LEFT(C$22,1)*$C$99*VLOOKUP(C$22,FwyFleLookup,2,FALSE)*$C$100+VLOOKUP($B37,FwyCapFactors,3,FALSE))/LEFT(C$22,1) -> 1730.1875 | D37: =(VLOOKUP($B37,FwyCapFactors,2,FALSE)*LEFT(D$22,1)*$C$99*VLOOKUP(D$22,FwyFleLookup,2,FALSE)*$C$100+VLOOKUP($B37,FwyCapFactors,3,FALSE))/LEFT(D$22,1) -> 1730.1875 | E37: =(VLOOKUP($B37,FwyCapFactors,2,FALSE)*LEFT(E$22,1)*$C$99*VLOOKUP(E$22,FwyFleLookup,2,FALSE)*$C$100+VLOOKUP($B37,FwyCapFactors,3,FALSE))/LEFT(E$22,1) -> 1730.1875 | F37: =(VLOOKUP($B37,FwyCapFactors,2,FALSE)*LEFT(F$22,1)*$C$99*VLOOKUP(F$22,FwyFleLookup,2,FALSE)*$C$100+VLOOKUP($B37,FwyCapFactors,3,FALSE))/LEFT(F$22,1) -> 1695.5838 | G37: =(VLOOKUP($B37,FwyCapFactors,2,FALSE)*LEFT(G$22,1)*$C$99*VLOOKUP(G$22,FwyFleLookup,2,FALSE)*$C$100+VLOOKUP($B37,FwyCapFactors,3,FALSE))/LEFT(G$22,1) -> 1643.6781 | H37: =(VLOOKUP($B37,FwyCapFactors,2,FALSE)*LEFT(H$22,1)*$C$99*VLOOKUP(H$22,FwyFleLookup,2,FALSE)*$C$100+VLOOKUP($B37,FwyCapFactors,3,FALSE))/LEFT(H$22,1) -> 1574.4706 | I37: =(VLOOKUP($B37,FwyCapFactors,2,FALSE)*LEFT(I$22,1)*$C$99*VLOOKUP(I$22,FwyFleLookup,2,FALSE)*$C$100+VLOOKUP($B37,FwyCapFactors,3,FALSE))/LEFT(I$22,1) -> 1522.565 | AI37: 4 | AJ37: =AJ36 -> 1821.25 | AK37: =F38 -> 1870.5838
A38: 34 | B38: Fwy: posted 65 mph, aux lane | C38: =D38 -> 2080.1875 | D38: =(VLOOKUP($B38,FwyCapFactors,2,FALSE)*LEFT(D$22,1)*$C$99*VLOOKUP(D$22,FwyFleLookup,2,FALSE)*$C$100+VLOOKUP($B38,FwyCapFactors,3,FALSE))/LEFT(D$22,1) -> 2080.1875 | E38: =(VLOOKUP($B38,FwyCapFactors,2,FALSE)*LEFT(E$22,1)*$C$99*VLOOKUP(E$22,FwyFleLookup,2,FALSE)*$C$100+VLOOKUP($B38,FwyCapFactors,3,FALSE))/LEFT(E$22,1) -> 1963.5208 | F38: =(VLOOKUP($B38,FwyCapFactors,2,FALSE)*LEFT(F$22,1)*$C$99*VLOOKUP(F$22,FwyFleLookup,2,FALSE)*$C$100+VLOOKUP($B38,FwyCapFactors,3,FALSE))/LEFT(F$22,1) -> 1870.5838 | G38: =(VLOOKUP($B38,FwyCapFactors,2,FALSE)*LEFT(G$22,1)*$C$99*VLOOKUP(G$22,FwyFleLookup,2,FALSE)*$C$100+VLOOKUP($B38,FwyCapFactors,3,FALSE))/LEFT(G$22,1) -> 1783.6781 | H38: =(VLOOKUP($B38,FwyCapFactors,2,FALSE)*LEFT(H$22,1)*$C$99*VLOOKUP(H$22,FwyFleLookup,2,FALSE)*$C$100+VLOOKUP($B38,FwyCapFactors,3,FALSE))/LEFT(H$22,1) -> 1691.1373 | I38: =(VLOOKUP($B38,FwyCapFactors,2,FALSE)*LEFT(I$22,1)*$C$99*VLOOKUP(I$22,FwyFleLookup,2,FALSE)*$C$100+VLOOKUP($B38,FwyCapFactors,3,FALSE))/LEFT(I$22,1) -> 1622.565 | AI38: 5 | AJ38: =AJ37 -> 1821.25 | AK38: =G38 -> 1783.6781
A39: 35 | B39: Fwy: posted 75 mph, no aux lane | C39: =(VLOOKUP($B39,FwyCapFactors,2,FALSE)*LEFT(C$22,1)*$C$99*VLOOKUP(C$22,FwyFleLookup,2,FALSE)*$C$100+VLOOKUP($B39,FwyCapFactors,3,FALSE))/LEFT(C$22,1) -> 1767 | D39: =(VLOOKUP($B39,FwyCapFactors,2,FALSE)*LEFT(D$22,1)*$C$99*VLOOKUP(D$22,FwyFleLookup,2,FALSE)*$C$100+VLOOKUP($B39,FwyCapFactors,3,FALSE))/LEFT(D$22,1) -> 1767 | E39: =(VLOOKUP($B39,FwyCapFactors,2,FALSE)*LEFT(E$22,1)*$C$99*VLOOKUP(E$22,FwyFleLookup,2,FALSE)*$C$100+VLOOKUP($B39,FwyCapFactors,3,FALSE))/LEFT(E$22,1) -> 1767 | F39: =(VLOOKUP($B39,FwyCapFactors,2,FALSE)*LEFT(F$22,1)*$C$99*VLOOKUP(F$22,FwyFleLookup,2,FALSE)*$C$100+VLOOKUP($B39,FwyCapFactors,3,FALSE))/LEFT(F$22,1) -> 1731.66 | G39: =(VLOOKUP($B39,FwyCapFactors,2,FALSE)*LEFT(G$22,1)*$C$99*VLOOKUP(G$22,FwyFleLookup,2,FALSE)*$C$100+VLOOKUP($B39,FwyCapFactors,3,FALSE))/LEFT(G$22,1) -> 1678.65 | H39: =(VLOOKUP($B39,FwyCapFactors,2,FALSE)*LEFT(H$22,1)*$C$99*VLOOKUP(H$22,FwyFleLookup,2,FALSE)*$C$100+VLOOKUP($B39,FwyCapFactors,3,FALSE))/LEFT(H$22,1) -> 1607.97 | I39: =(VLOOKUP($B39,FwyCapFactors,2,FALSE)*LEFT(I$22,1)*$C$99*VLOOKUP(I$22,FwyFleLookup,2,FALSE)*$C$100+VLOOKUP($B39,FwyCapFactors,3,FALSE))/LEFT(I$22,1) -> 1554.96 | AI39: 6 | AJ39: =AJ38 -> 1821.25 | AK39: =H38 -> 1691.1373
A40: 36 | B40: Fwy: posted 75 mph, aux lane | C40: =D40 -> 2117 | D40: =(VLOOKUP($B40,FwyCapFactors,2,FALSE)*LEFT(D$22,1)*$C$99*VLOOKUP(D$22,FwyFleLookup,2,FALSE)*$C$100+VLOOKUP($B40,FwyCapFactors,3,FALSE))/LEFT(D$22,1) -> 2117 | E40: =(VLOOKUP($B40,FwyCapFactors,2,FALSE)*LEFT(E$22,1)*$C$99*VLOOKUP(E$22,FwyFleLookup,2,FALSE)*$C$100+VLOOKUP($B40,FwyCapFactors,3,FALSE))/LEFT(E$22,1) -> 2000.3333 | F40: =(VLOOKUP($B40,FwyCapFactors,2,FALSE)*LEFT(F$22,1)*$C$99*VLOOKUP(F$22,FwyFleLookup,2,FALSE)*$C$100+VLOOKUP($B40,FwyCapFactors,3,FALSE))/LEFT(F$22,1) -> 1906.66 | G40: =(VLOOKUP($B40,FwyCapFactors,2,FALSE)*LEFT(G$22,1)*$C$99*VLOOKUP(G$22,FwyFleLookup,2,FALSE)*$C$100+VLOOKUP($B40,FwyCapFactors,3,FALSE))/LEFT(G$22,1) -> 1818.65 | H40: =(VLOOKUP($B40,FwyCapFactors,2,FALSE)*LEFT(H$22,1)*$C$99*VLOOKUP(H$22,FwyFleLookup,2,FALSE)*$C$100+VLOOKUP($B40,FwyCapFactors,3,FALSE))/LEFT(H$22,1) -> 1724.6367 | I40: =(VLOOKUP($B40,FwyCapFactors,2,FALSE)*LEFT(I$22,1)*$C$99*VLOOKUP(I$22,FwyFleLookup,2,FALSE)*$C$100+VLOOKUP($B40,FwyCapFactors,3,FALSE))/LEFT(I$22,1) -> 1654.96 | AI40: 7 | AJ40: =AJ39 -> 1821.25 | AK40: =I38 -> 1622.565
A41: 37 | B41: Fwy: HOV lane | C41: =(VLOOKUP($B41,FwyCapFactors,2,FALSE)*LEFT(C$22,1)*$C$99*VLOOKUP(C$22,FwyFleLookup,2,FALSE)+VLOOKUP($B41,FwyCapFactors,3,FALSE))/LEFT(C$22,1) -> 1767 | D41: =(VLOOKUP($B41,FwyCapFactors,2,FALSE)*LEFT(D$22,1)*$C$99*VLOOKUP(D$22,FwyFleLookup,2,FALSE)+VLOOKUP($B41,FwyCapFactors,3,FALSE))/LEFT(D$22,1) -> 1767 | E41: =(VLOOKUP($B41,FwyCapFactors,2,FALSE)*LEFT(E$22,1)*$C$99*VLOOKUP(E$22,FwyFleLookup,2,FALSE)+VLOOKUP($B41,FwyCapFactors,3,FALSE))/LEFT(E$22,1) -> 1767 | F41: =(VLOOKUP($B41,FwyCapFactors,2,FALSE)*LEFT(F$22,1)*$C$99*VLOOKUP(F$22,FwyFleLookup,2,FALSE)+VLOOKUP($B41,FwyCapFactors,3,FALSE))/LEFT(F$22,1) -> 1731.66 | G41: =(VLOOKUP($B41,FwyCapFactors,2,FALSE)*LEFT(G$22,1)*$C$99*VLOOKUP(G$22,FwyFleLookup,2,FALSE)+VLOOKUP($B41,FwyCapFactors,3,FALSE))/LEFT(G$22,1) -> 1678.65 | H41: =(VLOOKUP($B41,FwyCapFactors,2,FALSE)*LEFT(H$22,1)*$C$99*VLOOKUP(H$22,FwyFleLookup,2,FALSE)+VLOOKUP($B41,FwyCapFactors,3,FALSE))/LEFT(H$22,1) -> 1607.97 | I41: =(VLOOKUP($B41,FwyCapFactors,2,FALSE)*LEFT(I$22,1)*$C$99*VLOOKUP(I$22,FwyFleLookup,2,FALSE)+VLOOKUP($B41,FwyCapFactors,3,FALSE))/LEFT(I$22,1) -> 1554.96
A42: 38 | B42: Fwy: Managed lane | C42: =C41 -> 1767 | D42: =D41 -> 1767 | E42: =E41 -> 1767 | F42: =F41 -> 1731.66 | G42: =G41 -> 1678.65 | H42: =H41 -> 1607.97 | I42: =I41 -> 1554.96 | AI42: Cap1hr, all lanes
A43: 39 | B43: Fwy: Managed lane access | C43: =C42 -> 1767 | D43: =D42 -> 1767 | E43: =E42 -> 1767 | F43: =F42 -> 1731.66 | G43: =G42 -> 1678.65 | H43: =H42 -> 1607.97 | I43: =I42 -> 1554.96 | AI43: Lanes | AJ43: Sat Flow, 100% efficient, PCE | AK43: Actual Vehicles (not PCE)
A44: 40 | B44: Fwy: Tollway | C44: 1800 | D44: =D43/C43*C44 -> 1800 | E44: =E43/D43*D44 -> 1800 | F44: =F43/E43*E44 -> 1764 | G44: =G43/F43*F44 -> 1710 | H44: =H43/G43*G44 -> 1638 | I44: =I43/H43*H44 -> 1584 | AI44: =AI35 -> 2 | AJ44: =AI44*AJ35 -> 3642.5 | AK44: =AK35*AI44 -> 4160.375
A45: 41 | B45: Fwy: On-ramp | C45: 1200 | D45: 900 | E45: 600 | F45: =E45 -> 600 | G45: =F45 -> 600 | H45: =G45 -> 600 | I45: =H45 -> 600 | AI45: =AI36 -> 3 | AJ45: =AI45*AJ36 -> 5463.75 | AK45: =AK36*AI45 -> 5890.5625
A46: 42 | B46: Fwy: Off-ramp | C46: =C9*1.1 -> 983.136 | D46: =D9*1.1 -> 943.5096 | E46: =E9*1.1 -> 903.78288 | F46: =F9*1.1 -> 882.816 | G46: =G9*1.1 -> 862.33553 | H46: =H9*1.1 -> 842.33019 | I46: =I9*1.1 -> 822.78895 | AI46: =AI37 -> 4 | AJ46: =AI46*AJ37 -> 7285 | AK46: =AK37*AI46 -> 7482.335
AI47: =AI38 -> 5 | AJ47: =AI47*AJ38 -> 9106.25 | AK47: =AK38*AI47 -> 8918.3906
B48: Notes | AI48: =AI39 -> 6 | AJ48: =AI48*AJ39 -> 10927.5 | AK48: =AK39*AI48 -> 10146.824
B49: Arterial & collector capacities are adjusted up or down by 5% as area type moves away from suburban | AI49: =AI40 -> 7 | AJ49: =AI49*AJ40 -> 12748.75 | AK49: =AK40*AI49 -> 11357.955
B50: Fwy: off ramp capacity is 10% higher than a minor arterial
AI51: AWDT both directions, all lanes
B52: Arterial / Expressway Capacity Calculation Parameters | AI52: Lanes | AJ52: Sat Flow, 100% efficient, PCE | AK52: Actual Vehicles (not PCE)
B53: Cap1hr1ln = _SatRate * Fhv * Fbb * Flu * Fgrn * Fatype | AI53: =AI44 -> 2 | AJ53: =MROUND(AJ44/$AI$3*2, 1000) -> 81000 | AK53: =MROUND(AK44/$AI$3*2, 1000) -> 92000
AI54: =AI45 -> 3 | AJ54: =MROUND(AJ45/$AI$3*2, 1000) -> 121000 | AK54: =MROUND(AK45/$AI$3*2, 1000) -> 131000
C55: _SatRate | D55: Fhv | E55: Fgrn | AI55: =AI46 -> 4 | AJ55: =MROUND(AJ46/$AI$3*2, 1000) -> 162000 | AK55: =MROUND(AK46/$AI$3*2, 1000) -> 166000
B56: Principal Arterial | C56: 1900 | D56: 1 | E56: 0.52 | AI56: =AI47 -> 5 | AJ56: =MROUND(AJ47/$AI$3*2, 1000) -> 202000 | AK56: =MROUND(AK47/$AI$3*2, 1000) -> 198000
B57: Minor Arterial | C57: 1900 | D57: 1 | E57: 0.48 | AI57: =AI48 -> 6 | AJ57: =MROUND(AJ48/$AI$3*2, 1000) -> 243000 | AK57: =MROUND(AK48/$AI$3*2, 1000) -> 225000
B58: Major Collector | C58: 1700 | D58: 1 | E58: 0.44 | AI58: =AI49 -> 7 | AJ58: =MROUND(AJ49/$AI$3*2, 1000) -> 283000 | AK58: =MROUND(AK49/$AI$3*2, 1000) -> 252000
B59: Minor Collector | C59: 1500 | D59: 1 | E59: 0.35
B61: ='SFF 8.3'!B15 -> Expressway, posted 60-70 mph | C61: 1900 | D61: 1 | E61: 0.58
B62: ='SFF 8.3'!B16 -> Expressway, posted 55-65 mph | C62: 1900 | D62: 1 | E62: 0.56
B63: ='SFF 8.3'!B17 -> Expressway, posted 50-60 mph | C63: 1900 | D63: 1 | E63: 0.54
B64: ='SFF 8.3'!B18 -> Expressway, posted 45-55 mph | C64: 1900 | D64: 1 | E64: 0.52
B66: Fbb values | C66: 1 lane | D66: 2 lanes | E66: 3 lanes | F66: 4 lanes
B67: Arterial | C67: 0.98 | D67: 0.99 | E67: 0.99 | F67: 1
B68: Collector | C68: 1 | D68: 1 | E68: 1 | F68: 1
B69: Expressway | C69: 1 | D69: 1 | E69: 1 | F69: 1
B71: Flu | C71: 1 lane | D71: 2 lanes | E71: 3 lanes | F71: 4 lanes
B72: Arterial | C72: 1 | D72: 0.95 | E72: 0.91 | F72: 0.88
B73: Collector | C73: 1 | D73: 0.95 | E73: 0.91 | F73: 0.88
B74: Expressway | C74: 1 | D74: 0.96 | E74: 0.93 | F74: 0.91
C76: 1 | D76: 2 | E76: 3 | F76: 4 | G76: 5
C77: Rural | D77: Transition | E77: Suburban | F77: Urban | G77: CBD
B78: Area Type | C78: 1.1 | D78: 1.05 | E78: 1 | F78: 0.95 | G78: 0.9
B81: Freeway Capacity Calculation Parameters
B82: Cap1hr = (Sat * LANES * PHF * Fle * Fhv) + AuxVolAtCapacity ;AuxVol = 0 for FT 31; 700 for FT 32
B83: Cap1hr1ln = Cap1hr / LANES ;distributes AuxVolAtCapacity across the GP lanes | H83: adj fac
H84: 0.775
C85: Sat | D85: Aux | G85: Fle | H85: orig
B86: MM: all facilities | C86: 2100 | D86: 700 | F86: 1 lane | G86: 1 | H86: 1800
B87: =B34 -> Fwy: fwy-to-fwy loop ramp | C87: =H86*$H$84 -> 1395 | D87: 0 | F87: 2 lanes | G87: 1 | H87: 2000
B88: =B35 -> Fwy: C-D road, flyover ramp | C88: =H87*$H$84 -> 1550 | D88: 0 | F88: 3 lanes | G88: 1 | H88: 2300
B89: =B36 -> Fwy: posted 55-60 mph | C89: =H88*$H$84 -> 1782.5 | D89: 0 | F89: 4 lanes | G89: 0.98 | H89: 2350
B90: =B37 -> Fwy: posted 65 mph, no aux lane | C90: =H89*$H$84 -> 1821.25 | D90: 0 | F90: 5 lanes | G90: 0.95 | H90: 2350
B91: =B38 -> Fwy: posted 65 mph, aux lane | C91: =H90*$H$84 -> 1821.25 | D91: 700 | F91: 6 lanes | G91: 0.91 | H91: 2400
B92: =B39 -> Fwy: posted 75 mph, no aux lane | C92: =H91*$H$84 -> 1860 | D92: 0 | F92: 7 lanes | G92: 0.88 | H92: 2400
B93: =B40 -> Fwy: posted 75 mph, aux lane | C93: =H92*$H$84 -> 1860 | D93: 700 | H93: 2400
B94: =B41 -> Fwy: HOV lane | C94: =H93*$H$84 -> 1860 | D94: 0 | H94: 2400
B95: Fwy: Toll lanes | C95: =H94*$H$84 -> 1860 | D95: 0 | H95: 2400
B96: Fwy: Managed Ln access | C96: =H95*$H$84 -> 1860 | D96: 0 | H96: 2400
B97: Fwy: Tollway | C97: =H96*$H$84 -> 1860 | D97: 0
B99: PHF | C99: 0.95
B100: Fhv | C100: 1
B102: Notes
B103: Model capacities are expressed as passenger vehicles per hour, thus no heavy vehicle adjustments are applied
B104: The highway network also has "CFAC**" variable, which if not zero, will be multiplied by Cap1hr1ln
B105: CFAC < 1 means the road has less capacity than normal (high side friction, no center turn lane, no right pockets, etc)
B106: CFAC > 1 means the road has better capacity than normal (good access control, high-efficiency intersections, etc).

Sheet SFF 8.1
C1: Free Flow Speed v8.1
E2: Speed by Area Type
A3: Old | C3: New | E3: 1 | F3: 2 | G3: 3 | H3: 4 | I3: 5
A4: FT | C4: FT | D4: Functional Type | E4: Rural | F4: Transition | G4: Suburban | H4: Urban | I4: CBD-Like
A5: 1 | C5: 1 | D5: Centroid Connector / Local | E5: =1 / ((1/E53) + (E65*E$77/3600)) -> 30 | F5: =1 / ((1/F53) + (F65*F$77/3600)) -> 24 | G5: =1 / ((1/G53) + (G65*G$77/3600)) -> 20.16 | H5: =1 / ((1/H53) + (H65*H$77/3600)) -> 17.0347 | I5: =1 / ((1/I53) + (I65*I$77/3600)) -> 13.535792
A6: 2 | C6: 2 | D6: Principal Arterial | E6: =1 / ((1/E54) + (E66*E$77/3600)) -> 60 | F6: =1 / ((1/F54) + (F66*F$77/3600)) -> 47.710843 | G6: =1 / ((1/G54) + (G66*G$77/3600)) -> 39.56044 | H6: =1 / ((1/H54) + (H66*H$77/3600)) -> 32.757052 | I6: =1 / ((1/I54) + (I66*I$77/3600)) -> 24.347826
A7: 3 | C7: 3 | D7: Minor Arterial | E7: =1 / ((1/E55) + (E67*E$77/3600)) -> 53 | F7: =1 / ((1/F55) + (F67*F$77/3600)) -> 41.37931 | G7: =1 / ((1/G55) + (G67*G$77/3600)) -> 35.294118 | H7: =1 / ((1/H55) + (H67*H$77/3600)) -> 30.12094 | I7: =1 / ((1/I55) + (I67*I$77/3600)) -> 21.290323
A8: 4 | C8: 4 | D8: Major Collector | E8: =1 / ((1/E56) + (E68*E$77/3600)) -> 45 | F8: =1 / ((1/F56) + (F68*F$77/3600)) -> 34.70852 | G8: =1 / ((1/G56) + (G68*G$77/3600)) -> 28.8 | H8: =1 / ((1/H56) + (H68*H$77/3600)) -> 25.678098 | I8: =1 / ((1/I56) + (I68*I$77/3600)) -> 18.378378
A9: 5 | C9: 5 | D9: Minor Collector | E9: =E8-3 -> 42 | F9: =F8-3 -> 31.70852 | G9: =G8-3 -> 25.8 | H9: =H8-3 -> 22.678098 | I9: =I8-3 -> 15.378378
A10: - | C10: 6 | D10: Local | E10: =E5 -> 30 | F10: =F5 -> 24 | G10: =G5 -> 20.16 | H10: =H5 -> 17.0347 | I10: =I5 -> 13.535792
A11: - | C11: 7 | D11: Unpaved | E11: 15 | F11: =E11 -> 15 | G11: =F11 -> 15 | H11: =G11 -> 15 | I11: =H11 -> 15
A13: Old | C13: New | E13: New | F13: Old
A14: FT | C14: FT | D14: Functional Type | E14: Speed | F14: Speed | G14: (These do not vary by Area Type)
A15: - | C15: 12 | D15: Expressway, posted 60-70 mph | E15: =1 / ((1/E58) + (E70*E79/3600)) -> 59.617834
A16: - | C16: 13 | D16: Expressway, posted 55-65 mph | E16: =1 / ((1/E59) + (E71*E80/3600)) -> 53.333333
A17: 11 | B17: 50 | C17: 14 | D17: Expressway, posted 50-60 mph | E17: =1 / ((1/E60) + (E72*E81/3600)) -> 47.710843
A18: - | C18: 15 | D18: Expressway, posted 45-55 mph | E18: =1 / ((1/E61) + (E73*E82/3600)) -> 42.60355
C20: 20 | D20: ='Cap1hr1ln V8.1'!B23 -> MM: fwy-to-fwy loop ramp | E20: =E31 -> 35
C21: 21 | D21: ='Cap1hr1ln V8.1'!B24 -> MM: C-D road, flyover ramp | E21: =E32 -> 55
C22: 22 | D22: ='Cap1hr1ln V8.1'!B25 -> MM: posted 55-60 mph | E22: =E33 -> 62
C23: 23 | D23: ='Cap1hr1ln V8.1'!B26 -> MM: posted 65 mph, no aux lane | E23: =E34 -> 67
C24: 24 | D24: ='Cap1hr1ln V8.1'!B27 -> MM: posted 65 mph, aux lane | E24: =E35 -> 67
C25: 25 | D25: ='Cap1hr1ln V8.1'!B28 -> MM: posted 75 mph, no aux lane | E25: =E36 -> 75
C26: 26 | D26: ='Cap1hr1ln V8.1'!B29 -> MM: posted 75 mph, aux lane | E26: =E37 -> 75
C27: 27 | D27: ='Cap1hr1ln V8.1'!B30 -> place holder | E27: =E38 -> 70
C28: 28 | D28: ='Cap1hr1ln V8.1'!B31 -> MM: On-ramp | E28: =E42 -> 23
C29: 29 | D29: ='Cap1hr1ln V8.1'!B32 -> MM: Off-ramp | E29: =E43 -> 26
A31: 29 | B31: 40 | C31: 30 | D31: ='Cap1hr1ln V8.1'!B34 -> Fwy: fwy-to-fwy loop ramp | E31: 35
A32: 33 | B32: 55 | C32: 31 | D32: ='Cap1hr1ln V8.1'!B35 -> Fwy: C-D road, flyover ramp | E32: 55
A33: - | B33: - | C33: 32 | D33: ='Cap1hr1ln V8.1'!B36 -> Fwy: posted 55-60 mph | E33: 62
A34: 32 | B34: 67 | C34: 33 | D34: ='Cap1hr1ln V8.1'!B37 -> Fwy: posted 65 mph, no aux lane | E34: 67
A35: 31 | B35: 67 | C35: 34 | D35: ='Cap1hr1ln V8.1'!B38 -> Fwy: posted 65 mph, aux lane | E35: 67
A36: - | B36: - | C36: 35 | D36: ='Cap1hr1ln V8.1'!B39 -> Fwy: posted 75 mph, no aux lane | E36: 75
A37: 35 | B37: 75 | C37: 36 | D37: ='Cap1hr1ln V8.1'!B40 -> Fwy: posted 75 mph, aux lane | E37: 75
A38: 34 | B38: 70 | C38: 37 | D38: ='Cap1hr1ln V8.1'!B41 -> Fwy: HOV lane | E38: 70
A39: 39 | B39: 70 | C39: 38 | D39: ='Cap1hr1ln V8.1'!B42 -> Fwy: Managed lane | E39: 70
A40: 38 | B40: 70 | C40: 39 | D40: ='Cap1hr1ln V8.1'!B43 -> Fwy: Managed lane access | E40: 70
A41: 40 | B41: user specified | C41: 40 | D41: ='Cap1hr1ln V8.1'!B44 -> Fwy: Tollway | E41: 77
A42: 36 | B42: 23 | C42: 41 | D42: ='Cap1hr1ln V8.1'!B45 -> Fwy: On-ramp | E42: 23
A43: 37 | B43: 26 | C43: 42 | D43: ='Cap1hr1ln V8.1'!B46 -> Fwy: Off-ramp | E43: 26
C45: Notes
C46: Arterial/collector speeds are reduced by 1 mph if only 1-lane per direction to account for inability to pass
C47: Arterial/collector speeds are increased by 5% if one-way link
C49: Free Flow Speed Calculation
C50: SFF = 1 / ((1 / unsignalized speed) + (Num stops per mile * Uncongested delay per V / 3600))
D51: Unsignalized Speed
E52: Rural | F52: Transition | G52: Suburban | H52: Urban | I52: CBD-Like
D53: Centroid Connector / Local | E53: 30 | F53: 30 | G53: 28 | H53: 27 | I53: 26
D54: Principle Arterial | E54: 60 | F54: 55 | G54: 50 | H54: 45 | I54: 35
D55: Minor Arterial | E55: 53 | F55: 50 | G55: 48 | H55: 44 | I55: 33
D56: Collectors | E56: 45 | F56: 43 | G56: 40 | H56: 37 | I56: 34
D58: =D15 -> Expressway, posted 60-70 mph | E58: 65
D59: =D16 -> Expressway, posted 55-65 mph | E59: 60
D60: =D17 -> Expressway, posted 50-60 mph | E60: 55
D61: =D18 -> Expressway, posted 45-55 mph | E61: 50
D63: Required stops/mile due to signals or stop signs
E64: Rural | F64: Transition | G64: Suburban | H64: Urban | I64: CBD-Like
D65: Centroid Connector / Local | E65: 0 | F65: 3 | G65: 5 | H65: 6 | I65: 8.5
D66: Principle Arterial | E66: 0 | F66: 1 | G66: 1.9 | H66: 2.3 | I66: 3
D67: Minor Arterial | E67: 0 | F67: 1.5 | G67: 2.7 | H67: 2.9 | I67: 4
D68: Collectors | E68: 0 | F68: 2 | G68: 3.5 | H68: 3.3 | I68: 6
D70: =D58 -> Expressway, posted 60-70 mph | E70: 0.5
D71: =D59 -> Expressway, posted 55-65 mph | E71: 0.75
D72: =D60 -> Expressway, posted 50-60 mph | E72: 1
D73: =D61 -> Expressway, posted 45-55 mph | E73: 1.25
D75: Uncongested delay per stop - all types (Sec/veh between LOS B-C)
E76: Rural | F76: Transition | G76: Suburban | H76: Urban | I76: CBD-Like
D77: All types | E77: 0 | F77: 10 | G77: 10 | H77: 13 | I77: 15
D79: =D70 -> Expressway, posted 60-70 mph | E79: 10
D80: =D71 -> Expressway, posted 55-65 mph | E80: 10
D81: =D72 -> Expressway, posted 50-60 mph | E81: 10
D82: =D73 -> Expressway, posted 45-55 mph | E82: 10

Sheet Cap1hr1ln V8.1
A1: Capacity v8.1
AI2: How much of the daily volume is assumed to occur in the peak hour?
A3: FT | B3: Functional Type | D3: Capacity per hour per lane | I3: Area Type | AI3: 0.09 | AJ3: (used in calculation of Equiv. AWDT)
A4: 1 | B4: Centroid Connector | D4: 10000 | I4: Suburban
F6: Capacity per hour per lane | Z6: Rural | AA6: Transition | AB6: Suburban | AC6: Urban | AD6: CBD | AJ6: Daily two-way capacity
C7: 1 lane | D7: 2 lanes | E7: 3 lanes | F7: 4 lanes | G7: 5 lanes | H7: 6 lanes | I7: 7 lanes | W7: =B8 & ", " & D7 -> Principal Arterial, 2 lanes | Z7: =VLOOKUP($B8,ArtExpFactors,2,FALSE)*VLOOKUP($B8,ArtExpFactors,3,FALSE)*SUMIFS($D$67:$D$68,$B$67:$B$68,"*"&RIGHT($B8,4))*SUMIFS($D$72:$D$74,$B$72:$B$74,"*"&RIGHT($B8,4))*VLOOKUP($B8,ArtExpFactors,4,FALSE)*C$78 -> #REF! | AA7: =VLOOKUP($B8,ArtExpFactors,2,FALSE)*VLOOKUP($B8,ArtExpFactors,3,FALSE)*SUMIFS($D$67:$D$68,$B$67:$B$68,"*"&RIGHT($B8,4))*SUMIFS($D$72:$D$74,$B$72:$B$74,"*"&RIGHT($B8,4))*VLOOKUP($B8,ArtExpFactors,4,FALSE)*D$78 -> #REF! | AB7: =VLOOKUP($B8,ArtExpFactors,2,FALSE)*VLOOKUP($B8,ArtExpFactors,3,FALSE)*SUMIFS($D$67:$D$68,$B$67:$B$68,"*"&RIGHT($B8,4))*SUMIFS($D$72:$D$74,$B$72:$B$74,"*"&RIGHT($B8,4))*VLOOKUP($B8,ArtExpFactors,4,FALSE)*E$78 -> #REF! | AC7: =VLOOKUP($B8,ArtExpFactors,2,FALSE)*VLOOKUP($B8,ArtExpFactors,3,FALSE)*SUMIFS($D$67:$D$68,$B$67:$B$68,"*"&RIGHT($B8,4))*SUMIFS($D$72:$D$74,$B$72:$B$74,"*"&RIGHT($B8,4))*VLOOKUP($B8,ArtExpFactors,4,FALSE)*F$78 -> #REF! | AD7: =VLOOKUP($B8,ArtExpFactors,2,FALSE)*VLOOKUP($B8,ArtExpFactors,3,FALSE)*SUMIFS($D$67:$D$68,$B$67:$B$68,"*"&RIGHT($B8,4))*SUMIFS($D$72:$D$74,$B$72:$B$74,"*"&RIGHT($B8,4))*VLOOKUP($B8,ArtExpFactors,4,FALSE)*G$78 -> #REF! | AI7: 1 lane | AJ7: 2 lanes | AK7: 3 lanes
A8: 2 | B8: Principal Arterial | C8: =VLOOKUP($B8,ArtExpFactors,2,FALSE)*VLOOKUP($B8,ArtExpFactors,3,FALSE)*SUMIFS(C$67:C$68,$B$67:$B$68,"*"&RIGHT($B8,4))*SUMIFS(C$72:C$74,$B$72:$B$74,"*"&RIGHT($B8,4))*VLOOKUP($B8,ArtExpFactors,4,FALSE)*HLOOKUP($I$4,ATypeCap,2,FALSE) -> #REF! | D8: =VLOOKUP($B8,ArtExpFactors,2,FALSE)*VLOOKUP($B8,ArtExpFactors,3,FALSE)*SUMIFS(D$67:D$68,$B$67:$B$68,"*"&RIGHT($B8,4))*SUMIFS(D$72:D$74,$B$72:$B$74,"*"&RIGHT($B8,4))*VLOOKUP($B8,ArtExpFactors,4,FALSE)*HLOOKUP($I$4,ATypeCap,2,FALSE) -> #REF! | E8: =VLOOKUP($B8,ArtExpFactors,2,FALSE)*VLOOKUP($B8,ArtExpFactors,3,FALSE)*SUMIFS(E$67:E$68,$B$67:$B$68,"*"&RIGHT($B8,4))*SUMIFS(E$72:E$74,$B$72:$B$74,"*"&RIGHT($B8,4))*VLOOKUP($B8,ArtExpFactors,4,FALSE)*HLOOKUP($I$4,ATypeCap,2,FALSE) -> #REF! | F8: =VLOOKUP($B8,ArtExpFactors,2,FALSE)*VLOOKUP($B8,ArtExpFactors,3,FALSE)*SUMIFS(F$67:F$68,$B$67:$B$68,"*"&RIGHT($B8,4))*SUMIFS(F$72:F$74,$B$72:$B$74,"*"&RIGHT($B8,4))*VLOOKUP($B8,ArtExpFactors,4,FALSE)*HLOOKUP($I$4,ATypeCap,2,FALSE) -> #REF! | G8: =F8*F8/E8 -> #REF! | H8: =G8*G8/F8 -> #REF! | I8: =H8*H8/G8 -> #REF! | W8: =B8 & ", " & E7 -> Principal Arterial, 3 lanes | Z8: =VLOOKUP($B8,ArtExpFactors,2,FALSE)*VLOOKUP($B8,ArtExpFactors,3,FALSE)*SUMIFS($E$67:$E$68,$B$67:$B$68,"*"&RIGHT($B8,4))*SUMIFS($E$72:$E$74,$B$72:$B$74,"*"&RIGHT($B8,4))*VLOOKUP($B8,ArtExpFactors,4,FALSE)*C$78 -> #REF! | AA8: =VLOOKUP($B8,ArtExpFactors,2,FALSE)*VLOOKUP($B8,ArtExpFactors,3,FALSE)*SUMIFS($E$67:$E$68,$B$67:$B$68,"*"&RIGHT($B8,4))*SUMIFS($E$72:$E$74,$B$72:$B$74,"*"&RIGHT($B8,4))*VLOOKUP($B8,ArtExpFactors,4,FALSE)*D$78 -> #REF! | AB8: =VLOOKUP($B8,ArtExpFactors,2,FALSE)*VLOOKUP($B8,ArtExpFactors,3,FALSE)*SUMIFS($E$67:$E$68,$B$67:$B$68,"*"&RIGHT($B8,4))*SUMIFS($E$72:$E$74,$B$72:$B$74,"*"&RIGHT($B8,4))*VLOOKUP($B8,ArtExpFactors,4,FALSE)*E$78 -> #REF! | AC8: =VLOOKUP($B8,ArtExpFactors,2,FALSE)*VLOOKUP($B8,ArtExpFactors,3,FALSE)*SUMIFS($E$67:$E$68,$B$67:$B$68,"*"&RIGHT($B8,4))*SUMIFS($E$72:$E$74,$B$72:$B$74,"*"&RIGHT($B8,4))*VLOOKUP($B8,ArtExpFactors,4,FALSE)*F$78 -> #REF! | AD8: =VLOOKUP($B8,ArtExpFactors,2,FALSE)*VLOOKUP($B8,ArtExpFactors,3,FALSE)*SUMIFS($E$67:$E$68,$B$67:$B$68,"*"&RIGHT($B8,4))*SUMIFS($E$72:$E$74,$B$72:$B$74,"*"&RIGHT($B8,4))*VLOOKUP($B8,ArtExpFactors,4,FALSE)*G$78 -> #REF! | AI8: =IFERROR(ROUND(C8/$AI$3*2*LEFT(AI$7,1),-3),"") | AJ8: =IFERROR(ROUND(D8/$AI$3*2*LEFT(AJ$7,1),-3),"") | AK8: =IFERROR(ROUND(E8/$AI$3*2*LEFT(AK$7,1),-3),"")
A9: 3 | B9: Minor Arterial | C9: =VLOOKUP($B9,ArtExpFactors,2,FALSE)*VLOOKUP($B9,ArtExpFactors,3,FALSE)*SUMIFS(C$67:C$68,$B$67:$B$68,"*"&RIGHT($B9,4))*SUMIFS(C$72:C$74,$B$72:$B$74,"*"&RIGHT($B9,4))*VLOOKUP($B9,ArtExpFactors,4,FALSE)*HLOOKUP($I$4,ATypeCap,2,FALSE) -> #REF! | D9: =VLOOKUP($B9,ArtExpFactors,2,FALSE)*VLOOKUP($B9,ArtExpFactors,3,FALSE)*SUMIFS(D$67:D$68,$B$67:$B$68,"*"&RIGHT($B9,4))*SUMIFS(D$72:D$74,$B$72:$B$74,"*"&RIGHT($B9,4))*VLOOKUP($B9,ArtExpFactors,4,FALSE)*HLOOKUP($I$4,ATypeCap,2,FALSE) -> #REF! | E9: =VLOOKUP($B9,ArtExpFactors,2,FALSE)*VLOOKUP($B9,ArtExpFactors,3,FALSE)*SUMIFS(E$67:E$68,$B$67:$B$68,"*"&RIGHT($B9,4))*SUMIFS(E$72:E$74,$B$72:$B$74,"*"&RIGHT($B9,4))*VLOOKUP($B9,ArtExpFactors,4,FALSE)*HLOOKUP($I$4,ATypeCap,2,FALSE) -> #REF! | F9: =VLOOKUP($B9,ArtExpFactors,2,FALSE)*VLOOKUP($B9,ArtExpFactors,3,FALSE)*SUMIFS(F$67:F$68,$B$67:$B$68,"*"&RIGHT($B9,4))*SUMIFS(F$72:F$74,$B$72:$B$74,"*"&RIGHT($B9,4))*VLOOKUP($B9,ArtExpFactors,4,FALSE)*HLOOKUP($I$4,ATypeCap,2,FALSE) -> #REF! | G9: =F9*F9/E9 -> #REF! | H9: =G9*G9/F9 -> #REF! | I9: =H9*H9/G9 -> #REF! | W9: =B9 & ", " & D7 -> Minor Arterial, 2 lanes | Z9: =VLOOKUP($B9,ArtExpFactors,2,FALSE)*VLOOKUP($B9,ArtExpFactors,3,FALSE)*SUMIFS($D$67:$D$68,$B$67:$B$68,"*"&RIGHT($B9,4))*SUMIFS($D$72:$D$74,$B$72:$B$74,"*"&RIGHT($B9,4))*VLOOKUP($B9,ArtExpFactors,4,FALSE)*C$78 -> #REF! | AA9: =VLOOKUP($B9,ArtExpFactors,2,FALSE)*VLOOKUP($B9,ArtExpFactors,3,FALSE)*SUMIFS($D$67:$D$68,$B$67:$B$68,"*"&RIGHT($B9,4))*SUMIFS($D$72:$D$74,$B$72:$B$74,"*"&RIGHT($B9,4))*VLOOKUP($B9,ArtExpFactors,4,FALSE)*D$78 -> #REF! | AB9: =VLOOKUP($B9,ArtExpFactors,2,FALSE)*VLOOKUP($B9,ArtExpFactors,3,FALSE)*SUMIFS($D$67:$D$68,$B$67:$B$68,"*"&RIGHT($B9,4))*SUMIFS($D$72:$D$74,$B$72:$B$74,"*"&RIGHT($B9,4))*VLOOKUP($B9,ArtExpFactors,4,FALSE)*E$78 -> #REF! | AC9: =VLOOKUP($B9,ArtExpFactors,2,FALSE)*VLOOKUP($B9,ArtExpFactors,3,FALSE)*SUMIFS($D$67:$D$68,$B$67:$B$68,"*"&RIGHT($B9,4))*SUMIFS($D$72:$D$74,$B$72:$B$74,"*"&RIGHT($B9,4))*VLOOKUP($B9,ArtExpFactors,4,FALSE)*F$78 -> #REF! | AD9: =VLOOKUP($B9,ArtExpFactors,2,FALSE)*VLOOKUP($B9,ArtExpFactors,3,FALSE)*SUMIFS($D$67:$D$68,$B$67:$B$68,"*"&RIGHT($B9,4))*SUMIFS($D$72:$D$74,$B$72:$B$74,"*"&RIGHT($B9,4))*VLOOKUP($B9,ArtExpFactors,4,FALSE)*G$78 -> #REF! | AI9: =IFERROR(ROUND(C9/$AI$3*2*LEFT(AI$7,1),-3),"") | AJ9: =IFERROR(ROUND(D9/$AI$3*2*LEFT(AJ$7,1),-3),"") | AK9: =IFERROR(ROUND(E9/$AI$3*2*LEFT(AK$7,1),-3),"")
A10: 4 | B10: Major Collector | C10: =VLOOKUP($B10,ArtExpFactors,2,FALSE)*VLOOKUP($B10,ArtExpFactors,3,FALSE)*SUMIFS(C$67:C$68,$B$67:$B$68,"*"&RIGHT($B10,4))*SUMIFS(C$72:C$74,$B$72:$B$74,"*"&RIGHT($B10,4))*VLOOKUP($B10,ArtExpFactors,4,FALSE)*HLOOKUP($I$4,ATypeCap,2,FALSE) -> #REF! | D10: =VLOOKUP($B10,ArtExpFactors,2,FALSE)*VLOOKUP($B10,ArtExpFactors,3,FALSE)*SUMIFS(D$67:D$68,$B$67:$B$68,"*"&RIGHT($B10,4))*SUMIFS(D$72:D$74,$B$72:$B$74,"*"&RIGHT($B10,4))*VLOOKUP($B10,ArtExpFactors,4,FALSE)*HLOOKUP($I$4,ATypeCap,2,FALSE) -> #REF! | E10: =VLOOKUP($B10,ArtExpFactors,2,FALSE)*VLOOKUP($B10,ArtExpFactors,3,FALSE)*SUMIFS(E$67:E$68,$B$67:$B$68,"*"&RIGHT($B10,4))*SUMIFS(E$72:E$74,$B$72:$B$74,"*"&RIGHT($B10,4))*VLOOKUP($B10,ArtExpFactors,4,FALSE)*HLOOKUP($I$4,ATypeCap,2,FALSE) -> #REF! | F10: =VLOOKUP($B10,ArtExpFactors,2,FALSE)*VLOOKUP($B10,ArtExpFactors,3,FALSE)*SUMIFS(F$67:F$68,$B$67:$B$68,"*"&RIGHT($B10,4))*SUMIFS(F$72:F$74,$B$72:$B$74,"*"&RIGHT($B10,4))*VLOOKUP($B10,ArtExpFactors,4,FALSE)*HLOOKUP($I$4,ATypeCap,2,FALSE) -> #REF! | G10: =F10*F10/E10 -> #REF! | H10: =G10*G10/F10 -> #REF! | I10: =H10*H10/G10 -> #REF! | W10: =B9 & ", " & E7 -> Minor Arterial, 3 lanes | Z10: =VLOOKUP($B9,ArtExpFactors,2,FALSE)*VLOOKUP($B9,ArtExpFactors,3,FALSE)*SUMIFS($E$67:$E$68,$B$67:$B$68,"*"&RIGHT($B9,4))*SUMIFS($E$72:$E$74,$B$72:$B$74,"*"&RIGHT($B9,4))*VLOOKUP($B9,ArtExpFactors,4,FALSE)*C$78 -> #REF! | AA10: =VLOOKUP($B9,ArtExpFactors,2,FALSE)*VLOOKUP($B9,ArtExpFactors,3,FALSE)*SUMIFS($E$67:$E$68,$B$67:$B$68,"*"&RIGHT($B9,4))*SUMIFS($E$72:$E$74,$B$72:$B$74,"*"&RIGHT($B9,4))*VLOOKUP($B9,ArtExpFactors,4,FALSE)*D$78 -> #REF! | AB10: =VLOOKUP($B9,ArtExpFactors,2,FALSE)*VLOOKUP($B9,ArtExpFactors,3,FALSE)*SUMIFS($E$67:$E$68,$B$67:$B$68,"*"&RIGHT($B9,4))*SUMIFS($E$72:$E$74,$B$72:$B$74,"*"&RIGHT($B9,4))*VLOOKUP($B9,ArtExpFactors,4,FALSE)*E$78 -> #REF! | AC10: =VLOOKUP($B9,ArtExpFactors,2,FALSE)*VLOOKUP($B9,ArtExpFactors,3,FALSE)*SUMIFS($E$67:$E$68,$B$67:$B$68,"*"&RIGHT($B9,4))*SUMIFS($E$72:$E$74,$B$72:$B$74,"*"&RIGHT($B9,4))*VLOOKUP($B9,ArtExpFactors,4,FALSE)*F$78 -> #REF! | AD10: =VLOOKUP($B9,ArtExpFactors,2,FALSE)*VLOOKUP($B9,ArtExpFactors,3,FALSE)*SUMIFS($E$67:$E$68,$B$67:$B$68,"*"&RIGHT($B9,4))*SUMIFS($E$72:$E$74,$B$72:$B$74,"*"&RIGHT($B9,4))*VLOOKUP($B9,ArtExpFactors,4,FALSE)*G$78 -> #REF! | AI10: =IFERROR(ROUND(C10/$AI$3*2*LEFT(AI$7,1),-3),"") | AJ10: =IFERROR(ROUND(D10/$AI$3*2*LEFT(AJ$7,1),-3),"") | AK10: =IFERROR(ROUND(E10/$AI$3*2*LEFT(AK$7,1),-3),"")
A11: 5 | B11: Minor Collector | C11: =VLOOKUP($B11,ArtExpFactors,2,FALSE)*VLOOKUP($B11,ArtExpFactors,3,FALSE)*SUMIFS(C$67:C$68,$B$67:$B$68,"*"&RIGHT($B11,4))*SUMIFS(C$72:C$74,$B$72:$B$74,"*"&RIGHT($B11,4))*VLOOKUP($B11,ArtExpFactors,4,FALSE)*HLOOKUP($I$4,ATypeCap,2,FALSE) -> #REF! | D11: =VLOOKUP($B11,ArtExpFactors,2,FALSE)*VLOOKUP($B11,ArtExpFactors,3,FALSE)*SUMIFS(D$67:D$68,$B$67:$B$68,"*"&RIGHT($B11,4))*SUMIFS(D$72:D$74,$B$72:$B$74,"*"&RIGHT($B11,4))*VLOOKUP($B11,ArtExpFactors,4,FALSE)*HLOOKUP($I$4,ATypeCap,2,FALSE) -> #REF! | E11: =VLOOKUP($B11,ArtExpFactors,2,FALSE)*VLOOKUP($B11,ArtExpFactors,3,FALSE)*SUMIFS(E$67:E$68,$B$67:$B$68,"*"&RIGHT($B11,4))*SUMIFS(E$72:E$74,$B$72:$B$74,"*"&RIGHT($B11,4))*VLOOKUP($B11,ArtExpFactors,4,FALSE)*HLOOKUP($I$4,ATypeCap,2,FALSE) -> #REF! | F11: =VLOOKUP($B11,ArtExpFactors,2,FALSE)*VLOOKUP($B11,ArtExpFactors,3,FALSE)*SUMIFS(F$67:F$68,$B$67:$B$68,"*"&RIGHT($B11,4))*SUMIFS(F$72:F$74,$B$72:$B$74,"*"&RIGHT($B11,4))*VLOOKUP($B11,ArtExpFactors,4,FALSE)*HLOOKUP($I$4,ATypeCap,2,FALSE) -> #REF! | G11: =F11*F11/E11 -> #REF! | H11: =G11*G11/F11 -> #REF! | I11: =H11*H11/G11 -> #REF! | W11: =B10 & ", " & C7 -> Major Collector, 1 lane | Z11: =VLOOKUP($B10,ArtExpFactors,2,FALSE)*VLOOKUP($B10,ArtExpFactors,3,FALSE)*SUMIFS($C$67:$C$68,$B$67:$B$68,"*"&RIGHT($B10,4))*SUMIFS($C$72:$C$74,$B$72:$B$74,"*"&RIGHT($B10,4))*VLOOKUP($B10,ArtExpFactors,4,FALSE)*C$78 -> #REF! | AA11: =VLOOKUP($B10,ArtExpFactors,2,FALSE)*VLOOKUP($B10,ArtExpFactors,3,FALSE)*SUMIFS($C$67:$C$68,$B$67:$B$68,"*"&RIGHT($B10,4))*SUMIFS($C$72:$C$74,$B$72:$B$74,"*"&RIGHT($B10,4))*VLOOKUP($B10,ArtExpFactors,4,FALSE)*D$78 -> #REF! | AB11: =VLOOKUP($B10,ArtExpFactors,2,FALSE)*VLOOKUP($B10,ArtExpFactors,3,FALSE)*SUMIFS($C$67:$C$68,$B$67:$B$68,"*"&RIGHT($B10,4))*SUMIFS($C$72:$C$74,$B$72:$B$74,"*"&RIGHT($B10,4))*VLOOKUP($B10,ArtExpFactors,4,FALSE)*E$78 -> #REF! | AC11: =VLOOKUP($B10,ArtExpFactors,2,FALSE)*VLOOKUP($B10,ArtExpFactors,3,FALSE)*SUMIFS($C$67:$C$68,$B$67:$B$68,"*"&RIGHT($B10,4))*SUMIFS($C$72:$C$74,$B$72:$B$74,"*"&RIGHT($B10,4))*VLOOKUP($B10,ArtExpFactors,4,FALSE)*F$78 -> #REF! | AD11: =VLOOKUP($B10,ArtExpFactors,2,FALSE)*VLOOKUP($B10,ArtExpFactors,3,FALSE)*SUMIFS($C$67:$C$68,$B$67:$B$68,"*"&RIGHT($B10,4))*SUMIFS($C$72:$C$74,$B$72:$B$74,"*"&RIGHT($B10,4))*VLOOKUP($B10,ArtExpFactors,4,FALSE)*G$78 -> #REF! | AI11: =IFERROR(ROUND(C11/$AI$3*2*LEFT(AI$7,1),-3),"") | AJ11: =IFERROR(ROUND(D11/$AI$3*2*LEFT(AJ$7,1),-3),"") | AK11: =IFERROR(ROUND(E11/$AI$3*2*LEFT(AK$7,1),-3),"")
A12: 6 | B12: Local | C12: =C11*0.8 -> #REF! | D12: =D11*0.8 -> #REF! | E12: =E11*0.8 -> #REF! | F12: =F11*0.8 -> #REF! | G12: =G11*0.8 -> #REF! | H12: =H11*0.8 -> #REF! | I12: =I11*0.8 -> #REF! | W12: =B10 & ", " & D7 -> Major Collector, 2 lanes | Z12: =VLOOKUP($B10,ArtExpFactors,2,FALSE)*VLOOKUP($B10,ArtExpFactors,3,FALSE)*SUMIFS($D$67:$D$68,$B$67:$B$68,"*"&RIGHT($B10,4))*SUMIFS($D$72:$D$74,$B$72:$B$74,"*"&RIGHT($B10,4))*VLOOKUP($B10,ArtExpFactors,4,FALSE)*C$78 -> #REF! | AA12: =VLOOKUP($B10,ArtExpFactors,2,FALSE)*VLOOKUP($B10,ArtExpFactors,3,FALSE)*SUMIFS($D$67:$D$68,$B$67:$B$68,"*"&RIGHT($B10,4))*SUMIFS($D$72:$D$74,$B$72:$B$74,"*"&RIGHT($B10,4))*VLOOKUP($B10,ArtExpFactors,4,FALSE)*D$78 -> #REF! | AB12: =VLOOKUP($B10,ArtExpFactors,2,FALSE)*VLOOKUP($B10,ArtExpFactors,3,FALSE)*SUMIFS($D$67:$D$68,$B$67:$B$68,"*"&RIGHT($B10,4))*SUMIFS($D$72:$D$74,$B$72:$B$74,"*"&RIGHT($B10,4))*VLOOKUP($B10,ArtExpFactors,4,FALSE)*E$78 -> #REF! | AC12: =VLOOKUP($B10,ArtExpFactors,2,FALSE)*VLOOKUP($B10,ArtExpFactors,3,FALSE)*SUMIFS($D$67:$D$68,$B$67:$B$68,"*"&RIGHT($B10,4))*SUMIFS($D$72:$D$74,$B$72:$B$74,"*"&RIGHT($B10,4))*VLOOKUP($B10,ArtExpFactors,4,FALSE)*F$78 -> #REF! | AD12: =VLOOKUP($B10,ArtExpFactors,2,FALSE)*VLOOKUP($B10,ArtExpFactors,3,FALSE)*SUMIFS($D$67:$D$68,$B$67:$B$68,"*"&RIGHT($B10,4))*SUMIFS($D$72:$D$74,$B$72:$B$74,"*"&RIGHT($B10,4))*VLOOKUP($B10,ArtExpFactors,4,FALSE)*G$78 -> #REF! | AI12: =IFERROR(ROUND(C12/$AI$3*2*LEFT(AI$7,1),-3),"")
A13: 7 | B13: Unpaved | C13: 300 | D13: =C13 -> 300 | E13: =D13 -> 300 | F13: =E13 -> 300 | G13: =F13 -> 300 | H13: =G13 -> 300 | I13: =H13 -> 300 | W13: =B11 & ", " & C7 -> Minor Collector, 1 lane | Z13: =VLOOKUP($B11,ArtExpFactors,2,FALSE)*VLOOKUP($B11,ArtExpFactors,3,FALSE)*SUMIFS($C$67:$C$68,$B$67:$B$68,"*"&RIGHT($B11,4))*SUMIFS($C$72:$C$74,$B$72:$B$74,"*"&RIGHT($B11,4))*VLOOKUP($B11,ArtExpFactors,4,FALSE)*C$78 -> #REF! | AA13: =VLOOKUP($B11,ArtExpFactors,2,FALSE)*VLOOKUP($B11,ArtExpFactors,3,FALSE)*SUMIFS($C$67:$C$68,$B$67:$B$68,"*"&RIGHT($B11,4))*SUMIFS($C$72:$C$74,$B$72:$B$74,"*"&RIGHT($B11,4))*VLOOKUP($B11,ArtExpFactors,4,FALSE)*D$78 -> #REF! | AB13: =VLOOKUP($B11,ArtExpFactors,2,FALSE)*VLOOKUP($B11,ArtExpFactors,3,FALSE)*SUMIFS($C$67:$C$68,$B$67:$B$68,"*"&RIGHT($B11,4))*SUMIFS($C$72:$C$74,$B$72:$B$74,"*"&RIGHT($B11,4))*VLOOKUP($B11,ArtExpFactors,4,FALSE)*E$78 -> #REF! | AC13: =VLOOKUP($B11,ArtExpFactors,2,FALSE)*VLOOKUP($B11,ArtExpFactors,3,FALSE)*SUMIFS($C$67:$C$68,$B$67:$B$68,"*"&RIGHT($B11,4))*SUMIFS($C$72:$C$74,$B$72:$B$74,"*"&RIGHT($B11,4))*VLOOKUP($B11,ArtExpFactors,4,FALSE)*F$78 -> #REF! | AD13: =VLOOKUP($B11,ArtExpFactors,2,FALSE)*VLOOKUP($B11,ArtExpFactors,3,FALSE)*SUMIFS($C$67:$C$68,$B$67:$B$68,"*"&RIGHT($B11,4))*SUMIFS($C$72:$C$74,$B$72:$B$74,"*"&RIGHT($B11,4))*VLOOKUP($B11,ArtExpFactors,4,FALSE)*G$78 -> #REF!
A14: * Capacity on one-way arterials/collectors increases by 20%
A16: 12 | B16: ='SFF 8.1'!D15 -> Expressway, posted 60-70 mph | C16: =VLOOKUP($B16,ArtExpFactors,2,FALSE)*VLOOKUP($B16,ArtExpFactors,3,FALSE)*SUMIFS(C$67:C$69,$B$67:$B$69,LEFT($B16,4)&"*")*SUMIFS(C$72:C$74,$B$72:$B$74,LEFT($B16,4)&"*")*VLOOKUP($B16,ArtExpFactors,4,FALSE) -> #REF! | D16: =VLOOKUP($B16,ArtExpFactors,2,FALSE)*VLOOKUP($B16,ArtExpFactors,3,FALSE)*SUMIFS(D$67:D$69,$B$67:$B$69,LEFT($B16,4)&"*")*SUMIFS(D$72:D$74,$B$72:$B$74,LEFT($B16,4)&"*")*VLOOKUP($B16,ArtExpFactors,4,FALSE) -> #REF! | E16: =VLOOKUP($B16,ArtExpFactors,2,FALSE)*VLOOKUP($B16,ArtExpFactors,3,FALSE)*SUMIFS(E$67:E$69,$B$67:$B$69,LEFT($B16,4)&"*")*SUMIFS(E$72:E$74,$B$72:$B$74,LEFT($B16,4)&"*")*VLOOKUP($B16,ArtExpFactors,4,FALSE) -> #REF! | F16: =VLOOKUP($B16,ArtExpFactors,2,FALSE)*VLOOKUP($B16,ArtExpFactors,3,FALSE)*SUMIFS(F$67:F$69,$B$67:$B$69,LEFT($B16,4)&"*")*SUMIFS(F$72:F$74,$B$72:$B$74,LEFT($B16,4)&"*")*VLOOKUP($B16,ArtExpFactors,4,FALSE) -> #REF! | G16: =F16*F16/E16 -> #REF! | H16: =G16*G16/F16 -> #REF! | I16: =H16*H16/G16 -> #REF! | AI16: =IFERROR(ROUND(C16/$AI$3*2*LEFT(AI$7,1),-3),"") | AJ16: =IFERROR(ROUND(D16/$AI$3*2*LEFT(AJ$7,1),-3),"") | AK16: =IFERROR(ROUND(E16/$AI$3*2*LEFT(AK$7,1),-3),"")
A17: 13 | B17: ='SFF 8.1'!D16 -> Expressway, posted 55-65 mph | C17: =VLOOKUP($B17,ArtExpFactors,2,FALSE)*VLOOKUP($B17,ArtExpFactors,3,FALSE)*SUMIFS(C$67:C$69,$B$67:$B$69,LEFT($B17,4)&"*")*SUMIFS(C$72:C$74,$B$72:$B$74,LEFT($B17,4)&"*")*VLOOKUP($B17,ArtExpFactors,4,FALSE) -> #REF! | D17: =VLOOKUP($B17,ArtExpFactors,2,FALSE)*VLOOKUP($B17,ArtExpFactors,3,FALSE)*SUMIFS(D$67:D$69,$B$67:$B$69,LEFT($B17,4)&"*")*SUMIFS(D$72:D$74,$B$72:$B$74,LEFT($B17,4)&"*")*VLOOKUP($B17,ArtExpFactors,4,FALSE) -> #REF! | E17: =VLOOKUP($B17,ArtExpFactors,2,FALSE)*VLOOKUP($B17,ArtExpFactors,3,FALSE)*SUMIFS(E$67:E$69,$B$67:$B$69,LEFT($B17,4)&"*")*SUMIFS(E$72:E$74,$B$72:$B$74,LEFT($B17,4)&"*")*VLOOKUP($B17,ArtExpFactors,4,FALSE) -> #REF! | F17: =VLOOKUP($B17,ArtExpFactors,2,FALSE)*VLOOKUP($B17,ArtExpFactors,3,FALSE)*SUMIFS(F$67:F$69,$B$67:$B$69,LEFT($B17,4)&"*")*SUMIFS(F$72:F$74,$B$72:$B$74,LEFT($B17,4)&"*")*VLOOKUP($B17,ArtExpFactors,4,FALSE) -> #REF! | G17: =F17*F17/E17 -> #REF! | H17: =G17*G17/F17 -> #REF! | I17: =H17*H17/G17 -> #REF! | AI17: =IFERROR(ROUND(C17/$AI$3*2*LEFT(AI$7,1),-3),"") | AJ17: =IFERROR(ROUND(D17/$AI$3*2*LEFT(AJ$7,1),-3),"") | AK17: =IFERROR(ROUND(E17/$AI$3*2*LEFT(AK$7,1),-3),"")
A18: 14 | B18: ='SFF 8.1'!D17 -> Expressway, posted 50-60 mph | C18: =VLOOKUP($B18,ArtExpFactors,2,FALSE)*VLOOKUP($B18,ArtExpFactors,3,FALSE)*SUMIFS(C$67:C$69,$B$67:$B$69,LEFT($B18,4)&"*")*SUMIFS(C$72:C$74,$B$72:$B$74,LEFT($B18,4)&"*")*VLOOKUP($B18,ArtExpFactors,4,FALSE) -> #REF! | D18: =VLOOKUP($B18,ArtExpFactors,2,FALSE)*VLOOKUP($B18,ArtExpFactors,3,FALSE)*SUMIFS(D$67:D$69,$B$67:$B$69,LEFT($B18,4)&"*")*SUMIFS(D$72:D$74,$B$72:$B$74,LEFT($B18,4)&"*")*VLOOKUP($B18,ArtExpFactors,4,FALSE) -> #REF! | E18: =VLOOKUP($B18,ArtExpFactors,2,FALSE)*VLOOKUP($B18,ArtExpFactors,3,FALSE)*SUMIFS(E$67:E$69,$B$67:$B$69,LEFT($B18,4)&"*")*SUMIFS(E$72:E$74,$B$72:$B$74,LEFT($B18,4)&"*")*VLOOKUP($B18,ArtExpFactors,4,FALSE) -> #REF! | F18: =VLOOKUP($B18,ArtExpFactors,2,FALSE)*VLOOKUP($B18,ArtExpFactors,3,FALSE)*SUMIFS(F$67:F$69,$B$67:$B$69,LEFT($B18,4)&"*")*SUMIFS(F$72:F$74,$B$72:$B$74,LEFT($B18,4)&"*")*VLOOKUP($B18,ArtExpFactors,4,FALSE) -> #REF! | G18: =F18*F18/E18 -> #REF! | H18: =G18*G18/F18 -> #REF! | I18: =H18*H18/G18 -> #REF! | AI18: =IFERROR(ROUND(C18/$AI$3*2*LEFT(AI$7,1),-3),"") | AJ18: =IFERROR(ROUND(D18/$AI$3*2*LEFT(AJ$7,1),-3),"") | AK18: =IFERROR(ROUND(E18/$AI$3*2*LEFT(AK$7,1),-3),"")
A19: 15 | B19: ='SFF 8.1'!D18 -> Expressway, posted 45-55 mph | C19: =VLOOKUP($B19,ArtExpFactors,2,FALSE)*VLOOKUP($B19,ArtExpFactors,3,FALSE)*SUMIFS(C$67:C$69,$B$67:$B$69,LEFT($B19,4)&"*")*SUMIFS(C$72:C$74,$B$72:$B$74,LEFT($B19,4)&"*")*VLOOKUP($B19,ArtExpFactors,4,FALSE) -> #REF! | D19: =VLOOKUP($B19,ArtExpFactors,2,FALSE)*VLOOKUP($B19,ArtExpFactors,3,FALSE)*SUMIFS(D$67:D$69,$B$67:$B$69,LEFT($B19,4)&"*")*SUMIFS(D$72:D$74,$B$72:$B$74,LEFT($B19,4)&"*")*VLOOKUP($B19,ArtExpFactors,4,FALSE) -> #REF! | E19: =VLOOKUP($B19,ArtExpFactors,2,FALSE)*VLOOKUP($B19,ArtExpFactors,3,FALSE)*SUMIFS(E$67:E$69,$B$67:$B$69,LEFT($B19,4)&"*")*SUMIFS(E$72:E$74,$B$72:$B$74,LEFT($B19,4)&"*")*VLOOKUP($B19,ArtExpFactors,4,FALSE) -> #REF! | F19: =VLOOKUP($B19,ArtExpFactors,2,FALSE)*VLOOKUP($B19,ArtExpFactors,3,FALSE)*SUMIFS(F$67:F$69,$B$67:$B$69,LEFT($B19,4)&"*")*SUMIFS(F$72:F$74,$B$72:$B$74,LEFT($B19,4)&"*")*VLOOKUP($B19,ArtExpFactors,4,FALSE) -> #REF! | G19: =F19*F19/E19 -> #REF! | H19: =G19*G19/F19 -> #REF! | I19: =H19*H19/G19 -> #REF! | AI19: =IFERROR(ROUND(C19/$AI$3*2*LEFT(AI$7,1),-3),"") | AJ19: =IFERROR(ROUND(D19/$AI$3*2*LEFT(AJ$7,1),-3),"") | AK19: =IFERROR(ROUND(E19/$AI$3*2*LEFT(AK$7,1),-3),"")
F21: Capacity per hour per lane
C22: 1 lane | D22: 2 lanes | E22: 3 lanes | F22: 4 lanes | G22: 5 lanes | H22: 6 lanes | I22: 7 lanes | AI22: Cap1hr1ln
A23: 20 | B23: MM: fwy-to-fwy loop ramp | C23: =C34 -> #REF! | D23: =D34 -> #REF! | E23: =E34 -> #REF! | F23: =F34 -> #REF! | G23: =G34 -> #REF! | H23: =H34 -> #REF! | I23: =I34 -> #REF!
A24: 21 | B24: MM: C-D road, flyover ramp | C24: =C35 -> #REF! | D24: =D35 -> #REF! | E24: =E35 -> #REF! | F24: =F35 -> #REF! | G24: =G35 -> #REF! | H24: =H35 -> #REF! | I24: =I35 -> #REF!
A25: 22 | B25: MM: posted 55-60 mph | C25: =$C$86 * VLOOKUP(C$22,FwyFleLookup,2,FALSE) -> #REF! | D25: =$C$86 * VLOOKUP(D$22,FwyFleLookup,2,FALSE) -> #REF! | E25: =$C$86 * VLOOKUP(E$22,FwyFleLookup,2,FALSE) -> #REF! | F25: =$C$86 * VLOOKUP(F$22,FwyFleLookup,2,FALSE) -> #REF! | G25: =$C$86 * VLOOKUP(G$22,FwyFleLookup,2,FALSE) -> #REF! | H25: =$C$86 * VLOOKUP(H$22,FwyFleLookup,2,FALSE) -> #REF! | I25: =$C$86 * VLOOKUP(I$22,FwyFleLookup,2,FALSE) -> #REF!
A26: 23 | B26: MM: posted 65 mph, no aux lane | C26: =$C$86 * VLOOKUP(C$22,FwyFleLookup,2,FALSE) -> #REF! | D26: =$C$86 * VLOOKUP(D$22,FwyFleLookup,2,FALSE) -> #REF! | E26: =$C$86 * VLOOKUP(E$22,FwyFleLookup,2,FALSE) -> #REF! | F26: =$C$86 * VLOOKUP(F$22,FwyFleLookup,2,FALSE) -> #REF! | G26: =$C$86 * VLOOKUP(G$22,FwyFleLookup,2,FALSE) -> #REF! | H26: =$C$86 * VLOOKUP(H$22,FwyFleLookup,2,FALSE) -> #REF! | I26: =$C$86 * VLOOKUP(I$22,FwyFleLookup,2,FALSE) -> #REF!
A27: 24 | B27: MM: posted 65 mph, aux lane | C27: =D27 -> #REF! | D27: =$C$86 * VLOOKUP(D$22,FwyFleLookup,2,FALSE) + $D91/LEFT(D$22,2) -> #REF! | E27: =$C$86 * VLOOKUP(E$22,FwyFleLookup,2,FALSE) + $D91/LEFT(E$22,2) -> #REF! | F27: =$C$86 * VLOOKUP(F$22,FwyFleLookup,2,FALSE) + $D91/LEFT(F$22,2) -> #REF! | G27: =$C$86 * VLOOKUP(G$22,FwyFleLookup,2,FALSE) + $D91/LEFT(G$22,2) -> #REF! | H27: =$C$86 * VLOOKUP(H$22,FwyFleLookup,2,FALSE) + $D91/LEFT(H$22,2) -> #REF! | I27: =$C$86 * VLOOKUP(I$22,FwyFleLookup,2,FALSE) + $D91/LEFT(I$22,2) -> #REF!
A28: 25 | B28: MM: posted 75 mph, no aux lane | C28: =$C$86 * VLOOKUP(C$22,FwyFleLookup,2,FALSE) -> #REF! | D28: =$C$86 * VLOOKUP(D$22,FwyFleLookup,2,FALSE) -> #REF! | E28: =$C$86 * VLOOKUP(E$22,FwyFleLookup,2,FALSE) -> #REF! | F28: =$C$86 * VLOOKUP(F$22,FwyFleLookup,2,FALSE) -> #REF! | G28: =$C$86 * VLOOKUP(G$22,FwyFleLookup,2,FALSE) -> #REF! | H28: =$C$86 * VLOOKUP(H$22,FwyFleLookup,2,FALSE) -> #REF! | I28: =$C$86 * VLOOKUP(I$22,FwyFleLookup,2,FALSE) -> #REF!
A29: 26 | B29: MM: posted 75 mph, aux lane | C29: =D29 -> #REF! | D29: =$C$86 * VLOOKUP(D$22,FwyFleLookup,2,FALSE) + $D93/LEFT(D$22,2) -> #REF! | E29: =$C$86 * VLOOKUP(E$22,FwyFleLookup,2,FALSE) + $D93/LEFT(E$22,2) -> #REF! | F29: =$C$86 * VLOOKUP(F$22,FwyFleLookup,2,FALSE) + $D93/LEFT(F$22,2) -> #REF! | G29: =$C$86 * VLOOKUP(G$22,FwyFleLookup,2,FALSE) + $D93/LEFT(G$22,2) -> #REF! | H29: =$C$86 * VLOOKUP(H$22,FwyFleLookup,2,FALSE) + $D93/LEFT(H$22,2) -> #REF! | I29: =$C$86 * VLOOKUP(I$22,FwyFleLookup,2,FALSE) + $D93/LEFT(I$22,2) -> #REF!
A30: 27 | B30: place holder | C30: =$C$86 * VLOOKUP(C$22,FwyFleLookup,2,FALSE) -> #REF! | D30: =$C$86 * VLOOKUP(D$22,FwyFleLookup,2,FALSE) -> #REF! | E30: =$C$86 * VLOOKUP(E$22,FwyFleLookup,2,FALSE) -> #REF! | F30: =$C$86 * VLOOKUP(F$22,FwyFleLookup,2,FALSE) -> #REF! | G30: =$C$86 * VLOOKUP(G$22,FwyFleLookup,2,FALSE) -> #REF! | H30: =$C$86 * VLOOKUP(H$22,FwyFleLookup,2,FALSE) -> #REF! | I30: =$C$86 * VLOOKUP(I$22,FwyFleLookup,2,FALSE) -> #REF!
A31: 28 | B31: MM: On-ramp | C31: =C45 -> 1200 | D31: =D45 -> 900 | E31: =E45 -> 600 | F31: =F45 -> 600 | G31: =G45 -> 600 | H31: =H45 -> 600 | I31: =I45 -> 600
A32: 29 | B32: MM: Off-ramp | C32: =C46 -> #REF! | D32: =D46 -> #REF! | E32: =E46 -> #REF! | F32: =F46 -> #REF! | G32: =G46 -> #REF! | H32: =H46 -> #REF! | I32: =I46 -> #REF!
A34: 30 | B34: Fwy: fwy-to-fwy loop ramp | C34: =MROUND((VLOOKUP($B34,FwyCapFactors,2,FALSE)*LEFT(C$22,1)*$C$99*VLOOKUP(C$22,FwyFleLookup,2,FALSE)*$C$100+VLOOKUP($B34,FwyCapFactors,3,FALSE))/LEFT(C$22,1),50) -> #REF! | D34: =C34*0.8 -> #REF! | E34: =D34*0.8 -> #REF! | F34: =E34 -> #REF! | G34: =F34 -> #REF! | H34: =G34 -> #REF! | I34: =H34 -> #REF! | AI34: Lanes | AJ34: Sat Flow | AK34: Cap1hr1ln
A35: 31 | B35: Fwy: C-D road, flyover ramp | C35: =(VLOOKUP($B35,FwyCapFactors,2,FALSE)*LEFT(C$22,1)*$C$99*VLOOKUP(C$22,FwyFleLookup,2,FALSE)*$C$100+VLOOKUP($B35,FwyCapFactors,3,FALSE))/LEFT(C$22,1) -> #REF! | D35: =(VLOOKUP($B35,FwyCapFactors,2,FALSE)*LEFT(D$22,1)*$C$99*VLOOKUP(D$22,FwyFleLookup,2,FALSE)*$C$100+VLOOKUP($B35,FwyCapFactors,3,FALSE))/LEFT(D$22,1) -> #REF! | E35: =(VLOOKUP($B35,FwyCapFactors,2,FALSE)*LEFT(E$22,1)*$C$99*VLOOKUP(E$22,FwyFleLookup,2,FALSE)*$C$100+VLOOKUP($B35,FwyCapFactors,3,FALSE))/LEFT(E$22,1) -> #REF! | F35: =(VLOOKUP($B35,FwyCapFactors,2,FALSE)*LEFT(F$22,1)*$C$99*VLOOKUP(F$22,FwyFleLookup,2,FALSE)*$C$100+VLOOKUP($B35,FwyCapFactors,3,FALSE))/LEFT(F$22,1) -> #REF! | G35: =(VLOOKUP($B35,FwyCapFactors,2,FALSE)*LEFT(G$22,1)*$C$99*VLOOKUP(G$22,FwyFleLookup,2,FALSE)*$C$100+VLOOKUP($B35,FwyCapFactors,3,FALSE))/LEFT(G$22,1) -> #REF! | H35: =(VLOOKUP($B35,FwyCapFactors,2,FALSE)*LEFT(H$22,1)*$C$99*VLOOKUP(H$22,FwyFleLookup,2,FALSE)*$C$100+VLOOKUP($B35,FwyCapFactors,3,FALSE))/LEFT(H$22,1) -> #REF! | I35: =(VLOOKUP($B35,FwyCapFactors,2,FALSE)*LEFT(I$22,1)*$C$99*VLOOKUP(I$22,FwyFleLookup,2,FALSE)*$C$100+VLOOKUP($B35,FwyCapFactors,3,FALSE))/LEFT(I$22,1) -> #REF! | AI35: 2 | AJ35: =C91 -> 1821.25 | AK35: =D38 -> #REF!
A36: 32 | B36: Fwy: posted 55-60 mph | C36: =(VLOOKUP($B36,FwyCapFactors,2,FALSE)*LEFT(C$22,1)*$C$99*VLOOKUP(C$22,FwyFleLookup,2,FALSE)*$C$100+VLOOKUP($B36,FwyCapFactors,3,FALSE))/LEFT(C$22,1) -> #REF! | D36: =(VLOOKUP($B36,FwyCapFactors,2,FALSE)*LEFT(D$22,1)*$C$99*VLOOKUP(D$22,FwyFleLookup,2,FALSE)*$C$100+VLOOKUP($B36,FwyCapFactors,3,FALSE))/LEFT(D$22,1) -> #REF! | E36: =(VLOOKUP($B36,FwyCapFactors,2,FALSE)*LEFT(E$22,1)*$C$99*VLOOKUP(E$22,FwyFleLookup,2,FALSE)*$C$100+VLOOKUP($B36,FwyCapFactors,3,FALSE))/LEFT(E$22,1) -> #REF! | F36: =(VLOOKUP($B36,FwyCapFactors,2,FALSE)*LEFT(F$22,1)*$C$99*VLOOKUP(F$22,FwyFleLookup,2,FALSE)*$C$100+VLOOKUP($B36,FwyCapFactors,3,FALSE))/LEFT(F$22,1) -> #REF! | G36: =(VLOOKUP($B36,FwyCapFactors,2,FALSE)*LEFT(G$22,1)*$C$99*VLOOKUP(G$22,FwyFleLookup,2,FALSE)*$C$100+VLOOKUP($B36,FwyCapFactors,3,FALSE))/LEFT(G$22,1) -> #REF! | H36: =(VLOOKUP($B36,FwyCapFactors,2,FALSE)*LEFT(H$22,1)*$C$99*VLOOKUP(H$22,FwyFleLookup,2,FALSE)*$C$100+VLOOKUP($B36,FwyCapFactors,3,FALSE))/LEFT(H$22,1) -> #REF! | I36: =(VLOOKUP($B36,FwyCapFactors,2,FALSE)*LEFT(I$22,1)*$C$99*VLOOKUP(I$22,FwyFleLookup,2,FALSE)*$C$100+VLOOKUP($B36,FwyCapFactors,3,FALSE))/LEFT(I$22,1) -> #REF! | AI36: 3 | AJ36: =AJ35 -> 1821.25 | AK36: =E38 -> #REF!
A37: 33 | B37: Fwy: posted 65 mph, no aux lane | C37: =(VLOOKUP($B37,FwyCapFactors,2,FALSE)*LEFT(C$22,1)*$C$99*VLOOKUP(C$22,FwyFleLookup,2,FALSE)*$C$100+VLOOKUP($B37,FwyCapFactors,3,FALSE))/LEFT(C$22,1) -> #REF! | D37: =(VLOOKUP($B37,FwyCapFactors,2,FALSE)*LEFT(D$22,1)*$C$99*VLOOKUP(D$22,FwyFleLookup,2,FALSE)*$C$100+VLOOKUP($B37,FwyCapFactors,3,FALSE))/LEFT(D$22,1) -> #REF! | E37: =(VLOOKUP($B37,FwyCapFactors,2,FALSE)*LEFT(E$22,1)*$C$99*VLOOKUP(E$22,FwyFleLookup,2,FALSE)*$C$100+VLOOKUP($B37,FwyCapFactors,3,FALSE))/LEFT(E$22,1) -> #REF! | F37: =(VLOOKUP($B37,FwyCapFactors,2,FALSE)*LEFT(F$22,1)*$C$99*VLOOKUP(F$22,FwyFleLookup,2,FALSE)*$C$100+VLOOKUP($B37,FwyCapFactors,3,FALSE))/LEFT(F$22,1) -> #REF! | G37: =(VLOOKUP($B37,FwyCapFactors,2,FALSE)*LEFT(G$22,1)*$C$99*VLOOKUP(G$22,FwyFleLookup,2,FALSE)*$C$100+VLOOKUP($B37,FwyCapFactors,3,FALSE))/LEFT(G$22,1) -> #REF! | H37: =(VLOOKUP($B37,FwyCapFactors,2,FALSE)*LEFT(H$22,1)*$C$99*VLOOKUP(H$22,FwyFleLookup,2,FALSE)*$C$100+VLOOKUP($B37,FwyCapFactors,3,FALSE))/LEFT(H$22,1) -> #REF! | I37: =(VLOOKUP($B37,FwyCapFactors,2,FALSE)*LEFT(I$22,1)*$C$99*VLOOKUP(I$22,FwyFleLookup,2,FALSE)*$C$100+VLOOKUP($B37,FwyCapFactors,3,FALSE))/LEFT(I$22,1) -> #REF! | AI37: 4 | AJ37: =AJ36 -> 1821.25 | AK37: =F38 -> #REF!
A38: 34 | B38: Fwy: posted 65 mph, aux lane | C38: =D38 -> #REF! | D38: =(VLOOKUP($B38,FwyCapFactors,2,FALSE)*LEFT(D$22,1)*$C$99*VLOOKUP(D$22,FwyFleLookup,2,FALSE)*$C$100+VLOOKUP($B38,FwyCapFactors,3,FALSE))/LEFT(D$22,1) -> #REF! | E38: =(VLOOKUP($B38,FwyCapFactors,2,FALSE)*LEFT(E$22,1)*$C$99*VLOOKUP(E$22,FwyFleLookup,2,FALSE)*$C$100+VLOOKUP($B38,FwyCapFactors,3,FALSE))/LEFT(E$22,1) -> #REF! | F38: =(VLOOKUP($B38,FwyCapFactors,2,FALSE)*LEFT(F$22,1)*$C$99*VLOOKUP(F$22,FwyFleLookup,2,FALSE)*$C$100+VLOOKUP($B38,FwyCapFactors,3,FALSE))/LEFT(F$22,1) -> #REF! | G38: =(VLOOKUP($B38,FwyCapFactors,2,FALSE)*LEFT(G$22,1)*$C$99*VLOOKUP(G$22,FwyFleLookup,2,FALSE)*$C$100+VLOOKUP($B38,FwyCapFactors,3,FALSE))/LEFT(G$22,1) -> #REF! | H38: =(VLOOKUP($B38,FwyCapFactors,2,FALSE)*LEFT(H$22,1)*$C$99*VLOOKUP(H$22,FwyFleLookup,2,FALSE)*$C$100+VLOOKUP($B38,FwyCapFactors,3,FALSE))/LEFT(H$22,1) -> #REF! | I38: =(VLOOKUP($B38,FwyCapFactors,2,FALSE)*LEFT(I$22,1)*$C$99*VLOOKUP(I$22,FwyFleLookup,2,FALSE)*$C$100+VLOOKUP($B38,FwyCapFactors,3,FALSE))/LEFT(I$22,1) -> #REF! | AI38: 5 | AJ38: =AJ37 -> 1821.25 | AK38: =G38 -> #REF!
A39: 35 | B39: Fwy: posted 75 mph, no aux lane | C39: =(VLOOKUP($B39,FwyCapFactors,2,FALSE)*LEFT(C$22,1)*$C$99*VLOOKUP(C$22,FwyFleLookup,2,FALSE)*$C$100+VLOOKUP($B39,FwyCapFactors,3,FALSE))/LEFT(C$22,1) -> #REF! | D39: =(VLOOKUP($B39,FwyCapFactors,2,FALSE)*LEFT(D$22,1)*$C$99*VLOOKUP(D$22,FwyFleLookup,2,FALSE)*$C$100+VLOOKUP($B39,FwyCapFactors,3,FALSE))/LEFT(D$22,1) -> #REF! | E39: =(VLOOKUP($B39,FwyCapFactors,2,FALSE)*LEFT(E$22,1)*$C$99*VLOOKUP(E$22,FwyFleLookup,2,FALSE)*$C$100+VLOOKUP($B39,FwyCapFactors,3,FALSE))/LEFT(E$22,1) -> #REF! | F39: =(VLOOKUP($B39,FwyCapFactors,2,FALSE)*LEFT(F$22,1)*$C$99*VLOOKUP(F$22,FwyFleLookup,2,FALSE)*$C$100+VLOOKUP($B39,FwyCapFactors,3,FALSE))/LEFT(F$22,1) -> #REF! | G39: =(VLOOKUP($B39,FwyCapFactors,2,FALSE)*LEFT(G$22,1)*$C$99*VLOOKUP(G$22,FwyFleLookup,2,FALSE)*$C$100+VLOOKUP($B39,FwyCapFactors,3,FALSE))/LEFT(G$22,1) -> #REF! | H39: =(VLOOKUP($B39,FwyCapFactors,2,FALSE)*LEFT(H$22,1)*$C$99*VLOOKUP(H$22,FwyFleLookup,2,FALSE)*$C$100+VLOOKUP($B39,FwyCapFactors,3,FALSE))/LEFT(H$22,1) -> #REF! | I39: =(VLOOKUP($B39,FwyCapFactors,2,FALSE)*LEFT(I$22,1)*$C$99*VLOOKUP(I$22,FwyFleLookup,2,FALSE)*$C$100+VLOOKUP($B39,FwyCapFactors,3,FALSE))/LEFT(I$22,1) -> #REF! | AI39: 6 | AJ39: =AJ38 -> 1821.25 | AK39: =H38 -> #REF!
A40: 36 | B40: Fwy: posted 75 mph, aux lane | C40: =D40 -> #REF! | D40: =(VLOOKUP($B40,FwyCapFactors,2,FALSE)*LEFT(D$22,1)*$C$99*VLOOKUP(D$22,FwyFleLookup,2,FALSE)*$C$100+VLOOKUP($B40,FwyCapFactors,3,FALSE))/LEFT(D$22,1) -> #REF! | E40: =(VLOOKUP($B40,FwyCapFactors,2,FALSE)*LEFT(E$22,1)*$C$99*VLOOKUP(E$22,FwyFleLookup,2,FALSE)*$C$100+VLOOKUP($B40,FwyCapFactors,3,FALSE))/LEFT(E$22,1) -> #REF! | F40: =(VLOOKUP($B40,FwyCapFactors,2,FALSE)*LEFT(F$22,1)*$C$99*VLOOKUP(F$22,FwyFleLookup,2,FALSE)*$C$100+VLOOKUP($B40,FwyCapFactors,3,FALSE))/LEFT(F$22,1) -> #REF! | G40: =(VLOOKUP($B40,FwyCapFactors,2,FALSE)*LEFT(G$22,1)*$C$99*VLOOKUP(G$22,FwyFleLookup,2,FALSE)*$C$100+VLOOKUP($B40,FwyCapFactors,3,FALSE))/LEFT(G$22,1) -> #REF! | H40: =(VLOOKUP($B40,FwyCapFactors,2,FALSE)*LEFT(H$22,1)*$C$99*VLOOKUP(H$22,FwyFleLookup,2,FALSE)*$C$100+VLOOKUP($B40,FwyCapFactors,3,FALSE))/LEFT(H$22,1) -> #REF! | I40: =(VLOOKUP($B40,FwyCapFactors,2,FALSE)*LEFT(I$22,1)*$C$99*VLOOKUP(I$22,FwyFleLookup,2,FALSE)*$C$100+VLOOKUP($B40,FwyCapFactors,3,FALSE))/LEFT(I$22,1) -> #REF! | AI40: 7 | AJ40: =AJ39 -> 1821.25 | AK40: =I38 -> #REF!
A41: 37 | B41: Fwy: HOV lane | C41: =(VLOOKUP($B41,FwyCapFactors,2,FALSE)*LEFT(C$22,1)*$C$99*VLOOKUP(C$22,FwyFleLookup,2,FALSE)+VLOOKUP($B41,FwyCapFactors,3,FALSE))/LEFT(C$22,1) -> #REF! | D41: =(VLOOKUP($B41,FwyCapFactors,2,FALSE)*LEFT(D$22,1)*$C$99*VLOOKUP(D$22,FwyFleLookup,2,FALSE)+VLOOKUP($B41,FwyCapFactors,3,FALSE))/LEFT(D$22,1) -> #REF! | E41: =(VLOOKUP($B41,FwyCapFactors,2,FALSE)*LEFT(E$22,1)*$C$99*VLOOKUP(E$22,FwyFleLookup,2,FALSE)+VLOOKUP($B41,FwyCapFactors,3,FALSE))/LEFT(E$22,1) -> #REF! | F41: =(VLOOKUP($B41,FwyCapFactors,2,FALSE)*LEFT(F$22,1)*$C$99*VLOOKUP(F$22,FwyFleLookup,2,FALSE)+VLOOKUP($B41,FwyCapFactors,3,FALSE))/LEFT(F$22,1) -> #REF! | G41: =(VLOOKUP($B41,FwyCapFactors,2,FALSE)*LEFT(G$22,1)*$C$99*VLOOKUP(G$22,FwyFleLookup,2,FALSE)+VLOOKUP($B41,FwyCapFactors,3,FALSE))/LEFT(G$22,1) -> #REF! | H41: =(VLOOKUP($B41,FwyCapFactors,2,FALSE)*LEFT(H$22,1)*$C$99*VLOOKUP(H$22,FwyFleLookup,2,FALSE)+VLOOKUP($B41,FwyCapFactors,3,FALSE))/LEFT(H$22,1) -> #REF! | I41: =(VLOOKUP($B41,FwyCapFactors,2,FALSE)*LEFT(I$22,1)*$C$99*VLOOKUP(I$22,FwyFleLookup,2,FALSE)+VLOOKUP($B41,FwyCapFactors,3,FALSE))/LEFT(I$22,1) -> #REF!
A42: 38 | B42: Fwy: Managed lane | C42: =C41 -> #REF! | D42: =D41 -> #REF! | E42: =E41 -> #REF! | F42: =F41 -> #REF! | G42: =G41 -> #REF! | H42: =H41 -> #REF! | I42: =I41 -> #REF! | AI42: Cap1hr, all lanes
A43: 39 | B43: Fwy: Managed lane access | C43: =C42 -> #REF! | D43: =D42 -> #REF! | E43: =E42 -> #REF! | F43: =F42 -> #REF! | G43: =G42 -> #REF! | H43: =H42 -> #REF! | I43: =I42 -> #REF! | AI43: Lanes | AJ43: Sat Flow, 100% efficient, PCE | AK43: Actual Vehicles (not PCE)
A44: 40 | B44: Fwy: Tollway | C44: 1800 | D44: =D43/C43*C44 -> #REF! | E44: =E43/D43*D44 -> #REF! | F44: =F43/E43*E44 -> #REF! | G44: =G43/F43*F44 -> #REF! | H44: =H43/G43*G44 -> #REF! | I44: =I43/H43*H44 -> #REF! | AI44: =AI35 -> 2 | AJ44: =AI44*AJ35 -> 3642.5 | AK44: =AK35*AI44 -> #REF!
A45: 41 | B45: Fwy: On-ramp | C45: 1200 | D45: 900 | E45: 600 | F45: =E45 -> 600 | G45: =F45 -> 600 | H45: =G45 -> 600 | I45: =H45 -> 600 | AI45: =AI36 -> 3 | AJ45: =AI45*AJ36 -> 5463.75 | AK45: =AK36*AI45 -> #REF!
A46: 42 | B46: Fwy: Off-ramp | C46: =C9*1.1 -> #REF! | D46: =D9*1.1 -> #REF! | E46: =E9*1.1 -> #REF! | F46: =F9*1.1 -> #REF! | G46: =G9*1.1 -> #REF! | H46: =H9*1.1 -> #REF! | I46: =I9*1.1 -> #REF! | AI46: =AI37 -> 4 | AJ46: =AI46*AJ37 -> 7285 | AK46: =AK37*AI46 -> #REF!
AI47: =AI38 -> 5 | AJ47: =AI47*AJ38 -> 9106.25 | AK47: =AK38*AI47 -> #REF!
B48: Notes | AI48: =AI39 -> 6 | AJ48: =AI48*AJ39 -> 10927.5 | AK48: =AK39*AI48 -> #REF!
B49: Arterial & collector capacities are adjusted up or down by 5% as area type moves away from suburban | AI49: =AI40 -> 7 | AJ49: =AI49*AJ40 -> 12748.75 | AK49: =AK40*AI49 -> #REF!
B50: Fwy: off ramp capacity is 10% higher than a minor arterial
AI51: AWDT both directions, all lanes
B52: Arterial / Expressway Capacity Calculation Parameters | AI52: Lanes | AJ52: Sat Flow, 100% efficient, PCE | AK52: Actual Vehicles (not PCE)
B53: Cap1hr1ln = _SatRate * Fhv * Fbb * Flu * Fgrn * Fatype | AI53: =AI44 -> 2 | AJ53: =MROUND(AJ44/$AI$3*2, 1000) -> 81000 | AK53: =MROUND(AK44/$AI$3*2, 1000) -> #REF!
AI54: =AI45 -> 3 | AJ54: =MROUND(AJ45/$AI$3*2, 1000) -> 121000 | AK54: =MROUND(AK45/$AI$3*2, 1000) -> #REF!
C55: _SatRate | D55: Fhv | E55: Fgrn | AI55: =AI46 -> 4 | AJ55: =MROUND(AJ46/$AI$3*2, 1000) -> 162000 | AK55: =MROUND(AK46/$AI$3*2, 1000) -> #REF!
B56: Principal Arterial | C56: 1900 | D56: 1 | E56: 0.52 | AI56: =AI47 -> 5 | AJ56: =MROUND(AJ47/$AI$3*2, 1000) -> 202000 | AK56: =MROUND(AK47/$AI$3*2, 1000) -> #REF!
B57: Minor Arterial | C57: 1900 | D57: 1 | E57: 0.47 | AI57: =AI48 -> 6 | AJ57: =MROUND(AJ48/$AI$3*2, 1000) -> 243000 | AK57: =MROUND(AK48/$AI$3*2, 1000) -> #REF!
B58: Major Collector | C58: 1700 | D58: 1 | E58: 0.4 | AI58: =AI49 -> 7 | AJ58: =MROUND(AJ49/$AI$3*2, 1000) -> 283000 | AK58: =MROUND(AK49/$AI$3*2, 1000) -> #REF!
B59: Minor Collector | C59: 1500 | D59: 1 | E59: 0.35
B61: ='SFF 8.1'!D15 -> Expressway, posted 60-70 mph | C61: 1900 | D61: 1 | E61: 0.58
B62: ='SFF 8.1'!D16 -> Expressway, posted 55-65 mph | C62: 1900 | D62: 1 | E62: 0.56
B63: ='SFF 8.1'!D17 -> Expressway, posted 50-60 mph | C63: 1900 | D63: 1 | E63: 0.54
B64: ='SFF 8.1'!D18 -> Expressway, posted 45-55 mph | C64: 1900 | D64: 1 | E64: 0.52
B66: Fbb values | C66: 1 lane | D66: 2 lanes | E66: 3 lanes | F66: 4 lanes
B67: Arterial | C67: 0.98 | D67: 0.99 | E67: 0.99 | F67: 1
B68: Collector | C68: 1 | D68: 1 | E68: 1 | F68: 1
B69: Expressway | C69: 1 | D69: 1 | E69: 1 | F69: 1
B71: Flu | C71: 1 lane | D71: 2 lanes | E71: 3 lanes | F71: 4 lanes
B72: Arterial | C72: 1 | D72: 0.95 | E72: 0.91 | F72: 0.88
B73: Collector | C73: 1 | D73: 0.95 | E73: 0.91 | F73: 0.88
B74: Expressway | C74: 1 | D74: 0.96 | E74: 0.93 | F74: 0.91
C76: 1 | D76: 2 | E76: 3 | F76: 4 | G76: 5
C77: Rural | D77: Transition | E77: Suburban | F77: Urban | G77: CBD
B78: Area Type | C78: 1.1 | D78: 1.05 | E78: 1 | F78: 0.95 | G78: 0.9
B81: Freeway Capacity Calculation Parameters
B82: Cap1hr = (Sat * LANES * PHF * Fle * Fhv) + AuxVolAtCapacity ;AuxVol = 0 for FT 31; 700 for FT 32
B83: Cap1hr1ln = Cap1hr / LANES ;distributes AuxVolAtCapacity across the GP lanes | H83: adj fac
H84: 0.775
C85: Sat | D85: Aux | G85: Fle | H85: orig
B86: MM: all facilities | C86: 2100 | D86: 700 | F86: 1 lane | G86: 1 | H86: 1800
B87: =B34 -> Fwy: fwy-to-fwy loop ramp | C87: =H86*$H$84 -> 1395 | D87: 0 | F87: 2 lanes | G87: 1 | H87: 2000
B88: =B35 -> Fwy: C-D road, flyover ramp | C88: =H87*$H$84 -> 1550 | D88: 0 | F88: 3 lanes | G88: 1 | H88: 2300
B89: =B36 -> Fwy: posted 55-60 mph | C89: =H88*$H$84 -> 1782.5 | D89: 0 | F89: 4 lanes | G89: 0.98 | H89: 2350
B90: =B37 -> Fwy: posted 65 mph, no aux lane | C90: =H89*$H$84 -> 1821.25 | D90: 0 | F90: 5 lanes | G90: 0.95 | H90: 2350
B91: =B38 -> Fwy: posted 65 mph, aux lane | C91: =H90*$H$84 -> 1821.25 | D91: 700 | F91: 6 lanes | G91: 0.91 | H91: 2400
B92: =B39 -> Fwy: posted 75 mph, no aux lane | C92: =H91*$H$84 -> 1860 | D92: 0 | F92: 7 lanes | G92: 0.88 | H92: 2400
B93: =B40 -> Fwy: posted 75 mph, aux lane | C93: =H92*$H$84 -> 1860 | D93: 700 | H93: 2400
B94: =B41 -> Fwy: HOV lane | C94: =H93*$H$84 -> 1860 | D94: 0 | H94: 2400
B95: Fwy: Toll lanes | C95: =H94*$H$84 -> 1860 | D95: 0 | H95: 2400
B96: Fwy: Managed Ln access | C96: =H95*$H$84 -> 1860 | D96: 0 | H96: 2400
B97: Fwy: Tollway | C97: =H96*$H$84 -> 1860 | D97: 0
B99: PHF | C99: 0.95
B100: Fhv | C100: 1
B102: Notes
B103: Model capacities are expressed as passenger vehicles per hour, thus no heavy vehicle adjustments are applied
B104: The highway network also has "CFAC**" variable, which if not zero, will be multiplied by Cap1hr1ln
B105: CFAC < 1 means the road has less capacity than normal (high side friction, no center turn lane, no right pockets, etc)
B106: CFAC > 1 means the road has better capacity than normal (good access control, high-efficiency intersections, etc).

Sheet VDF V8.1
A1: Volume Delay Function Curves v8.1
B3: Fwy | C3: Ramp | D3: Exp | E3: Art | F3: Col | G3: MM | H3: Bng | I3: Art | J3: Col
A4: Typ FFS | B4: 67 | C4: 23 | D4: 50 | E4: 40 | F4: 30 | G4: =B4 -> 67 | H4: 50 | I4: 35 | J4: 20
A5: Coeficient | B5: 0.6 | C5: 0.7 | D5: 0.6 | E5: 0.6 | F5: 0.7 | G5: =B5 -> 0.6 | H5: 0.7 | I5: 0.6 | J5: 0.2
A6: Exponent | B6: 8 | C6: 3 | D6: 6 | E6: 4 | F6: 3 | G6: =B6 -> 8 | H6: 6 | I6: 4 | J6: 5
A7: Max | B7: 1.44 | C7: 1.65 | D7: 1.55 | E7: 1.8 | F7: 1.85 | G7: 0.97
A8: Max V/C ratio (to prevent speeds from getting unrealistically low during assignment)
A10: V/C | B10: =CONCATENATE(B3, " (x=", B5, ", y=", B6, ")") -> Fwy (x=0.6, y=8) | C10: =CONCATENATE(C3, " (x=", C5, ", y=", C6, ")") -> Ramp (x=0.7, y=3) | D10: =CONCATENATE(D3, " (x=", D5, ", y=", D6, ")") -> Exp (x=0.6, y=6) | E10: =CONCATENATE(E3, " (x=", E5, ", y=", E6, ")") -> Art (x=0.6, y=4) | F10: =CONCATENATE(F3, " (x=", F5, ", y=", F6, ")") -> Col (x=0.7, y=3) | G10: =CONCATENATE(G3, " (x=", G5, ", y=", G6, ")") -> MM (x=0.6, y=8) | H10: =CONCATENATE(H3, " (x=", H5, ", y=", H6, ")") -> Bng (x=0.7, y=6) | I10: =CONCATENATE(I3, " (x=", I5, ", y=", I6, ")") -> Art (x=0.6, y=4) | J10: =CONCATENATE(J3, " (x=", J5, ", y=", J6, ")") -> Col (x=0.2, y=5)
A11: 0 | B11: =MAX(IF($A11>B$7, B$4/(1+B$5*(B$7^B$6)), B$4/(1+B$5*($A11^B$6)) ), B$7) -> 67 | C11: =MAX(IF($A11>C$7, C$4/(1+C$5*(C$7^C$6)), C$4/(1+C$5*($A11^C$6)) ), C$7) -> 23 | D11: =MAX(IF($A11>D$7, D$4/(1+D$5*(D$7^D$6)), D$4/(1+D$5*($A11^D$6)) ), D$7) -> 50 | E11: =MAX(IF($A11>E$7, E$4/(1+E$5*(E$7^E$6)), E$4/(1+E$5*($A11^E$6)) ), E$7) -> 40 | F11: =MAX(IF($A11>F$7, F$4/(1+F$5*(F$7^F$6)), F$4/(1+F$5*($A11^F$6)) ), F$7) -> 30 | G11: =MAX(IF($A11>G$7, G$4/(1+G$5*(G$7^G$6)), G$4/(1+G$5*($A11^G$6)) ), G$7) -> 67 | H11: =H$4/(1+H$5*($A11^H$6)) -> 50 | I11: =I$4/(1+I$5*($A11^I$6)) -> 35 | J11: =J$4/(1+J$5*($A11^J$6)) -> 20
A12: 0.1 | B12: =MAX(IF($A12>B$7, B$4/(1+B$5*(B$7^B$6)), B$4/(1+B$5*($A12^B$6)) ), B$7) -> 67 | C12: =MAX(IF($A12>C$7, C$4/(1+C$5*(C$7^C$6)), C$4/(1+C$5*($A12^C$6)) ), C$7) -> 22.983911 | D12: =MAX(IF($A12>D$7, D$4/(1+D$5*(D$7^D$6)), D$4/(1+D$5*($A12^D$6)) ), D$7) -> 49.99997 | E12: =MAX(IF($A12>E$7, E$4/(1+E$5*(E$7^E$6)), E$4/(1+E$5*($A12^E$6)) ), E$7) -> 39.9976 | F12: =MAX(IF($A12>F$7, F$4/(1+F$5*(F$7^F$6)), F$4/(1+F$5*($A12^F$6)) ), F$7) -> 29.979015 | G12: =MAX(IF($A12>G$7, G$4/(1+G$5*(G$7^G$6)), G$4/(1+G$5*($A12^G$6)) ), G$7) -> 67 | H12: =H$4/(1+H$5*($A12^H$6)) -> 49.999965 | I12: =I$4/(1+I$5*($A12^I$6)) -> 34.9979 | J12: =J$4/(1+J$5*($A12^J$6)) -> 19.99996
A13: 0.5 | B13: =MAX(IF($A13>B$7, B$4/(1+B$5*(B$7^B$6)), B$4/(1+B$5*($A13^B$6)) ), B$7) -> 66.843336 | C13: =MAX(IF($A13>C$7, C$4/(1+C$5*(C$7^C$6)), C$4/(1+C$5*($A13^C$6)) ), C$7) -> 21.149425 | D13: =MAX(IF($A13>D$7, D$4/(1+D$5*(D$7^D$6)), D$4/(1+D$5*($A13^D$6)) ), D$7) -> 49.535604 | E13: =MAX(IF($A13>E$7, E$4/(1+E$5*(E$7^E$6)), E$4/(1+E$5*($A13^E$6)) ), E$7) -> 38.554217 | F13: =MAX(IF($A13>F$7, F$4/(1+F$5*(F$7^F$6)), F$4/(1+F$5*($A13^F$6)) ), F$7) -> 27.586207 | G13: =MAX(IF($A13>G$7, G$4/(1+G$5*(G$7^G$6)), G$4/(1+G$5*($A13^G$6)) ), G$7) -> 66.843336 | H13: =H$4/(1+H$5*($A13^H$6)) -> 49.459042 | I13: =I$4/(1+I$5*($A13^I$6)) -> 33.73494 | J13: =J$4/(1+J$5*($A13^J$6)) -> 19.875776
A14: =A13+0.1 -> 0.6 | B14: =MAX(IF($A14>B$7, B$4/(1+B$5*(B$7^B$6)), B$4/(1+B$5*($A14^B$6)) ), B$7) -> 66.331531 | C14: =MAX(IF($A14>C$7, C$4/(1+C$5*(C$7^C$6)), C$4/(1+C$5*($A14^C$6)) ), C$7) -> 19.979152 | D14: =MAX(IF($A14>D$7, D$4/(1+D$5*(D$7^D$6)), D$4/(1+D$5*($A14^D$6)) ), D$7) -> 48.638435 | E14: =MAX(IF($A14>E$7, E$4/(1+E$5*(E$7^E$6)), E$4/(1+E$5*($A14^E$6)) ), E$7) -> 37.114014 | F14: =MAX(IF($A14>F$7, F$4/(1+F$5*(F$7^F$6)), F$4/(1+F$5*($A14^F$6)) ), F$7) -> 26.059764 | G14: =MAX(IF($A14>G$7, G$4/(1+G$5*(G$7^G$6)), G$4/(1+G$5*($A14^G$6)) ), G$7) -> 66.331531 | H14: =H$4/(1+H$5*($A14^H$6)) -> 48.418684 | I14: =I$4/(1+I$5*($A14^I$6)) -> 32.474762 | J14: =J$4/(1+J$5*($A14^J$6)) -> 19.693723
A15: =A14+0.1 -> 0.7 | B15: =MAX(IF($A15>B$7, B$4/(1+B$5*(B$7^B$6)), B$4/(1+B$5*($A15^B$6)) ), B$7) -> 64.760028 | C15: =MAX(IF($A15>C$7, C$4/(1+C$5*(C$7^C$6)), C$4/(1+C$5*($A15^C$6)) ), C$7) -> 18.546891 | D15: =MAX(IF($A15>D$7, D$4/(1+D$5*(D$7^D$6)), D$4/(1+D$5*($A15^D$6)) ), D$7) -> 46.703246 | E15: =MAX(IF($A15>E$7, E$4/(1+E$5*(E$7^E$6)), E$4/(1+E$5*($A15^E$6)) ), E$7) -> 34.963201 | F15: =MAX(IF($A15>F$7, F$4/(1+F$5*(F$7^F$6)), F$4/(1+F$5*($A15^F$6)) ), F$7) -> 24.191597 | G15: =MAX(IF($A15>G$7, G$4/(1+G$5*(G$7^G$6)), G$4/(1+G$5*($A15^G$6)) ), G$7) -> 64.760028 | H15: =H$4/(1+H$5*($A15^H$6)) -> 46.195594 | I15: =I$4/(1+I$5*($A15^I$6)) -> 30.592801 | J15: =J$4/(1+J$5*($A15^J$6)) -> 19.349583
A16: =A15+0.1 -> 0.8 | B16: =MAX(IF($A16>B$7, B$4/(1+B$5*(B$7^B$6)), B$4/(1+B$5*($A16^B$6)) ), B$7) -> 60.872385 | C16: =MAX(IF($A16>C$7, C$4/(1+C$5*(C$7^C$6)), C$4/(1+C$5*($A16^C$6)) ), C$7) -> 16.931684 | D16: =MAX(IF($A16>D$7, D$4/(1+D$5*(D$7^D$6)), D$4/(1+D$5*($A16^D$6)) ), D$7) -> 43.204517 | E16: =MAX(IF($A16>E$7, E$4/(1+E$5*(E$7^E$6)), E$4/(1+E$5*($A16^E$6)) ), E$7) -> 32.108913 | F16: =MAX(IF($A16>F$7, F$4/(1+F$5*(F$7^F$6)), F$4/(1+F$5*($A16^F$6)) ), F$7) -> 22.084806 | G16: =MAX(IF($A16>G$7, G$4/(1+G$5*(G$7^G$6)), G$4/(1+G$5*($A16^G$6)) ), G$7) -> 60.872385 | H16: =H$4/(1+H$5*($A16^H$6)) -> 42.247542 | I16: =I$4/(1+I$5*($A16^I$6)) -> 28.095299 | J16: =J$4/(1+J$5*($A16^J$6)) -> 18.769896
A17: =A16+0.1 -> 0.9 | B17: =MAX(IF($A17>B$7, B$4/(1+B$5*(B$7^B$6)), B$4/(1+B$5*($A17^B$6)) ), B$7) -> 53.247276 | C17: =MAX(IF($A17>C$7, C$4/(1+C$5*(C$7^C$6)), C$4/(1+C$5*($A17^C$6)) ), C$7) -> 15.228762 | D17: =MAX(IF($A17>D$7, D$4/(1+D$5*(D$7^D$6)), D$4/(1+D$5*($A17^D$6)) ), D$7) -> 37.911397 | E17: =MAX(IF($A17>E$7, E$4/(1+E$5*(E$7^E$6)), E$4/(1+E$5*($A17^E$6)) ), E$7) -> 28.701405 | F17: =MAX(IF($A17>F$7, F$4/(1+F$5*(F$7^F$6)), F$4/(1+F$5*($A17^F$6)) ), F$7) -> 19.863603 | G17: =MAX(IF($A17>G$7, G$4/(1+G$5*(G$7^G$6)), G$4/(1+G$5*($A17^G$6)) ), G$7) -> 53.247276 | H17: =H$4/(1+H$5*($A17^H$6)) -> 36.442918 | I17: =I$4/(1+I$5*($A17^I$6)) -> 25.113729 | J17: =J$4/(1+J$5*($A17^J$6)) -> 17.88752
A18: =A17+0.1 -> 1 | B18: =MAX(IF($A18>B$7, B$4/(1+B$5*(B$7^B$6)), B$4/(1+B$5*($A18^B$6)) ), B$7) -> 41.875 | C18: =MAX(IF($A18>C$7, C$4/(1+C$5*(C$7^C$6)), C$4/(1+C$5*($A18^C$6)) ), C$7) -> 13.529412 | D18: =MAX(IF($A18>D$7, D$4/(1+D$5*(D$7^D$6)), D$4/(1+D$5*($A18^D$6)) ), D$7) -> 31.25 | E18: =MAX(IF($A18>E$7, E$4/(1+E$5*(E$7^E$6)), E$4/(1+E$5*($A18^E$6)) ), E$7) -> 25 | F18: =MAX(IF($A18>F$7, F$4/(1+F$5*(F$7^F$6)), F$4/(1+F$5*($A18^F$6)) ), F$7) -> 17.647059 | G18: =MAX(IF($A18>G$7, G$4/(1+G$5*(G$7^G$6)), G$4/(1+G$5*($A18^G$6)) ), G$7) -> 45.570605 | H18: =H$4/(1+H$5*($A18^H$6)) -> 29.411765 | I18: =I$4/(1+I$5*($A18^I$6)) -> 21.875 | J18: =J$4/(1+J$5*($A18^J$6)) -> 16.666667
A19: =A18+0.1 -> 1.1 | B19: =MAX(IF($A19>B$7, B$4/(1+B$5*(B$7^B$6)), B$4/(1+B$5*($A19^B$6)) ), B$7) -> 29.306871 | C19: =MAX(IF($A19>C$7, C$4/(1+C$5*(C$7^C$6)), C$4/(1+C$5*($A19^C$6)) ), C$7) -> 11.906611 | D19: =MAX(IF($A19>D$7, D$4/(1+D$5*(D$7^D$6)), D$4/(1+D$5*($A19^D$6)) ), D$7) -> 24.237294 | E19: =MAX(IF($A19>E$7, E$4/(1+E$5*(E$7^E$6)), E$4/(1+E$5*($A19^E$6)) ), E$7) -> 21.294039 | F19: =MAX(IF($A19>F$7, F$4/(1+F$5*(F$7^F$6)), F$4/(1+F$5*($A19^F$6)) ), F$7) -> 15.530362 | G19: =MAX(IF($A19>G$7, G$4/(1+G$5*(G$7^G$6)), G$4/(1+G$5*($A19^G$6)) ), G$7) -> 45.570605 | H19: =H$4/(1+H$5*($A19^H$6)) -> 22.320505 | I19: =I$4/(1+I$5*($A19^I$6)) -> 18.632284 | J19: =J$4/(1+J$5*($A19^J$6)) -> 15.127426
A20: =A19+0.1 -> 1.2 | B20: =MAX(IF($A20>B$7, B$4/(1+B$5*(B$7^B$6)), B$4/(1+B$5*($A20^B$6)) ), B$7) -> 18.715658 | C20: =MAX(IF($A20>C$7, C$4/(1+C$5*(C$7^C$6)), C$4/(1+C$5*($A20^C$6)) ), C$7) -> 10.409124 | D20: =MAX(IF($A20>D$7, D$4/(1+D$5*(D$7^D$6)), D$4/(1+D$5*($A20^D$6)) ), D$7) -> 17.910937 | E20: =MAX(IF($A20>E$7, E$4/(1+E$5*(E$7^E$6)), E$4/(1+E$5*($A20^E$6)) ), E$7) -> 17.824041 | F20: =MAX(IF($A20>F$7, F$4/(1+F$5*(F$7^F$6)), F$4/(1+F$5*($A20^F$6)) ), F$7) -> 13.577118 | G20: =MAX(IF($A20>G$7, G$4/(1+G$5*(G$7^G$6)), G$4/(1+G$5*($A20^G$6)) ), G$7) -> 45.570605 | H20: =H$4/(1+H$5*($A20^H$6)) -> 16.180241 | I20: =I$4/(1+I$5*($A20^I$6)) -> 15.596036 | J20: =J$4/(1+J$5*($A20^J$6)) -> 13.35413
A21: =A20+0.1 -> 1.3 | B21: =MAX(IF($A21>B$7, B$4/(1+B$5*(B$7^B$6)), B$4/(1+B$5*($A21^B$6)) ), B$7) -> 11.366751 | C21: =MAX(IF($A21>C$7, C$4/(1+C$5*(C$7^C$6)), C$4/(1+C$5*($A21^C$6)) ), C$7) -> 9.0626108 | D21: =MAX(IF($A21>D$7, D$4/(1+D$5*(D$7^D$6)), D$4/(1+D$5*($A21^D$6)) ), D$7) -> 12.833394 | E21: =MAX(IF($A21>E$7, E$4/(1+E$5*(E$7^E$6)), E$4/(1+E$5*($A21^E$6)) ), E$7) -> 14.74024 | F21: =MAX(IF($A21>F$7, F$4/(1+F$5*(F$7^F$6)), F$4/(1+F$5*($A21^F$6)) ), F$7) -> 11.820797 | G21: =MAX(IF($A21>G$7, G$4/(1+G$5*(G$7^G$6)), G$4/(1+G$5*($A21^G$6)) ), G$7) -> 45.570605 | H21: =H$4/(1+H$5*($A21^H$6)) -> 11.418741 | I21: =I$4/(1+I$5*($A21^I$6)) -> 12.89771 | J21: =J$4/(1+J$5*($A21^J$6)) -> 11.477195
A22: =A21+0.1 -> 1.4 | B22: =MAX(IF($A22>B$7, B$4/(1+B$5*(B$7^B$6)), B$4/(1+B$5*($A22^B$6)) ), B$7) -> 6.7987627 | C22: =MAX(IF($A22>C$7, C$4/(1+C$5*(C$7^C$6)), C$4/(1+C$5*($A22^C$6)) ), C$7) -> 7.8745549 | D22: =MAX(IF($A22>D$7, D$4/(1+D$5*(D$7^D$6)), D$4/(1+D$5*($A22^D$6)) ), D$7) -> 9.0617113 | E22: =MAX(IF($A22>E$7, E$4/(1+E$5*(E$7^E$6)), E$4/(1+E$5*($A22^E$6)) ), E$7) -> 12.103021 | F22: =MAX(IF($A22>F$7, F$4/(1+F$5*(F$7^F$6)), F$4/(1+F$5*($A22^F$6)) ), F$7) -> 10.271159 | G22: =MAX(IF($A22>G$7, G$4/(1+G$5*(G$7^G$6)), G$4/(1+G$5*($A22^G$6)) ), G$7) -> 45.570605 | H22: =H$4/(1+H$5*($A22^H$6)) -> 7.973623 | I22: =I$4/(1+I$5*($A22^I$6)) -> 10.590143 | J22: =J$4/(1+J$5*($A22^J$6)) -> 9.6355451
A23: =A22+0.1 -> 1.5 | B23: =MAX(IF($A23>B$7, B$4/(1+B$5*(B$7^B$6)), B$4/(1+B$5*($A23^B$6)) ), B$7) -> 5.5403698 | C23: =MAX(IF($A23>C$7, C$4/(1+C$5*(C$7^C$6)), C$4/(1+C$5*($A23^C$6)) ), C$7) -> 6.8401487 | D23: =MAX(IF($A23>D$7, D$4/(1+D$5*(D$7^D$6)), D$4/(1+D$5*($A23^D$6)) ), D$7) -> 6.38213 | E23: =MAX(IF($A23>E$7, E$4/(1+E$5*(E$7^E$6)), E$4/(1+E$5*($A23^E$6)) ), E$7) -> 9.9071207 | F23: =MAX(IF($A23>F$7, F$4/(1+F$5*(F$7^F$6)), F$4/(1+F$5*($A23^F$6)) ), F$7) -> 8.9219331 | G23: =MAX(IF($A23>G$7, G$4/(1+G$5*(G$7^G$6)), G$4/(1+G$5*($A23^G$6)) ), G$7) -> 45.570605 | H23: =H$4/(1+H$5*($A23^H$6)) -> 5.5720007 | I23: =I$4/(1+I$5*($A23^I$6)) -> 8.6687307 | J23: =J$4/(1+J$5*($A23^J$6)) -> 7.9404467
A24: =A23+0.1 -> 1.6 | B24: =MAX(IF($A24>B$7, B$4/(1+B$5*(B$7^B$6)), B$4/(1+B$5*($A24^B$6)) ), B$7) -> 5.5403698 | C24: =MAX(IF($A24>C$7, C$4/(1+C$5*(C$7^C$6)), C$4/(1+C$5*($A24^C$6)) ), C$7) -> 5.9474555 | D24: =MAX(IF($A24>D$7, D$4/(1+D$5*(D$7^D$6)), D$4/(1+D$5*($A24^D$6)) ), D$7) -> 5.3646071 | E24: =MAX(IF($A24>E$7, E$4/(1+E$5*(E$7^E$6)), E$4/(1+E$5*($A24^E$6)) ), E$7) -> 8.110037 | F24: =MAX(IF($A24>F$7, F$4/(1+F$5*(F$7^F$6)), F$4/(1+F$5*($A24^F$6)) ), F$7) -> 7.7575507 | G24: =MAX(IF($A24>G$7, G$4/(1+G$5*(G$7^G$6)), G$4/(1+G$5*($A24^G$6)) ), G$7) -> 45.570605 | H24: =H$4/(1+H$5*($A24^H$6)) -> 3.9233992 | I24: =I$4/(1+I$5*($A24^I$6)) -> 7.0962824 | J24: =J$4/(1+J$5*($A24^J$6)) -> 6.4575455
A25: =A24+0.1 -> 1.7 | B25: =MAX(IF($A25>B$7, B$4/(1+B$5*(B$7^B$6)), B$4/(1+B$5*($A25^B$6)) ), B$7) -> 5.5403698 | C25: =MAX(IF($A25>C$7, C$4/(1+C$5*(C$7^C$6)), C$4/(1+C$5*($A25^C$6)) ), C$7) -> 5.5495402 | D25: =MAX(IF($A25>D$7, D$4/(1+D$5*(D$7^D$6)), D$4/(1+D$5*($A25^D$6)) ), D$7) -> 5.3646071 | E25: =MAX(IF($A25>E$7, E$4/(1+E$5*(E$7^E$6)), E$4/(1+E$5*($A25^E$6)) ), E$7) -> 6.654179 | F25: =MAX(IF($A25>F$7, F$4/(1+F$5*(F$7^F$6)), F$4/(1+F$5*($A25^F$6)) ), F$7) -> 6.7581266 | G25: =MAX(IF($A25>G$7, G$4/(1+G$5*(G$7^G$6)), G$4/(1+G$5*($A25^G$6)) ), G$7) -> 45.570605 | H25: =H$4/(1+H$5*($A25^H$6)) -> 2.7938739 | I25: =I$4/(1+I$5*($A25^I$6)) -> 5.8224066 | J25: =J$4/(1+J$5*($A25^J$6)) -> 5.2087213
A26: 2 | B26: =MAX(IF($A26>B$7, B$4/(1+B$5*(B$7^B$6)), B$4/(1+B$5*($A26^B$6)) ), B$7) -> 5.5403698 | C26: =MAX(IF($A26>C$7, C$4/(1+C$5*(C$7^C$6)), C$4/(1+C$5*($A26^C$6)) ), C$7) -> 5.5495402 | D26: =MAX(IF($A26>D$7, D$4/(1+D$5*(D$7^D$6)), D$4/(1+D$5*($A26^D$6)) ), D$7) -> 5.3646071 | E26: =MAX(IF($A26>E$7, E$4/(1+E$5*(E$7^E$6)), E$4/(1+E$5*($A26^E$6)) ), E$7) -> 5.4805331 | F26: =MAX(IF($A26>F$7, F$4/(1+F$5*(F$7^F$6)), F$4/(1+F$5*($A26^F$6)) ), F$7) -> 5.5226879 | G26: =MAX(IF($A26>G$7, G$4/(1+G$5*(G$7^G$6)), G$4/(1+G$5*($A26^G$6)) ), G$7) -> 45.570605 | H26: =H$4/(1+H$5*($A26^H$6)) -> 1.0917031 | I26: =I$4/(1+I$5*($A26^I$6)) -> 3.3018868 | J26: =J$4/(1+J$5*($A26^J$6)) -> 2.7027027
A27: 2.5 | B27: =MAX(IF($A27>B$7, B$4/(1+B$5*(B$7^B$6)), B$4/(1+B$5*($A27^B$6)) ), B$7) -> 5.5403698 | C27: =MAX(IF($A27>C$7, C$4/(1+C$5*(C$7^C$6)), C$4/(1+C$5*($A27^C$6)) ), C$7) -> 5.5495402 | D27: =MAX(IF($A27>D$7, D$4/(1+D$5*(D$7^D$6)), D$4/(1+D$5*($A27^D$6)) ), D$7) -> 5.3646071 | E27: =MAX(IF($A27>E$7, E$4/(1+E$5*(E$7^E$6)), E$4/(1+E$5*($A27^E$6)) ), E$7) -> 5.4805331 | F27: =MAX(IF($A27>F$7, F$4/(1+F$5*(F$7^F$6)), F$4/(1+F$5*($A27^F$6)) ), F$7) -> 5.5226879 | G27: =MAX(IF($A27>G$7, G$4/(1+G$5*(G$7^G$6)), G$4/(1+G$5*($A27^G$6)) ), G$7) -> 45.570605 | H27: =H$4/(1+H$5*($A27^H$6)) -> 0.29086943 | I27: =I$4/(1+I$5*($A27^I$6)) -> 1.4322251 | J27: =J$4/(1+J$5*($A27^J$6)) -> 0.97412481
A29: All VDF's are of the standard BPR form, but vary in their parameters
A30: TC[1]=BASE_TIME*(1 + 0.15*(V/C)^4)
A31: SpdC = SFF / (1+ coef*(V/C)^exp)

Sheet VDF V8
A1: Volume Delay Curves by Functional Type
B3: Fwy | C3: Ramp | D3: Exp | E3: Art | F3: Col | G3: Fwy | H3: Bng | I3: Art | J3: Col
A4: Typ FFS | B4: 67 | C4: 23 | D4: 50 | E4: 40 | F4: 30 | G4: 67 | H4: 50 | I4: 35 | J4: 20
A5: Coeficient | B5: 0.6 | C5: 0.7 | D5: 0.6 | E5: 0.6 | F5: 0.7 | G5: 0.5 | H5: 0.7 | I5: 0.6 | J5: 0.2
A6: Exponent | B6: 8 | C6: 3 | D6: 6 | E6: 4 | F6: 3 | G6: 9 | H6: 6 | I6: 4 | J6: 5
A7: Max | B7: 1.44 | C7: 1.65 | D7: 1.55 | E7: 1.8 | F7: 1.85
A8: Max V/C ratio (to prevent speeds from getting unrealistically low during assignment)
A10: V/C | B10: =CONCATENATE(B3, " (x=", B5, ", y=", B6, ")") -> Fwy (x=0.6, y=8) | C10: =CONCATENATE(C3, " (x=", C5, ", y=", C6, ")") -> Ramp (x=0.7, y=3) | D10: =CONCATENATE(D3, " (x=", D5, ", y=", D6, ")") -> Exp (x=0.6, y=6) | E10: =CONCATENATE(E3, " (x=", E5, ", y=", E6, ")") -> Art (x=0.6, y=4) | F10: =CONCATENATE(F3, " (x=", F5, ", y=", F6, ")") -> Col (x=0.7, y=3) | G10: =CONCATENATE(G3, " (x=", G5, ", y=", G6, ")") -> Fwy (x=0.5, y=9) | H10: =CONCATENATE(H3, " (x=", H5, ", y=", H6, ")") -> Bng (x=0.7, y=6) | I10: =CONCATENATE(I3, " (x=", I5, ", y=", I6, ")") -> Art (x=0.6, y=4) | J10: =CONCATENATE(J3, " (x=", J5, ", y=", J6, ")") -> Col (x=0.2, y=5)
A11: 0 | B11: =IF($A11>B$7, B$4/(1+B$5*(B$7^B$6)), B$4/(1+B$5*($A11^B$6)) ) -> 67 | C11: =IF($A11>C$7, C$4/(1+C$5*(C$7^C$6)), C$4/(1+C$5*($A11^C$6)) ) -> 23 | D11: =IF($A11>D$7, D$4/(1+D$5*(D$7^D$6)), D$4/(1+D$5*($A11^D$6)) ) -> 50 | E11: =IF($A11>E$7, E$4/(1+E$5*(E$7^E$6)), E$4/(1+E$5*($A11^E$6)) ) -> 40 | F11: =IF($A11>F$7, F$4/(1+F$5*(F$7^F$6)), F$4/(1+F$5*($A11^F$6)) ) -> 30 | G11: =G$4/(1+G$5*($A11^G$6)) -> 67 | H11: =H$4/(1+H$5*($A11^H$6)) -> 50 | I11: =I$4/(1+I$5*($A11^I$6)) -> 35 | J11: =J$4/(1+J$5*($A11^J$6)) -> 20
A12: 0.1 | B12: =IF($A12>B$7, B$4/(1+B$5*(B$7^B$6)), B$4/(1+B$5*($A12^B$6)) ) -> 67 | C12: =IF($A12>C$7, C$4/(1+C$5*(C$7^C$6)), C$4/(1+C$5*($A12^C$6)) ) -> 22.983911 | D12: =IF($A12>D$7, D$4/(1+D$5*(D$7^D$6)), D$4/(1+D$5*($A12^D$6)) ) -> 49.99997 | E12: =IF($A12>E$7, E$4/(1+E$5*(E$7^E$6)), E$4/(1+E$5*($A12^E$6)) ) -> 39.9976 | F12: =IF($A12>F$7, F$4/(1+F$5*(F$7^F$6)), F$4/(1+F$5*($A12^F$6)) ) -> 29.979015 | G12: =G$4/(1+G$5*($A12^G$6)) -> 67 | H12: =H$4/(1+H$5*($A12^H$6)) -> 49.999965 | I12: =I$4/(1+I$5*($A12^I$6)) -> 34.9979 | J12: =J$4/(1+J$5*($A12^J$6)) -> 19.99996
A13: 0.5 | B13: =IF($A13>B$7, B$4/(1+B$5*(B$7^B$6)), B$4/(1+B$5*($A13^B$6)) ) -> 66.843336 | C13: =IF($A13>C$7, C$4/(1+C$5*(C$7^C$6)), C$4/(1+C$5*($A13^C$6)) ) -> 21.149425 | D13: =IF($A13>D$7, D$4/(1+D$5*(D$7^D$6)), D$4/(1+D$5*($A13^D$6)) ) -> 49.535604 | E13: =IF($A13>E$7, E$4/(1+E$5*(E$7^E$6)), E$4/(1+E$5*($A13^E$6)) ) -> 38.554217 | F13: =IF($A13>F$7, F$4/(1+F$5*(F$7^F$6)), F$4/(1+F$5*($A13^F$6)) ) -> 27.586207 | G13: =G$4/(1+G$5*($A13^G$6)) -> 66.934634 | H13: =H$4/(1+H$5*($A13^H$6)) -> 49.459042 | I13: =I$4/(1+I$5*($A13^I$6)) -> 33.73494 | J13: =J$4/(1+J$5*($A13^J$6)) -> 19.875776
A14: =A13+0.1 -> 0.6 | B14: =IF($A14>B$7, B$4/(1+B$5*(B$7^B$6)), B$4/(1+B$5*($A14^B$6)) ) -> 66.331531 | C14: =IF($A14>C$7, C$4/(1+C$5*(C$7^C$6)), C$4/(1+C$5*($A14^C$6)) ) -> 19.979152 | D14: =IF($A14>D$7, D$4/(1+D$5*(D$7^D$6)), D$4/(1+D$5*($A14^D$6)) ) -> 48.638435 | E14: =IF($A14>E$7, E$4/(1+E$5*(E$7^E$6)), E$4/(1+E$5*($A14^E$6)) ) -> 37.114014 | F14: =IF($A14>F$7, F$4/(1+F$5*(F$7^F$6)), F$4/(1+F$5*($A14^F$6)) ) -> 26.059764 | G14: =G$4/(1+G$5*($A14^G$6)) -> 66.66409 | H14: =H$4/(1+H$5*($A14^H$6)) -> 48.418684 | I14: =I$4/(1+I$5*($A14^I$6)) -> 32.474762 | J14: =J$4/(1+J$5*($A14^J$6)) -> 19.693723
A15: =A14+0.1 -> 0.7 | B15: =IF($A15>B$7, B$4/(1+B$5*(B$7^B$6)), B$4/(1+B$5*($A15^B$6)) ) -> 64.760028 | C15: =IF($A15>C$7, C$4/(1+C$5*(C$7^C$6)), C$4/(1+C$5*($A15^C$6)) ) -> 18.546891 | D15: =IF($A15>D$7, D$4/(1+D$5*(D$7^D$6)), D$4/(1+D$5*($A15^D$6)) ) -> 46.703246 | E15: =IF($A15>E$7, E$4/(1+E$5*(E$7^E$6)), E$4/(1+E$5*($A15^E$6)) ) -> 34.963201 | F15: =IF($A15>F$7, F$4/(1+F$5*(F$7^F$6)), F$4/(1+F$5*($A15^F$6)) ) -> 24.191597 | G15: =G$4/(1+G$5*($A15^G$6)) -> 65.674891 | H15: =H$4/(1+H$5*($A15^H$6)) -> 46.195594 | I15: =I$4/(1+I$5*($A15^I$6)) -> 30.592801 | J15: =J$4/(1+J$5*($A15^J$6)) -> 19.349583
A16: =A15+0.1 -> 0.8 | B16: =IF($A16>B$7, B$4/(1+B$5*(B$7^B$6)), B$4/(1+B$5*($A16^B$6)) ) -> 60.872385 | C16: =IF($A16>C$7, C$4/(1+C$5*(C$7^C$6)), C$4/(1+C$5*($A16^C$6)) ) -> 16.931684 | D16: =IF($A16>D$7, D$4/(1+D$5*(D$7^D$6)), D$4/(1+D$5*($A16^D$6)) ) -> 43.204517 | E16: =IF($A16>E$7, E$4/(1+E$5*(E$7^E$6)), E$4/(1+E$5*($A16^E$6)) ) -> 32.108913 | F16: =IF($A16>F$7, F$4/(1+F$5*(F$7^F$6)), F$4/(1+F$5*($A16^F$6)) ) -> 22.084806 | G16: =G$4/(1+G$5*($A16^G$6)) -> 62.786471 | H16: =H$4/(1+H$5*($A16^H$6)) -> 42.247542 | I16: =I$4/(1+I$5*($A16^I$6)) -> 28.095299 | J16: =J$4/(1+J$5*($A16^J$6)) -> 18.769896
A17: =A16+0.1 -> 0.9 | B17: =IF($A17>B$7, B$4/(1+B$5*(B$7^B$6)), B$4/(1+B$5*($A17^B$6)) ) -> 53.247276 | C17: =IF($A17>C$7, C$4/(1+C$5*(C$7^C$6)), C$4/(1+C$5*($A17^C$6)) ) -> 15.228762 | D17: =IF($A17>D$7, D$4/(1+D$5*(D$7^D$6)), D$4/(1+D$5*($A17^D$6)) ) -> 37.911397 | E17: =IF($A17>E$7, E$4/(1+E$5*(E$7^E$6)), E$4/(1+E$5*($A17^E$6)) ) -> 28.701405 | F17: =IF($A17>F$7, F$4/(1+F$5*(F$7^F$6)), F$4/(1+F$5*($A17^F$6)) ) -> 19.863603 | G17: =G$4/(1+G$5*($A17^G$6)) -> 56.127524 | H17: =H$4/(1+H$5*($A17^H$6)) -> 36.442918 | I17: =I$4/(1+I$5*($A17^I$6)) -> 25.113729 | J17: =J$4/(1+J$5*($A17^J$6)) -> 17.88752
A18: =A17+0.1 -> 1 | B18: =IF($A18>B$7, B$4/(1+B$5*(B$7^B$6)), B$4/(1+B$5*($A18^B$6)) ) -> 41.875 | C18: =IF($A18>C$7, C$4/(1+C$5*(C$7^C$6)), C$4/(1+C$5*($A18^C$6)) ) -> 13.529412 | D18: =IF($A18>D$7, D$4/(1+D$5*(D$7^D$6)), D$4/(1+D$5*($A18^D$6)) ) -> 31.25 | E18: =IF($A18>E$7, E$4/(1+E$5*(E$7^E$6)), E$4/(1+E$5*($A18^E$6)) ) -> 25 | F18: =IF($A18>F$7, F$4/(1+F$5*(F$7^F$6)), F$4/(1+F$5*($A18^F$6)) ) -> 17.647059 | G18: =G$4/(1+G$5*($A18^G$6)) -> 44.666667 | H18: =H$4/(1+H$5*($A18^H$6)) -> 29.411765 | I18: =I$4/(1+I$5*($A18^I$6)) -> 21.875 | J18: =J$4/(1+J$5*($A18^J$6)) -> 16.666667
A19: =A18+0.1 -> 1.1 | B19: =IF($A19>B$7, B$4/(1+B$5*(B$7^B$6)), B$4/(1+B$5*($A19^B$6)) ) -> 29.306871 | C19: =IF($A19>C$7, C$4/(1+C$5*(C$7^C$6)), C$4/(1+C$5*($A19^C$6)) ) -> 11.906611 | D19: =IF($A19>D$7, D$4/(1+D$5*(D$7^D$6)), D$4/(1+D$5*($A19^D$6)) ) -> 24.237294 | E19: =IF($A19>E$7, E$4/(1+E$5*(E$7^E$6)), E$4/(1+E$5*($A19^E$6)) ) -> 21.294039 | F19: =IF($A19>F$7, F$4/(1+F$5*(F$7^F$6)), F$4/(1+F$5*($A19^F$6)) ) -> 15.530362 | G19: =G$4/(1+G$5*($A19^G$6)) -> 30.748419 | H19: =H$4/(1+H$5*($A19^H$6)) -> 22.320505 | I19: =I$4/(1+I$5*($A19^I$6)) -> 18.632284 | J19: =J$4/(1+J$5*($A19^J$6)) -> 15.127426
A20: =A19+0.1 -> 1.2 | B20: =IF($A20>B$7, B$4/(1+B$5*(B$7^B$6)), B$4/(1+B$5*($A20^B$6)) ) -> 18.715658 | C20: =IF($A20>C$7, C$4/(1+C$5*(C$7^C$6)), C$4/(1+C$5*($A20^C$6)) ) -> 10.409124 | D20: =IF($A20>D$7, D$4/(1+D$5*(D$7^D$6)), D$4/(1+D$5*($A20^D$6)) ) -> 17.910937 | E20: =IF($A20>E$7, E$4/(1+E$5*(E$7^E$6)), E$4/(1+E$5*($A20^E$6)) ) -> 17.824041 | F20: =IF($A20>F$7, F$4/(1+F$5*(F$7^F$6)), F$4/(1+F$5*($A20^F$6)) ) -> 13.577118 | G20: =G$4/(1+G$5*($A20^G$6)) -> 18.715658 | H20: =H$4/(1+H$5*($A20^H$6)) -> 16.180241 | I20: =I$4/(1+I$5*($A20^I$6)) -> 15.596036 | J20: =J$4/(1+J$5*($A20^J$6)) -> 13.35413
A21: =A20+0.1 -> 1.3 | B21: =IF($A21>B$7, B$4/(1+B$5*(B$7^B$6)), B$4/(1+B$5*($A21^B$6)) ) -> 11.366751 | C21: =IF($A21>C$7, C$4/(1+C$5*(C$7^C$6)), C$4/(1+C$5*($A21^C$6)) ) -> 9.0626108 | D21: =IF($A21>D$7, D$4/(1+D$5*(D$7^D$6)), D$4/(1+D$5*($A21^D$6)) ) -> 12.833394 | E21: =IF($A21>E$7, E$4/(1+E$5*(E$7^E$6)), E$4/(1+E$5*($A21^E$6)) ) -> 14.74024 | F21: =IF($A21>F$7, F$4/(1+F$5*(F$7^F$6)), F$4/(1+F$5*($A21^F$6)) ) -> 11.820797 | G21: =G$4/(1+G$5*($A21^G$6)) -> 10.631124 | H21: =H$4/(1+H$5*($A21^H$6)) -> 11.418741 | I21: =I$4/(1+I$5*($A21^I$6)) -> 12.89771 | J21: =J$4/(1+J$5*($A21^J$6)) -> 11.477195
A22: =A21+0.1 -> 1.4 | B22: =IF($A22>B$7, B$4/(1+B$5*(B$7^B$6)), B$4/(1+B$5*($A22^B$6)) ) -> 6.7987627 | C22: =IF($A22>C$7, C$4/(1+C$5*(C$7^C$6)), C$4/(1+C$5*($A22^C$6)) ) -> 7.8745549 | D22: =IF($A22>D$7, D$4/(1+D$5*(D$7^D$6)), D$4/(1+D$5*($A22^D$6)) ) -> 9.0617113 | E22: =IF($A22>E$7, E$4/(1+E$5*(E$7^E$6)), E$4/(1+E$5*($A22^E$6)) ) -> 12.103021 | F22: =IF($A22>F$7, F$4/(1+F$5*(F$7^F$6)), F$4/(1+F$5*($A22^F$6)) ) -> 10.271159 | G22: =G$4/(1+G$5*($A22^G$6)) -> 5.9132308 | H22: =H$4/(1+H$5*($A22^H$6)) -> 7.973623 | I22: =I$4/(1+I$5*($A22^I$6)) -> 10.590143 | J22: =J$4/(1+J$5*($A22^J$6)) -> 9.6355451
A23: =A22+0.1 -> 1.5 | B23: =IF($A23>B$7, B$4/(1+B$5*(B$7^B$6)), B$4/(1+B$5*($A23^B$6)) ) -> 5.5403698 | C23: =IF($A23>C$7, C$4/(1+C$5*(C$7^C$6)), C$4/(1+C$5*($A23^C$6)) ) -> 6.8401487 | D23: =IF($A23>D$7, D$4/(1+D$5*(D$7^D$6)), D$4/(1+D$5*($A23^D$6)) ) -> 6.38213 | E23: =IF($A23>E$7, E$4/(1+E$5*(E$7^E$6)), E$4/(1+E$5*($A23^E$6)) ) -> 9.9071207 | F23: =IF($A23>F$7, F$4/(1+F$5*(F$7^F$6)), F$4/(1+F$5*($A23^F$6)) ) -> 8.9219331 | G23: =G$4/(1+G$5*($A23^G$6)) -> 3.3132757 | H23: =H$4/(1+H$5*($A23^H$6)) -> 5.5720007 | I23: =I$4/(1+I$5*($A23^I$6)) -> 8.6687307 | J23: =J$4/(1+J$5*($A23^J$6)) -> 7.9404467
A24: =A23+0.1 -> 1.6 | B24: =IF($A24>B$7, B$4/(1+B$5*(B$7^B$6)), B$4/(1+B$5*($A24^B$6)) ) -> 5.5403698 | C24: =IF($A24>C$7, C$4/(1+C$5*(C$7^C$6)), C$4/(1+C$5*($A24^C$6)) ) -> 5.9474555 | D24: =IF($A24>D$7, D$4/(1+D$5*(D$7^D$6)), D$4/(1+D$5*($A24^D$6)) ) -> 5.3646071 | E24: =IF($A24>E$7, E$4/(1+E$5*(E$7^E$6)), E$4/(1+E$5*($A24^E$6)) ) -> 8.110037 | F24: =IF($A24>F$7, F$4/(1+F$5*(F$7^F$6)), F$4/(1+F$5*($A24^F$6)) ) -> 7.7575507 | G24: =G$4/(1+G$5*($A24^G$6)) -> 1.8948104 | H24: =H$4/(1+H$5*($A24^H$6)) -> 3.9233992 | I24: =I$4/(1+I$5*($A24^I$6)) -> 7.0962824 | J24: =J$4/(1+J$5*($A24^J$6)) -> 6.4575455
A25: =A24+0.1 -> 1.7 | B25: =IF($A25>B$7, B$4/(1+B$5*(B$7^B$6)), B$4/(1+B$5*($A25^B$6)) ) -> 5.5403698 | C25: =IF($A25>C$7, C$4/(1+C$5*(C$7^C$6)), C$4/(1+C$5*($A25^C$6)) ) -> 5.5495402 | D25: =IF($A25>D$7, D$4/(1+D$5*(D$7^D$6)), D$4/(1+D$5*($A25^D$6)) ) -> 5.3646071 | E25: =IF($A25>E$7, E$4/(1+E$5*(E$7^E$6)), E$4/(1+E$5*($A25^E$6)) ) -> 6.654179 | F25: =IF($A25>F$7, F$4/(1+F$5*(F$7^F$6)), F$4/(1+F$5*($A25^F$6)) ) -> 6.7581266 | G25: =G$4/(1+G$5*($A25^G$6)) -> 1.1112228 | H25: =H$4/(1+H$5*($A25^H$6)) -> 2.7938739 | I25: =I$4/(1+I$5*($A25^I$6)) -> 5.8224066 | J25: =J$4/(1+J$5*($A25^J$6)) -> 5.2087213
A26: 2 | B26: =IF($A26>B$7, B$4/(1+B$5*(B$7^B$6)), B$4/(1+B$5*($A26^B$6)) ) -> 5.5403698 | C26: =IF($A26>C$7, C$4/(1+C$5*(C$7^C$6)), C$4/(1+C$5*($A26^C$6)) ) -> 5.5495402 | D26: =IF($A26>D$7, D$4/(1+D$5*(D$7^D$6)), D$4/(1+D$5*($A26^D$6)) ) -> 5.3646071 | E26: =IF($A26>E$7, E$4/(1+E$5*(E$7^E$6)), E$4/(1+E$5*($A26^E$6)) ) -> 5.4805331 | F26: =IF($A26>F$7, F$4/(1+F$5*(F$7^F$6)), F$4/(1+F$5*($A26^F$6)) ) -> 5.5226879 | G26: =G$4/(1+G$5*($A26^G$6)) -> 0.26070039 | H26: =H$4/(1+H$5*($A26^H$6)) -> 1.0917031 | I26: =I$4/(1+I$5*($A26^I$6)) -> 3.3018868 | J26: =J$4/(1+J$5*($A26^J$6)) -> 2.7027027
A27: 2.5 | B27: =IF($A27>B$7, B$4/(1+B$5*(B$7^B$6)), B$4/(1+B$5*($A27^B$6)) ) -> 5.5403698 | C27: =IF($A27>C$7, C$4/(1+C$5*(C$7^C$6)), C$4/(1+C$5*($A27^C$6)) ) -> 5.5495402 | D27: =IF($A27>D$7, D$4/(1+D$5*(D$7^D$6)), D$4/(1+D$5*($A27^D$6)) ) -> 5.3646071 | E27: =IF($A27>E$7, E$4/(1+E$5*(E$7^E$6)), E$4/(1+E$5*($A27^E$6)) ) -> 5.4805331 | F27: =IF($A27>F$7, F$4/(1+F$5*(F$7^F$6)), F$4/(1+F$5*($A27^F$6)) ) -> 5.5226879 | G27: =G$4/(1+G$5*($A27^G$6)) -> 0.035108889 | H27: =H$4/(1+H$5*($A27^H$6)) -> 0.29086943 | I27: =I$4/(1+I$5*($A27^I$6)) -> 1.4322251 | J27: =J$4/(1+J$5*($A27^J$6)) -> 0.97412481
A29: All VDF's are of the standard BPR form, but vary in their parameters
A30: TC[1]=BASE_TIME*(1 + 0.15*(V/C)^4)
A31: SpdC = SFF / (1+ coef*(V/C)^exp)

Sheet Cap1hr1ln V8
A1: Capacity v8
AI2: How much of the daily volume is assumed to occur in the peak hour?
A3: FT | B3: Functional Type | D3: Capacity per hour per lane | I3: Area Type | AI3: 0.09 | AJ3: (used in calculation of Equiv. AWDT)
A4: 1 | B4: Centroid Connector | D4: 10000 | I4: Suburban
F6: Capacity per hour per lane | Z6: Rural | AA6: Transition | AB6: Suburban | AC6: Urban | AD6: CBD | AJ6: Daily two-way capacity
C7: 1 lane | D7: 2 lanes | E7: 3 lanes | F7: 4 lanes | G7: 5 lanes | H7: 6 lanes | I7: 7 lanes | W7: =B8 & ", " & D7 -> Principal Arterial, 2 lanes | Z7: =VLOOKUP($B8,ArtExpFactors,2,FALSE)*VLOOKUP($B8,ArtExpFactors,3,FALSE)*SUMIFS($D$55:$D$56,$B$55:$B$56,"*"&RIGHT($B8,4))*SUMIFS($D$60:$D$62,$B$60:$B$62,"*"&RIGHT($B8,4))*VLOOKUP($B8,ArtExpFactors,4,FALSE)*C$66 -> 981.24998 | AA7: =VLOOKUP($B8,ArtExpFactors,2,FALSE)*VLOOKUP($B8,ArtExpFactors,3,FALSE)*SUMIFS($D$55:$D$56,$B$55:$B$56,"*"&RIGHT($B8,4))*SUMIFS($D$60:$D$62,$B$60:$B$62,"*"&RIGHT($B8,4))*VLOOKUP($B8,ArtExpFactors,4,FALSE)*D$66 -> 936.64771 | AB7: =VLOOKUP($B8,ArtExpFactors,2,FALSE)*VLOOKUP($B8,ArtExpFactors,3,FALSE)*SUMIFS($D$55:$D$56,$B$55:$B$56,"*"&RIGHT($B8,4))*SUMIFS($D$60:$D$62,$B$60:$B$62,"*"&RIGHT($B8,4))*VLOOKUP($B8,ArtExpFactors,4,FALSE)*E$66 -> 892.04544 | AC7: =VLOOKUP($B8,ArtExpFactors,2,FALSE)*VLOOKUP($B8,ArtExpFactors,3,FALSE)*SUMIFS($D$55:$D$56,$B$55:$B$56,"*"&RIGHT($B8,4))*SUMIFS($D$60:$D$62,$B$60:$B$62,"*"&RIGHT($B8,4))*VLOOKUP($B8,ArtExpFactors,4,FALSE)*F$66 -> 847.44317 | AD7: =VLOOKUP($B8,ArtExpFactors,2,FALSE)*VLOOKUP($B8,ArtExpFactors,3,FALSE)*SUMIFS($D$55:$D$56,$B$55:$B$56,"*"&RIGHT($B8,4))*SUMIFS($D$60:$D$62,$B$60:$B$62,"*"&RIGHT($B8,4))*VLOOKUP($B8,ArtExpFactors,4,FALSE)*G$66 -> 802.8409 | AI7: 1 lane | AJ7: 2 lanes | AK7: 3 lanes
A8: 2 | B8: Principal Arterial | C8: =VLOOKUP($B8,ArtExpFactors,2,FALSE)*VLOOKUP($B8,ArtExpFactors,3,FALSE)*SUMIFS(C$55:C$56,$B$55:$B$56,"*"&RIGHT($B8,4))*SUMIFS(C$60:C$62,$B$60:$B$62,"*"&RIGHT($B8,4))*VLOOKUP($B8,ArtExpFactors,4,FALSE)*HLOOKUP($I$4,ATypeCap,2,FALSE) -> 929.5104 | D8: =VLOOKUP($B8,ArtExpFactors,2,FALSE)*VLOOKUP($B8,ArtExpFactors,3,FALSE)*SUMIFS(D$55:D$56,$B$55:$B$56,"*"&RIGHT($B8,4))*SUMIFS(D$60:D$62,$B$60:$B$62,"*"&RIGHT($B8,4))*VLOOKUP($B8,ArtExpFactors,4,FALSE)*HLOOKUP($I$4,ATypeCap,2,FALSE) -> 892.04544 | E8: =VLOOKUP($B8,ArtExpFactors,2,FALSE)*VLOOKUP($B8,ArtExpFactors,3,FALSE)*SUMIFS(E$55:E$56,$B$55:$B$56,"*"&RIGHT($B8,4))*SUMIFS(E$60:E$62,$B$60:$B$62,"*"&RIGHT($B8,4))*VLOOKUP($B8,ArtExpFactors,4,FALSE)*HLOOKUP($I$4,ATypeCap,2,FALSE) -> 854.48563 | F8: =VLOOKUP($B8,ArtExpFactors,2,FALSE)*VLOOKUP($B8,ArtExpFactors,3,FALSE)*SUMIFS(F$55:F$56,$B$55:$B$56,"*"&RIGHT($B8,4))*SUMIFS(F$60:F$62,$B$60:$B$62,"*"&RIGHT($B8,4))*VLOOKUP($B8,ArtExpFactors,4,FALSE)*HLOOKUP($I$4,ATypeCap,2,FALSE) -> 834.6624 | G8: =F8*F8/E8 -> 815.29905 | H8: =G8*G8/F8 -> 796.38491 | I8: =H8*H8/G8 -> 777.90955 | W8: =B8 & ", " & E7 -> Principal Arterial, 3 lanes | Z8: =VLOOKUP($B8,ArtExpFactors,2,FALSE)*VLOOKUP($B8,ArtExpFactors,3,FALSE)*SUMIFS($E$55:$E$56,$B$55:$B$56,"*"&RIGHT($B8,4))*SUMIFS($E$60:$E$62,$B$60:$B$62,"*"&RIGHT($B8,4))*VLOOKUP($B8,ArtExpFactors,4,FALSE)*C$66 -> 939.9342 | AA8: =VLOOKUP($B8,ArtExpFactors,2,FALSE)*VLOOKUP($B8,ArtExpFactors,3,FALSE)*SUMIFS($E$55:$E$56,$B$55:$B$56,"*"&RIGHT($B8,4))*SUMIFS($E$60:$E$62,$B$60:$B$62,"*"&RIGHT($B8,4))*VLOOKUP($B8,ArtExpFactors,4,FALSE)*D$66 -> 897.20991 | AB8: =VLOOKUP($B8,ArtExpFactors,2,FALSE)*VLOOKUP($B8,ArtExpFactors,3,FALSE)*SUMIFS($E$55:$E$56,$B$55:$B$56,"*"&RIGHT($B8,4))*SUMIFS($E$60:$E$62,$B$60:$B$62,"*"&RIGHT($B8,4))*VLOOKUP($B8,ArtExpFactors,4,FALSE)*E$66 -> 854.48563 | AC8: =VLOOKUP($B8,ArtExpFactors,2,FALSE)*VLOOKUP($B8,ArtExpFactors,3,FALSE)*SUMIFS($E$55:$E$56,$B$55:$B$56,"*"&RIGHT($B8,4))*SUMIFS($E$60:$E$62,$B$60:$B$62,"*"&RIGHT($B8,4))*VLOOKUP($B8,ArtExpFactors,4,FALSE)*F$66 -> 811.76135 | AD8: =VLOOKUP($B8,ArtExpFactors,2,FALSE)*VLOOKUP($B8,ArtExpFactors,3,FALSE)*SUMIFS($E$55:$E$56,$B$55:$B$56,"*"&RIGHT($B8,4))*SUMIFS($E$60:$E$62,$B$60:$B$62,"*"&RIGHT($B8,4))*VLOOKUP($B8,ArtExpFactors,4,FALSE)*G$66 -> 769.03707 | AI8: =IFERROR(ROUND(C8/$AI$3*2*LEFT(AI$7,1),-3),"") -> 21000 | AJ8: =IFERROR(ROUND(D8/$AI$3*2*LEFT(AJ$7,1),-3),"") -> 40000 | AK8: =IFERROR(ROUND(E8/$AI$3*2*LEFT(AK$7,1),-3),"") -> 57000
A9: 3 | B9: Minor Arterial | C9: =VLOOKUP($B9,ArtExpFactors,2,FALSE)*VLOOKUP($B9,ArtExpFactors,3,FALSE)*SUMIFS(C$55:C$56,$B$55:$B$56,"*"&RIGHT($B9,4))*SUMIFS(C$60:C$62,$B$60:$B$62,"*"&RIGHT($B9,4))*VLOOKUP($B9,ArtExpFactors,4,FALSE)*HLOOKUP($I$4,ATypeCap,2,FALSE) -> 840.1344 | D9: =VLOOKUP($B9,ArtExpFactors,2,FALSE)*VLOOKUP($B9,ArtExpFactors,3,FALSE)*SUMIFS(D$55:D$56,$B$55:$B$56,"*"&RIGHT($B9,4))*SUMIFS(D$60:D$62,$B$60:$B$62,"*"&RIGHT($B9,4))*VLOOKUP($B9,ArtExpFactors,4,FALSE)*HLOOKUP($I$4,ATypeCap,2,FALSE) -> 806.27184 | E9: =VLOOKUP($B9,ArtExpFactors,2,FALSE)*VLOOKUP($B9,ArtExpFactors,3,FALSE)*SUMIFS(E$55:E$56,$B$55:$B$56,"*"&RIGHT($B9,4))*SUMIFS(E$60:E$62,$B$60:$B$62,"*"&RIGHT($B9,4))*VLOOKUP($B9,ArtExpFactors,4,FALSE)*HLOOKUP($I$4,ATypeCap,2,FALSE) -> 772.32355 | F9: =VLOOKUP($B9,ArtExpFactors,2,FALSE)*VLOOKUP($B9,ArtExpFactors,3,FALSE)*SUMIFS(F$55:F$56,$B$55:$B$56,"*"&RIGHT($B9,4))*SUMIFS(F$60:F$62,$B$60:$B$62,"*"&RIGHT($B9,4))*VLOOKUP($B9,ArtExpFactors,4,FALSE)*HLOOKUP($I$4,ATypeCap,2,FALSE) -> 754.4064 | G9: =F9*F9/E9 -> 736.90491 | H9: =G9*G9/F9 -> 719.80943 | I9: =H9*H9/G9 -> 703.11056 | W9: =B9 & ", " & D7 -> Minor Arterial, 2 lanes | Z9: =VLOOKUP($B9,ArtExpFactors,2,FALSE)*VLOOKUP($B9,ArtExpFactors,3,FALSE)*SUMIFS($D$55:$D$56,$B$55:$B$56,"*"&RIGHT($B9,4))*SUMIFS($D$60:$D$62,$B$60:$B$62,"*"&RIGHT($B9,4))*VLOOKUP($B9,ArtExpFactors,4,FALSE)*C$66 -> 886.89902 | AA9: =VLOOKUP($B9,ArtExpFactors,2,FALSE)*VLOOKUP($B9,ArtExpFactors,3,FALSE)*SUMIFS($D$55:$D$56,$B$55:$B$56,"*"&RIGHT($B9,4))*SUMIFS($D$60:$D$62,$B$60:$B$62,"*"&RIGHT($B9,4))*VLOOKUP($B9,ArtExpFactors,4,FALSE)*D$66 -> 846.58543 | AB9: =VLOOKUP($B9,ArtExpFactors,2,FALSE)*VLOOKUP($B9,ArtExpFactors,3,FALSE)*SUMIFS($D$55:$D$56,$B$55:$B$56,"*"&RIGHT($B9,4))*SUMIFS($D$60:$D$62,$B$60:$B$62,"*"&RIGHT($B9,4))*VLOOKUP($B9,ArtExpFactors,4,FALSE)*E$66 -> 806.27184 | AC9: =VLOOKUP($B9,ArtExpFactors,2,FALSE)*VLOOKUP($B9,ArtExpFactors,3,FALSE)*SUMIFS($D$55:$D$56,$B$55:$B$56,"*"&RIGHT($B9,4))*SUMIFS($D$60:$D$62,$B$60:$B$62,"*"&RIGHT($B9,4))*VLOOKUP($B9,ArtExpFactors,4,FALSE)*F$66 -> 765.95825 | AD9: =VLOOKUP($B9,ArtExpFactors,2,FALSE)*VLOOKUP($B9,ArtExpFactors,3,FALSE)*SUMIFS($D$55:$D$56,$B$55:$B$56,"*"&RIGHT($B9,4))*SUMIFS($D$60:$D$62,$B$60:$B$62,"*"&RIGHT($B9,4))*VLOOKUP($B9,ArtExpFactors,4,FALSE)*G$66 -> 725.64466 | AI9: =IFERROR(ROUND(C9/$AI$3*2*LEFT(AI$7,1),-3),"") -> 19000 | AJ9: =IFERROR(ROUND(D9/$AI$3*2*LEFT(AJ$7,1),-3),"") -> 36000 | AK9: =IFERROR(ROUND(E9/$AI$3*2*LEFT(AK$7,1),-3),"") -> 51000
