Workbook

Sheet Export
A1: Bus Speed Ratios (.csv) | S1: Functional Type Lookup
A3: Note: The travel demand model calculates bus speeds based off of link congested auto speeds. These values provide speed ratios based on functional classification groupings of link functional types, period (peak v. off-peak), and area type.
A6: ;FC | B6: Pk_Rur | C6: Pk_Trn | D6: Pk_Sub | E6: Pk_Urb | F6: Pk_CBD | G6: Ok_Rur | H6: Ok_Trn | I6: Ok_Sub | J6: Ok_Urb | K6: Ok_CBD | L6: DY_Rur | M6: DY_Trn | N6: DY_Sub | O6: DY_Urb | P6: DY_CBD | Q6: Functional Class | S6: FC | T6: Functional Class | U6: FT
A7: 1 | B7: =CalculateBusSpedRatios!C8 -> 0.56 | C7: =CalculateBusSpedRatios!D8 -> 0.59 | D7: =CalculateBusSpedRatios!E8 -> 0.63 | E7: =CalculateBusSpedRatios!F8 -> 0.66 | F7: =CalculateBusSpedRatios!G8 -> 0.57 | G7: =CalculateBusSpedRatios!C17 -> 0.58 | H7: =CalculateBusSpedRatios!D17 -> 0.6 | I7: =CalculateBusSpedRatios!E17 -> 0.62 | J7: =CalculateBusSpedRatios!F17 -> 0.64 | K7: =CalculateBusSpedRatios!G17 -> 0.52 | L7: =CalculateBusSpedRatios!C27 -> 0.58 | M7: =CalculateBusSpedRatios!D27 -> 0.6 | N7: =CalculateBusSpedRatios!E27 -> 0.62 | O7: =CalculateBusSpedRatios!F27 -> 0.64 | P7: =CalculateBusSpedRatios!G27 -> 0.53 | Q7: Collectors & Locals | S7: 1 | T7: Collectors & Locals | U7: 1, 4-10
A8: 2 | B8: =CalculateBusSpedRatios!C9 -> 0.82 | C8: =CalculateBusSpedRatios!D9 -> 0.74 | D8: =CalculateBusSpedRatios!E9 -> 0.66 | E8: =CalculateBusSpedRatios!F9 -> 0.6 | F8: =CalculateBusSpedRatios!G9 -> 0.53 | G8: =CalculateBusSpedRatios!C18 -> 0.75 | H8: =CalculateBusSpedRatios!D18 -> 0.68 | I8: =CalculateBusSpedRatios!E18 -> 0.61 | J8: =CalculateBusSpedRatios!F18 -> 0.55 | K8: =CalculateBusSpedRatios!G18 -> 0.48 | L8: =CalculateBusSpedRatios!C28 -> 0.8 | M8: =CalculateBusSpedRatios!D28 -> 0.72 | N8: =CalculateBusSpedRatios!E28 -> 0.64 | O8: =CalculateBusSpedRatios!F28 -> 0.58 | P8: =CalculateBusSpedRatios!G28 -> 0.51 | Q8: Minor Arterials | S8: 2 | T8: Minor Arterials | U8: 3
A9: 3 | B9: =CalculateBusSpedRatios!C10 -> 0.91 | C9: =CalculateBusSpedRatios!D10 -> 0.78 | D9: =CalculateBusSpedRatios!E10 -> 0.67 | E9: =CalculateBusSpedRatios!F10 -> 0.58 | F9: =CalculateBusSpedRatios!G10 -> 0.5 | G9: =CalculateBusSpedRatios!C19 -> 0.79 | H9: =CalculateBusSpedRatios!D19 -> 0.7 | I9: =CalculateBusSpedRatios!E19 -> 0.61 | J9: =CalculateBusSpedRatios!F19 -> 0.53 | K9: =CalculateBusSpedRatios!G19 -> 0.45 | L9: =CalculateBusSpedRatios!C29 -> 0.85 | M9: =CalculateBusSpedRatios!D29 -> 0.75 | N9: =CalculateBusSpedRatios!E29 -> 0.65 | O9: =CalculateBusSpedRatios!F29 -> 0.56 | P9: =CalculateBusSpedRatios!G29 -> 0.49 | Q9: Principal Arterials | S9: 3 | T9: Principal Arterials | U9: 2
A10: 4 | B10: =CalculateBusSpedRatios!C11 -> 0.52 | C10: =CalculateBusSpedRatios!D11 -> 0.54 | D10: =CalculateBusSpedRatios!E11 -> 0.56 | E10: =CalculateBusSpedRatios!F11 -> 0.58 | F10: =CalculateBusSpedRatios!G11 -> 0.6 | G10: =CalculateBusSpedRatios!C20 -> 0.54 | H10: =CalculateBusSpedRatios!D20 -> 0.55 | I10: =CalculateBusSpedRatios!E20 -> 0.56 | J10: =CalculateBusSpedRatios!F20 -> 0.57 | K10: =CalculateBusSpedRatios!G20 -> 0.58 | L10: =CalculateBusSpedRatios!C30 -> 0.53 | M10: =CalculateBusSpedRatios!D30 -> 0.54 | N10: =CalculateBusSpedRatios!E30 -> 0.56 | O10: =CalculateBusSpedRatios!F30 -> 0.58 | P10: =CalculateBusSpedRatios!G30 -> 0.59 | Q10: Expressways | S10: 4 | T10: Expressways | U10: 11-19
A11: 5 | B11: =CalculateBusSpedRatios!C12 -> 0.61 | C11: =CalculateBusSpedRatios!D12 -> 0.64 | D11: =CalculateBusSpedRatios!E12 -> 0.71 | E11: =CalculateBusSpedRatios!F12 -> 0.79 | F11: =CalculateBusSpedRatios!G12 -> 0.87 | G11: =CalculateBusSpedRatios!C21 -> 0.47 | H11: =CalculateBusSpedRatios!D21 -> 0.48 | I11: =CalculateBusSpedRatios!E21 -> 0.5 | J11: =CalculateBusSpedRatios!F21 -> 0.55 | K11: =CalculateBusSpedRatios!G21 -> 0.63 | L11: =CalculateBusSpedRatios!C31 -> 0.62 | M11: =CalculateBusSpedRatios!D31 -> 0.64 | N11: =CalculateBusSpedRatios!E31 -> 0.69 | O11: =CalculateBusSpedRatios!F31 -> 0.76 | P11: =CalculateBusSpedRatios!G31 -> 0.84 | Q11: Freeways & Ramps | S11: 5 | T11: Freeways & Ramps | U11: 20-49

Sheet CalculateBusSpedRatios
A1: Final Ratios | I1: 3 - Manually Smooth Lines | AH1: 2 - Fill in Missing Values | BG1: 1 - Original (Source) Data | CF1: 0 - Original (v8.3.2) Ratios
I3: Note: light orange=modest edit, dark orange=more significant edit | AH3: Note: using the 'na.approx' function in R, fill in missing values | BH3: Parameter Estimation Source: | BI3: https://github.com/WFRCAnalytics/TDM-Bus-Speeds/blob/main/bus_speed_ratios_estimation.Rmd
A5: Peak | I5: Peak | AH5: Peak | BG5: Peak | CF5: freeways | CG5: 0.95 | CH5: ratio_fway
C6: 1 | D6: 2 | E6: 3 | F6: 4 | G6: 5 | K6: 1 | L6: 2 | M6: 3 | N6: 4 | O6: 5 | AJ6: 1 | AK6: 2 | AL6: 3 | AM6: 4 | AN6: 5 | BI6: 1 | BJ6: 2 | BK6: 3 | BL6: 4 | BM6: 5 | CF6: freeway ramps | CG6: 0.75 | CH6: ratio_ramp
A7: FC | B7: Functional Group | C7: Rural | D7: Transition | E7: Suburban | F7: Urban | G7: CBD-Like | I7: FC | J7: Functional Group | K7: Rural | L7: Transition | M7: Suburban | N7: Urban | O7: CBD-Like | AH7: FC | AI7: Functional Group | AJ7: Rural | AK7: Transition | AL7: Suburban | AM7: Urban | AN7: CBD-Like | BG7: FC | BH7: Functional Group | BI7: Rural | BJ7: Transition | BK7: Suburban | BL7: Urban | BM7: CBD-Like | CF7: principal arterials & expressways | CG7: 0.6 | CH7: ratio_part
A8: 1 | B8: Collectors & Locals | C8: =K8 -> 0.56 | D8: =L8 -> 0.59 | E8: =M8 -> 0.63 | F8: =N8 -> 0.66 | G8: =O8 -> 0.57 | I8: 1 | J8: Collectors & Locals | K8: 0.56 | L8: 0.59 | M8: 0.63 | N8: 0.66 | O8: 0.57 | AH8: 1 | AI8: Collectors & Locals | AJ8: 0.56 | AK8: 0.59 | AL8: 0.63 | AM8: 0.66 | AN8: 0.54 | BG8: 1 | BH8: Collectors & Locals | BJ8: 0.59 | BK8: 0.63 | BL8: 0.66 | BM8: 0.54 | CF8: minor arterials, urban/cbd | CG8: 0.55 | CH8: ratio_mart_urbcbd
A9: 2 | B9: Minor Arterials | C9: =K9 -> 0.82 | D9: =L9 -> 0.74 | E9: =M9 -> 0.66 | F9: =N9 -> 0.6 | G9: =O9 -> 0.53 | I9: 2 | J9: Minor Arterials | K9: 0.82 | L9: 0.74 | M9: 0.66 | N9: 0.6 | O9: 0.53 | AH9: 2 | AI9: Minor Arterials | AJ9: 0.61 | AK9: 0.74 | AL9: 0.63 | AM9: 0.6 | AN9: 0.53 | BG9: 2 | BH9: Minor Arterials | BJ9: 0.74 | BK9: 0.63 | BL9: 0.6 | BM9: 0.53 | CF9: minor arterials, suburban/rural | CG9: 0.65 | CH9: ratio_mart_subrur
A10: 3 | B10: Principal Arterials | C10: =K10 -> 0.91 | D10: =L10 -> 0.78 | E10: =M10 -> 0.67 | F10: =N10 -> 0.58 | G10: =O10 -> 0.5 | I10: 3 | J10: Principal Arterials | K10: 0.91 | L10: 0.78 | M10: 0.67 | N10: 0.58 | O10: 0.5 | AH10: 3 | AI10: Principal Arterials | AJ10: 0.91 | AK10: 0.78 | AL10: 0.58 | AM10: 0.58 | AN10: 0.5 | BG10: 3 | BH10: Principal Arterials | BI10: 0.91 | BJ10: 0.78 | BK10: 0.58 | BL10: 0.58 | BM10: 0.5 | CF10: collectors | CG10: 0.6 | CH10: ratio_collector
A11: 4 | B11: Expressways | C11: =K11 -> 0.52 | D11: =L11 -> 0.54 | E11: =M11 -> 0.56 | F11: =N11 -> 0.58 | G11: =O11 -> 0.6 | I11: 4 | J11: Expressways | K11: 0.52 | L11: 0.54 | M11: 0.56 | N11: 0.58 | O11: 0.6 | AH11: 4 | AI11: Expressways | AJ11: 0.53 | AK11: 0.51 | AL11: 0.85 | AM11: 0.58 | AN11: 0.6 | BG11: 4 | BH11: Expressways | BJ11: 0.51 | BK11: 0.85 | BL11: 0.58
A12: 5 | B12: Freeways & Ramps | C12: =K12 -> 0.61 | D12: =L12 -> 0.64 | E12: =M12 -> 0.71 | F12: =N12 -> 0.79 | G12: =O12 -> 0.87 | I12: 5 | J12: Freeways & Ramps | K12: 0.61 | L12: 0.64 | M12: 0.71 | N12: 0.79 | O12: 0.87 | AH12: 5 | AI12: Freeways & Ramps | AJ12: 0.63 | AK12: 0.64 | AL12: 0.67 | AM12: 0.83 | AN12: 0.83 | BG12: 5 | BH12: Freeways & Ramps | BJ12: 0.64 | BK12: 0.67 | BL12: 0.83 | CF12: minimum_bus_speed | CG12: 10
A14: Off-Peak | I14: Off-Peak | AH14: Off-Peak | BG14: Off-Peak
C15: 1 | D15: 2 | E15: 3 | F15: 4 | G15: 5 | K15: 1 | L15: 2 | M15: 3 | N15: 4 | O15: 5 | AJ15: 1 | AK15: 2 | AL15: 3 | AM15: 4 | AN15: 5 | BI15: 1 | BJ15: 2 | BK15: 3 | BL15: 4 | BM15: 5
A16: FC | B16: Functional Group | C16: Rural | D16: Transition | E16: Suburban | F16: Urban | G16: CBD-Like | I16: FC | J16: Functional Group | K16: Rural | L16: Transition | M16: Suburban | N16: Urban | O16: CBD-Like | AH16: FC | AI16: Functional Group | AJ16: Rural | AK16: Transition | AL16: Suburban | AM16: Urban | AN16: CBD-Like | BG16: FC | BH16: Functional Group | BI16: Rural | BJ16: Transition | BK16: Suburban | BL16: Urban | BM16: CBD-Like
A17: 1 | B17: Collectors & Locals | C17: =K17 -> 0.58 | D17: =L17 -> 0.6 | E17: =M17 -> 0.62 | F17: =N17 -> 0.64 | G17: =O17 -> 0.52 | I17: 1 | J17: Collectors & Locals | K17: 0.58 | L17: 0.6 | M17: 0.62 | N17: 0.64 | O17: 0.52 | AH17: 1 | AI17: Collectors & Locals | AJ17: 0.57 | AK17: 0.6 | AL17: 0.61 | AM17: 0.64 | AN17: 0.52 | BG17: 1 | BH17: Collectors & Locals | BJ17: 0.6 | BK17: 0.61 | BL17: 0.64 | BM17: 0.52
A18: 2 | B18: Minor Arterials | C18: =K18 -> 0.75 | D18: =L18 -> 0.68 | E18: =M18 -> 0.61 | F18: =N18 -> 0.55 | G18: =O18 -> 0.48 | I18: 2 | J18: Minor Arterials | K18: 0.75 | L18: 0.68 | M18: 0.61 | N18: 0.55 | O18: 0.48 | AH18: 2 | AI18: Minor Arterials | AJ18: 0.6 | AK18: 0.68 | AL18: 0.61 | AM18: 0.56 | AN18: 0.48 | BG18: 2 | BH18: Minor Arterials | BJ18: 0.68 | BK18: 0.61 | BL18: 0.56 | BM18: 0.48
A19: 3 | B19: Principal Arterials | C19: =K19 -> 0.79 | D19: =L19 -> 0.7 | E19: =M19 -> 0.61 | F19: =N19 -> 0.53 | G19: =O19 -> 0.45 | I19: 3 | J19: Principal Arterials | K19: 0.79 | L19: 0.7 | M19: 0.61 | N19: 0.53 | O19: 0.45 | AH19: 3 | AI19: Principal Arterials | AJ19: 0.78 | AK19: 0.73 | AL19: 0.52 | AM19: 0.53 | AN19: 0.47 | BG19: 3 | BH19: Principal Arterials | BI19: 0.78 | BJ19: 0.73 | BK19: 0.52 | BL19: 0.53 | BM19: 0.47
A20: 4 | B20: Expressways | C20: =K20 -> 0.54 | D20: =L20 -> 0.55 | E20: =M20 -> 0.56 | F20: =N20 -> 0.57 | G20: =O20 -> 0.58 | I20: 4 | J20: Expressways | K20: 0.54 | L20: 0.55 | M20: 0.56 | N20: 0.57 | O20: 0.58 | AH20: 4 | AI20: Expressways | AJ20: 0.54 | AK20: 0.52 | AL20: 0.63 | AM20: 0.56 | AN20: 0.54 | BG20: 4 | BH20: Expressways | BJ20: 0.52 | BK20: 0.63 | BL20: 0.56
A21: 5 | B21: Freeways & Ramps | C21: =K21 -> 0.47 | D21: =L21 -> 0.48 | E21: =M21 -> 0.5 | F21: =N21 -> 0.55 | G21: =O21 -> 0.63 | I21: 5 | J21: Freeways & Ramps | K21: 0.47 | L21: 0.48 | M21: 0.5 | N21: 0.55 | O21: 0.63 | AH21: 5 | AI21: Freeways & Ramps | AJ21: 0.6 | AK21: =ROUND( AL21/AL12 * AK12, 2) -> 0.48 | AL21: 0.5 | AM21: =ROUND( AL21/AL12 * AM12, 2) -> 0.62 | AN21: 0.63 | BG21: 5 | BH21: Freeways & Ramps | BK21: 0.5
AH22: Note: using the ratio between peak and off peak, estimate Trn & Urb freeway ratios
A24: Daily (Average) | I24: Daily (Average) | AH24: Daily (Average) | BG24: Daily (Average)
C25: 1 | D25: 2 | E25: 3 | F25: 4 | G25: 5 | K25: 1 | L25: 2 | M25: 3 | N25: 4 | O25: 5 | AJ25: 1 | AK25: 2 | AL25: 3 | AM25: 4 | AN25: 5 | BI25: 1 | BJ25: 2 | BK25: 3 | BL25: 4 | BM25: 5
A26: FC | B26: Functional Group | C26: Rural | D26: Transition | E26: Suburban | F26: Urban | G26: CBD-Like | I26: FC | J26: Functional Group | K26: Rural | L26: Transition | M26: Suburban | N26: Urban | O26: CBD-Like | AH26: FC | AI26: Functional Group | AJ26: Rural | AK26: Transition | AL26: Suburban | AM26: Urban | AN26: CBD-Like | BG26: FC | BH26: Functional Group | BI26: Rural | BJ26: Transition | BK26: Suburban | BL26: Urban | BM26: CBD-Like
A27: 1 | B27: Collectors & Locals | C27: =K27 -> 0.58 | D27: =L27 -> 0.6 | E27: =M27 -> 0.62 | F27: =N27 -> 0.64 | G27: =O27 -> 0.53 | I27: 1 | J27: Collectors & Locals | K27: 0.58 | L27: 0.6 | M27: 0.62 | N27: 0.64 | O27: 0.53 | AH27: 1 | AI27: Collectors & Locals | AJ27: 0.6 | AK27: 0.6 | AL27: 0.62 | AM27: 0.65 | AN27: 0.53 | BG27: 1 | BH27: Collectors & Locals | BJ27: 0.6 | BK27: 0.62 | BL27: 0.65 | BM27: 0.53
A28: 2 | B28: Minor Arterials | C28: =K28 -> 0.8 | D28: =L28 -> 0.72 | E28: =M28 -> 0.64 | F28: =N28 -> 0.58 | G28: =O28 -> 0.51 | I28: 2 | J28: Minor Arterials | K28: 0.8 | L28: 0.72 | M28: 0.64 | N28: 0.58 | O28: 0.51 | AH28: 2 | AI28: Minor Arterials | AJ28: 0.63 | AK28: 0.72 | AL28: 0.62 | AM28: 0.58 | AN28: 0.51 | BG28: 2 | BH28: Minor Arterials | BJ28: 0.72 | BK28: 0.62 | BL28: 0.58 | BM28: 0.51
A29: 3 | B29: Principal Arterials | C29: =K29 -> 0.85 | D29: =L29 -> 0.75 | E29: =M29 -> 0.65 | F29: =N29 -> 0.56 | G29: =O29 -> 0.49 | I29: 3 | J29: Principal Arterials | K29: 0.85 | L29: 0.75 | M29: 0.65 | N29: 0.56 | O29: 0.49 | AH29: 3 | AI29: Principal Arterials | AJ29: 0.84 | AK29: 0.76 | AL29: 0.55 | AM29: 0.56 | AN29: 0.49 | BG29: 3 | BH29: Principal Arterials | BI29: 0.84 | BJ29: 0.76 | BK29: 0.55 | BL29: 0.56 | BM29: 0.49
A30: 4 | B30: Expressways | C30: =K30 -> 0.53 | D30: =L30 -> 0.54 | E30: =M30 -> 0.56 | F30: =N30 -> 0.58 | G30: =O30 -> 0.59 | I30: 4 | J30: Expressways | K30: 0.53 | L30: 0.54 | M30: 0.56 | N30: 0.58 | O30: 0.59 | AH30: 4 | AI30: Expressways | AJ30: 0.51 | AK30: 0.51 | AL30: 0.76 | AM30: 0.57 | AN30: 0.53 | BG30: 4 | BH30: Expressways | BJ30: 0.51 | BK30: 0.76 | BL30: 0.57
A31: 5 | B31: Freeways & Ramps | C31: =K31 -> 0.62 | D31: =L31 -> 0.64 | E31: =M31 -> 0.69 | F31: =N31 -> 0.76 | G31: =O31 -> 0.84 | I31: 5 | J31: Freeways & Ramps | K31: 0.62 | L31: 0.64 | M31: 0.69 | N31: 0.76 | O31: 0.84 | AH31: 5 | AI31: Freeways & Ramps | AJ31: 0.62 | AK31: 0.64 | AL31: 0.64 | AM31: 0.83 | AN31: 0.71 | BG31: 5 | BH31: Freeways & Ramps | BJ31: 0.64 | BK31: 0.64 | BL31: 0.83
J34: for Chart --> | K34: =$BI34 -> Rur | L34: =$BJ34 -> Trn | M34: =$BK34 -> Sub | N34: =$BL34 -> Urb | O34: =$BM34 -> CBD | AI34: for Chart --> | AJ34: =$BI34 -> Rur | AK34: =$BJ34 -> Trn | AL34: =$BK34 -> Sub | AM34: =$BL34 -> Urb | AN34: =$BM34 -> CBD | BH34: for Chart --> | BI34: Rur | BJ34: Trn | BK34: Sub | BL34: Urb | BM34: CBD

Sheet CalculateBusSpedRatios-try1
A1: Final Ratios | V1: 5 - Mathematically Smooth Lines | AQ1: 4 - Manually Smooth Lines | BL1: 3 - Fill in Missing Values | CG1: 2 - Updating Off-Peak w/ Period Ratios | CV1: 1 - Original (Source) Data
A5: *we make slight adjustments to the mathematically smooth lines, and use these as final ratios | V5: * using the stat_smooth function in R, lets improve slightly upon our manual adjustments | AQ5: * following the flow of each line, we manually smooth them to follow a logical pattern | BL5: * using the na.approx function in R, we fill in these values programatically | CG5: *using the ratio between peak and off peak, we estimate some freeway ratios for the off-peak period | CV5: https://github.com/WFRCAnalytics/TDM-Bus-Speeds/blob/main/bus_speed_ratios_estimation.Rmd
CH6: Ratio of Off-Peak and Peak Ratios by Function Group
A7: Average | B7: FTGROUP | C7: 1 - Rural | D7: 2 - Transition | E7: 3 - Suburban | F7: 4 - Urban | G7: 5 - CBD-Like | V7: Average | W7: FTGROUP | X7: 1 - Rural | Y7: 2 - Transition | Z7: 3 - Suburban | AA7: 4 - Urban | AB7: 5 - CBD-Like | AQ7: Average | AR7: FTGROUP | AS7: 1 - Rural | AT7: 2 - Transition | AU7: 3 - Suburban | AV7: 4 - Urban | AW7: 5 - CBD-Like | BL7: Average | BM7: FTGROUP | BN7: 1 - Rural | BO7: 2 - Transition | BP7: 3 - Suburban | BQ7: 4 - Urban | BR7: 5 - CBD-Like | CH7: FTGROUP | CI7: avePkOkRatio | CV7: Average | CW7: FTGROUP | CX7: 1 - Rural | CY7: 2 - Transition | CZ7: 3 - Suburban | DA7: 4 - Urban | DB7: 5 - CBD-Like
B8: 1 | C8: 0.75 | D8: 0.65 | E8: 0.62 | F8: 0.6 | G8: 0.53 | W8: 1 | X8: 0.75 | Y8: 0.65 | Z8: 0.62 | AA8: 0.6 | AB8: 0.53 | AR8: 1 | AS8: 0.75 | AT8: 0.65 | AU8: 0.62 | AV8: 0.6 | AW8: 0.53 | BM8: 1 | BN8: 0.6 | BO8: 0.6 | BP8: 0.62 | BQ8: 0.65 | BR8: 0.53 | CH8: 1 | CI8: 0.979 | CW8: 1 | CY8: 0.6 | CZ8: 0.62 | DA8: 0.65 | DB8: 0.53
B9: 2 | C9: 0.81 | D9: 0.72 | E9: 0.65 | F9: 0.58 | G9: 0.51 | W9: 2 | X9: 0.81 | Y9: 0.72 | Z9: 0.65 | AA9: 0.58 | AB9: 0.51 | AR9: 2 | AS9: 0.81 | AT9: 0.72 | AU9: 0.65 | AV9: 0.58 | AW9: 0.51 | BM9: 2 | BN9: 0.63 | BO9: 0.72 | BP9: 0.62 | BQ9: 0.58 | BR9: 0.51 | CH9: 2 | CI9: 0.932 | CW9: 2 | CY9: 0.72 | CZ9: 0.62 | DA9: 0.58 | DB9: 0.51
B10: 3 | C10: 0.84 | D10: 0.75 | E10: 0.65 | F10: 0.55 | G10: 0.49 | W10: 3 | X10: 0.84 | Y10: 0.75 | Z10: 0.65 | AA10: 0.55 | AB10: 0.49 | AR10: 3 | AS10: 0.84 | AT10: 0.76 | AU10: 0.64 | AV10: 0.56 | AW10: 0.49 | BM10: 3 | BN10: 0.84 | BO10: 0.76 | BP10: 0.55 | BQ10: 0.56 | BR10: 0.49 | CH10: 3 | CI10: 0.909 | CW10: 3 | CX10: 0.84 | CY10: 0.76 | CZ10: 0.55 | DA10: 0.56 | DB10: 0.49
B11: 4 | C11: 0.5 | D11: 0.53 | E11: 0.65 | F11: 0.76 | G11: 0.79 | W11: 4 | X11: 0.5 | Y11: 0.53 | Z11: 0.65 | AA11: 0.78 | AB11: 0.78 | AR11: 4 | AS11: 0.5 | AT11: 0.52 | AU11: 0.67 | AV11: 0.77 | AW11: 0.78 | BM11: 4 | BN11: 0.51 | BO11: 0.51 | BP11: 0.76 | BQ11: 0.57 | BR11: 0.53 | CH11: 4 | CI11: 0.909 | CW11: 4 | CY11: 0.51 | CZ11: 0.76 | DA11: 0.57
B12: 5 | C12: 0.61 | D12: 0.63 | E12: 0.72 | F12: 0.82 | G12: 0.85 | W12: 5 | X12: 0.62 | Y12: 0.63 | Z12: 0.7 | AA12: 0.82 | AB12: 0.85 | AR12: 5 | AS12: 0.62 | AT12: 0.64 | AU12: 0.7 | AV12: 0.83 | AW12: 0.85 | BM12: 5 | BN12: 0.62 | BO12: 0.64 | BP12: 0.64 | BQ12: 0.83 | BR12: 0.71 | CH12: 5 | CI12: 0.746 | CW12: 5 | CY12: 0.64 | CZ12: 0.64 | DA12: 0.83
A16: Off-Peak | B16: FTGROUP | C16: 1 - Rural | D16: 2 - Transition | E16: 3 - Suburban | F16: 4 - Urban | G16: 5 - CBD-Like | V16: Off-Peak | W16: FTGROUP | X16: 1 - Rural | Y16: 2 - Transition | Z16: 3 - Suburban | AA16: 4 - Urban | AB16: 5 - CBD-Like | AQ16: Off-Peak | AR16: FTGROUP | AS16: 1 - Rural | AT16: 2 - Transition | AU16: 3 - Suburban | AV16: 4 - Urban | AW16: 5 - CBD-Like | BL16: Off-Peak | BM16: FTGROUP | BN16: 1 - Rural | BO16: 2 - Transition | BP16: 3 - Suburban | BQ16: 4 - Urban | BR16: 5 - CBD-Like | CG16: Off-Peak | CH16: FTGROUP | CI16: 1 - Rural | CJ16: 2 - Transition | CK16: 3 - Suburban | CL16: 4 - Urban | CM16: 5 - CBD-Like | CV16: Off-Peak | CW16: FTGROUP | CX16: 1 - Rural | CY16: 2 - Transition | CZ16: 3 - Suburban | DA16: 4 - Urban | DB16: 5 - CBD-Like
B17: 1 | C17: 0.74 | D17: 0.64 | E17: 0.61 | F17: 0.58 | G17: 0.52 | W17: 1 | X17: 0.74 | Y17: 0.64 | Z17: 0.61 | AA17: 0.58 | AB17: 0.52 | AR17: 1 | AS17: 0.74 | AT17: 0.64 | AU17: 0.61 | AV17: 0.58 | AW17: 0.52 | BM17: 1 | BN17: 0.57 | BO17: 0.6 | BP17: 0.61 | BQ17: 0.64 | BR17: 0.52 | CH17: 1 | CJ17: 0.6 | CK17: 0.61 | CL17: 0.64 | CM17: 0.52 | CW17: 1 | CY17: 0.6 | CZ17: 0.61 | DA17: 0.64 | DB17: 0.52
B18: 2 | C18: 0.77 | D18: 0.68 | E18: 0.61 | F18: 0.56 | G18: 0.5 | W18: 2 | X18: 0.77 | Y18: 0.68 | Z18: 0.61 | AA18: 0.56 | AB18: 0.5 | AR18: 2 | AS18: 0.77 | AT18: 0.68 | AU18: 0.61 | AV18: 0.56 | AW18: 0.5 | BM18: 2 | BN18: 0.6 | BO18: 0.68 | BP18: 0.61 | BQ18: 0.56 | BR18: 0.48 | CH18: 2 | CJ18: 0.68 | CK18: 0.61 | CL18: 0.56 | CM18: 0.48 | CW18: 2 | CY18: 0.68 | CZ18: 0.61 | DA18: 0.56 | DB18: 0.48
B19: 3 | C19: 0.79 | D19: 0.72 | E19: 0.61 | F19: 0.52 | G19: 0.47 | W19: 3 | X19: 0.79 | Y19: 0.72 | Z19: 0.61 | AA19: 0.52 | AB19: 0.47 | AR19: 3 | AS19: 0.79 | AT19: 0.73 | AU19: 0.59 | AV19: 0.53 | AW19: 0.47 | BM19: 3 | BN19: 0.78 | BO19: 0.73 | BP19: 0.52 | BQ19: 0.53 | BR19: 0.47 | CH19: 3 | CI19: 0.78 | CJ19: 0.73 | CK19: 0.52 | CL19: 0.53 | CM19: 0.47 | CW19: 3 | CX19: 0.78 | CY19: 0.73 | CZ19: 0.52 | DA19: 0.53 | DB19: 0.47
B20: 4 | C20: 0.51 | D20: 0.53 | E20: 0.61 | F20: 0.67 | G20: 0.69 | W20: 4 | X20: 0.51 | Y20: 0.53 | Z20: 0.61 | AA20: 0.67 | AB20: 0.67 | AR20: 4 | AS20: 0.51 | AT20: 0.52 | AU20: 0.63 | AV20: 0.66 | AW20: 0.67 | BM20: 4 | BN20: 0.54 | BO20: 0.52 | BP20: 0.63 | BQ20: 0.56 | BR20: 0.54 | CH20: 4 | CJ20: 0.52 | CK20: 0.63 | CL20: 0.56 | CW20: 4 | CY20: 0.52 | CZ20: 0.63 | DA20: 0.56
B21: 5 | C21: 0.46 | D21: 0.47 | E21: 0.52 | F21: 0.6 | G21: 0.64 | W21: 5 | X21: 0.47 | Y21: 0.46 | Z21: 0.52 | AA21: 0.6 | AB21: 0.65 | AR21: 5 | AS21: 0.47 | AT21: 0.48 | AU21: 0.5 | AV21: 0.62 | AW21: 0.65 | BM21: 5 | BN21: 0.6 | BO21: 0.48 | BP21: 0.5 | BQ21: 0.62 | BR21: 0.63 | CH21: 5 | CJ21: 0.48 | CK21: 0.5 | CL21: 0.62 | CW21: 5 | CZ21: 0.5
A25: Peak | B25: FTGROUP | C25: 1 - Rural | D25: 2 - Transition | E25: 3 - Suburban | F25: 4 - Urban | G25: 5 - CBD-Like | V25: Peak | W25: FTGROUP | X25: 1 - Rural | Y25: 2 - Transition | Z25: 3 - Suburban | AA25: 4 - Urban | AB25: 5 - CBD-Like | AQ25: Peak | AR25: FTGROUP | AS25: 1 - Rural | AT25: 2 - Transition | AU25: 3 - Suburban | AV25: 4 - Urban | AW25: 5 - CBD-Like | BL25: Peak | BM25: FTGROUP | BN25: 1 - Rural | BO25: 2 - Transition | BP25: 3 - Suburban | BQ25: 4 - Urban | BR25: 5 - CBD-Like | CV25: Peak | CW25: FTGROUP | CX25: 1 - Rural | CY25: 2 - Transition | CZ25: 3 - Suburban | DA25: 4 - Urban | DB25: 5 - CBD-Like
B26: 1 | C26: 0.76 | D26: 0.66 | E26: 0.63 | F26: 0.61 | G26: 0.54 | W26: 1 | X26: 0.76 | Y26: 0.66 | Z26: 0.63 | AA26: 0.61 | AB26: 0.54 | AR26: 1 | AS26: 0.76 | AT26: 0.66 | AU26: 0.63 | AV26: 0.61 | AW26: 0.54 | BM26: 1 | BN26: 0.56 | BO26: 0.59 | BP26: 0.63 | BQ26: 0.66 | BR26: 0.54 | CW26: 1 | CY26: 0.59 | CZ26: 0.63 | DA26: 0.66 | DB26: 0.54
B27: 2 | C27: 0.82 | D27: 0.74 | E27: 0.67 | F27: 0.6 | G27: 0.53 | W27: 2 | X27: 0.82 | Y27: 0.74 | Z27: 0.67 | AA27: 0.6 | AB27: 0.53 | AR27: 2 | AS27: 0.82 | AT27: 0.74 | AU27: 0.67 | AV27: 0.6 | AW27: 0.53 | BM27: 2 | BN27: 0.61 | BO27: 0.74 | BP27: 0.63 | BQ27: 0.6 | BR27: 0.53 | CW27: 2 | CY27: 0.74 | CZ27: 0.63 | DA27: 0.6 | DB27: 0.53
B28: 3 | C28: 0.86 | D28: 0.77 | E28: 0.67 | F28: 0.57 | G28: 0.5 | W28: 3 | X28: 0.86 | Y28: 0.77 | Z28: 0.67 | AA28: 0.57 | AB28: 0.5 | AR28: 3 | AS28: 0.86 | AT28: 0.78 | AU28: 0.65 | AV28: 0.58 | AW28: 0.5 | BM28: 3 | BN28: 0.91 | BO28: 0.78 | BP28: 0.58 | BQ28: 0.58 | BR28: 0.5 | CW28: 3 | CX28: 0.91 | CY28: 0.78 | CZ28: 0.58 | DA28: 0.58 | DB28: 0.5
B29: 4 | C29: 0.5 | D29: 0.54 | E29: 0.66 | F29: 0.76 | G29: 0.79 | W29: 4 | X29: 0.5 | Y29: 0.54 | Z29: 0.66 | AA29: 0.78 | AB29: 0.78 | AR29: 4 | AS29: 0.5 | AT29: 0.53 | AU29: 0.68 | AV29: 0.77 | AW29: 0.78 | BM29: 4 | BN29: 0.53 | BO29: 0.51 | BP29: 0.85 | BQ29: 0.58 | BR29: 0.6 | CW29: 4 | CY29: 0.51 | CZ29: 0.85 | DA29: 0.58
B30: 5 | C30: 0.61 | D30: 0.63 | E30: 0.72 | F30: 0.82 | G30: 0.86 | W30: 5 | X30: 0.64 | Y30: 0.63 | Z30: 0.72 | AA30: 0.82 | AB30: 0.86 | AR30: 5 | AS30: 0.63 | AT30: 0.64 | AU30: 0.71 | AV30: 0.83 | AW30: 0.86 | BM30: 5 | BN30: 0.63 | BO30: 0.64 | BP30: 0.67 | BQ30: 0.83 | BR30: 0.83 | CW30: 5 | CY30: 0.64 | CZ30: 0.67 | DA30: 0.83
